"ID","DATA_ACCIDENT",ANY_ACCIDENT,MES_ACCIDENT,"DIA_SETMANA_ACCIDENT","HORA_ACCIDENT","TIPUS_ACCIDENT",N_IMPLICATS,"ZONA","CODI_ENS","NOM_ENS","TRAM_HORARI",LATITUD,LONGITUD,"PUNT_ACCIDENT"
"1/2008","2008-01-01","2008","1","Dimarts","08:25:00","Sortida de via amb caiguda, bolcada, xoc","1","Zona Desconeguda","818460009","Ajuntament de Rubí","Matí (06 a 14)",,,
"3/2008","2008-01-01","2008","1","Dimarts","19:00:00","Xoc sense sortida de via","1","Centre","818460009","Ajuntament de Rubí","Tarda (14 a 22)","41.4860913449","2.0324431247","MULTILINESTRING ((419227.1817676267 4593171.955606657, 419227.3566901691 4593171.858642208))"
"3/2008","2008-01-01","2008","1","Dimarts","19:00:00","Xoc sense sortida de via","1","Centre","818460009","Ajuntament de Rubí","Tarda (14 a 22)",,,
"5/2008","2008-01-02","2008","1","Dimecres","15:00:00","Xoc sense sortida de via","2","Sector Z","818460009","Ajuntament de Rubí","Tarda (14 a 22)",,,
"4/2008","2008-01-02","2008","1","Dimecres","15:25:00","Envestida","2","Centre","818460009","Ajuntament de Rubí","Tarda (14 a 22)","41.49499725","2.0360734032","MULTILINESTRING ((419541.25572026696 4594157.244790481, 419541.45169368916 4594157.2847206425))"
"4/2008","2008-01-02","2008","1","Dimecres","15:25:00","Envestida","2","Centre","818460009","Ajuntament de Rubí","Tarda (14 a 22)",,,
"6/2008","2008-01-02","2008","1","Dimecres","16:00:00","Fregament negatiu (mateix sentit)","1","Plana del Castell","818460009","Ajuntament de Rubí","Tarda (14 a 22)",,,
"7/2008","2008-01-03","2008","1","Dijous","07:50:00","Xoc sense sortida de via","2","Ca n'Oriol","818460009","Ajuntament de Rubí","Matí (06 a 14)",,,
"8/2008","2008-01-04","2008","1","Divendres","06:35:00","Atropellament","2","El Progrés - Rubí 2000","818460009","Ajuntament de Rubí","Matí (06 a 14)",,,
"11/2008","2008-01-05","2008","1","Dissabte","19:05:00","Encalç","2","Ca n'Oriol","818460009","Ajuntament de Rubí","Tarda (14 a 22)","41.4981211636","2.0425858778","MULTILINESTRING ((420088.8685041889 4594498.112582041, 420088.72033891856 4594497.978242722))"
"11/2008","2008-01-05","2008","1","Dissabte","19:05:00","Encalç","2","Ca n'Oriol","818460009","Ajuntament de Rubí","Tarda (14 a 22)",,,
"10/2008","2008-01-07","2008","1","Dilluns","08:35:00","Envestida","1","Zona Desconeguda","818460009","Ajuntament de Rubí","Matí (06 a 14)",,,
"9/2008","2008-01-07","2008","1","Dilluns","14:00:00","Envestida","2","Zona Nord - La Serreta","818460009","Ajuntament de Rubí","Tarda (14 a 22)",,,
"13/2008","2008-01-08","2008","1","Dimarts","07:00:00","Envestida","2","Can Fatjó","818460009","Ajuntament de Rubí","Matí (06 a 14)",,,
"12/2008","2008-01-08","2008","1","Dimarts","11:30:00","Xoc sense sortida de via","1","Centre","818460009","Ajuntament de Rubí","Matí (06 a 14)","41.4915390009","2.0294057811","MULTILINESTRING ((418980.39489989134 4593779.534631358, 418980.59179985506 4593779.569708477))"
"12/2008","2008-01-08","2008","1","Dimarts","11:30:00","Xoc sense sortida de via","1","Centre","818460009","Ajuntament de Rubí","Matí (06 a 14)",,,
"15/2008","2008-01-09","2008","1","Dimecres","07:00:00","Encalç","2","Centre","818460009","Ajuntament de Rubí","Matí (06 a 14)","41.4966495386","2.0309105819","MULTILINESTRING ((419112.4550183964 4594345.421012999, 419112.4759245283 4594345.619917332))"
"15/2008","2008-01-09","2008","1","Dimecres","07:00:00","Encalç","2","Centre","818460009","Ajuntament de Rubí","Matí (06 a 14)",,,
"16/2008","2008-01-09","2008","1","Dimecres","07:00:00","Encalç","2","Centre","818460009","Ajuntament de Rubí","Matí (06 a 14)","41.4966495386","2.0309105819","MULTILINESTRING ((419112.4550183964 4594345.421012999, 419112.4759245283 4594345.619917332))"
"16/2008","2008-01-09","2008","1","Dimecres","07:00:00","Encalç","2","Centre","818460009","Ajuntament de Rubí","Matí (06 a 14)",,,
"14/2008","2008-01-09","2008","1","Dimecres","13:45:00","Fregament negatiu (mateix sentit)","2","Zona Desconeguda","818460009","Ajuntament de Rubí","Matí (06 a 14)",,,
"17/2008","2008-01-09","2008","1","Dimecres","18:15:00","Atropellament","2","Zona Desconeguda","818460009","Ajuntament de Rubí","Tarda (14 a 22)",,,
"18/2008","2008-01-09","2008","1","Dimecres","18:20:00","Xoc sense sortida de via","1","Centre","818460009","Ajuntament de Rubí","Tarda (14 a 22)",,,
"19/2008","2008-01-12","2008","1","Dissabte","22:50:00","Fregament positiu (diferent sentit)","2","El Mercat","818460009","Ajuntament de Rubí","Nit (22 a 06)","41.4868152457","2.0378818079","MULTILINESTRING ((419682.1069002691 4593247.255298545, 419682.2851003588 4593247.164498059))"
"19/2008","2008-01-12","2008","1","Dissabte","22:50:00","Fregament positiu (diferent sentit)","2","El Mercat","818460009","Ajuntament de Rubí","Nit (22 a 06)",,,
"20/2008","2008-01-13","2008","1","Diumenge","05:30:00","Sortida de via amb caiguda, bolcada, xoc","1","Sector Z","818460009","Ajuntament de Rubí","Nit (22 a 06)",,,
"21/2008","2008-01-13","2008","1","Diumenge","09:45:00","Sortida de via amb caiguda, bolcada, xoc","1","Zona Desconeguda","818460009","Ajuntament de Rubí","Matí (06 a 14)",,,
"23/2008","2008-01-14","2008","1","Dilluns","08:55:00","Xoc sense sortida de via","1","El Mercat","818460009","Ajuntament de Rubí","Matí (06 a 14)","41.4877129676","2.0371931584","MULTILINESTRING ((419625.8601600585 4593347.605431988, 419625.7724800779 4593347.425675984))"
"23/2008","2008-01-14","2008","1","Dilluns","08:55:00","Xoc sense sortida de via","1","El Mercat","818460009","Ajuntament de Rubí","Matí (06 a 14)",,,
"22/2008","2008-01-14","2008","1","Dilluns","10:30:00","Xoc sense sortida de via","2","El Mercat","818460009","Ajuntament de Rubí","Matí (06 a 14)",,,
"25/2008","2008-01-15","2008","1","Dimarts","09:10:00","Envestida","2","Centre","818460009","Ajuntament de Rubí","Matí (06 a 14)",,,
"28/2008","2008-01-15","2008","1","Dimarts","10:08:00","Xoc sense sortida de via","1","Zona Nord - La Serreta","818460009","Ajuntament de Rubí","Matí (06 a 14)",,,
"26/2008","2008-01-15","2008","1","Dimarts","14:50:00","Xoc sense sortida de via","1","Ca n'Oriol","818460009","Ajuntament de Rubí","Tarda (14 a 22)",,,
"27/2008","2008-01-15","2008","1","Dimarts","15:50:00","Col·lisió frontal","2","Centre","818460009","Ajuntament de Rubí","Tarda (14 a 22)",,,
"24/2008","2008-01-15","2008","1","Dimarts","18:30:00","Fregament positiu (diferent sentit)","2","Ca n'Oriol","818460009","Ajuntament de Rubí","Tarda (14 a 22)",,,
"30/2008","2008-01-16","2008","1","Dimecres","07:40:00","Xoc sense sortida de via","1","Centre","818460009","Ajuntament de Rubí","Matí (06 a 14)","41.4930708805","2.0310079048","MULTILINESTRING ((419116.13831534726 4593948.2230916135, 419116.13482046314 4593948.023122152))"
"30/2008","2008-01-16","2008","1","Dimecres","07:40:00","Xoc sense sortida de via","1","Centre","818460009","Ajuntament de Rubí","Matí (06 a 14)",,,
"29/2008","2008-01-16","2008","1","Dimecres","08:00:00","Xoc sense sortida de via","2","Centre","818460009","Ajuntament de Rubí","Matí (06 a 14)",,,
"31/2008","2008-01-17","2008","1","Dijous","07:55:00","Encalç","2","El Mercat","818460009","Ajuntament de Rubí","Matí (06 a 14)",,,
"33/2008","2008-01-17","2008","1","Dijous","15:45:00","Fregament negatiu (mateix sentit)","2","Les Torres","818460009","Ajuntament de Rubí","Tarda (14 a 22)",,,
"32/2008","2008-01-17","2008","1","Dijous","18:12:00","Encalç","2","Plana de Can Bertran","818460009","Ajuntament de Rubí","Tarda (14 a 22)",,,
"34/2008","2008-01-18","2008","1","Divendres","00:25:00","Encalç","2","Sector Z","818460009","Ajuntament de Rubí","Nit (22 a 06)",,,
"36/2008","2008-01-18","2008","1","Divendres","10:10:00","Atropellament","2","Plana de Can Bertran","818460009","Ajuntament de Rubí","Matí (06 a 14)","41.4925803722","2.0370510185","MULTILINESTRING ((419619.87259782257 4593888.061945703, 419620.0630304298 4593888.000827604))"
"36/2008","2008-01-18","2008","1","Divendres","10:10:00","Atropellament","2","Plana de Can Bertran","818460009","Ajuntament de Rubí","Matí (06 a 14)",,,
"35/2008","2008-01-18","2008","1","Divendres","20:40:00","Xoc sense sortida de via","1","Ca n'Oriol","818460009","Ajuntament de Rubí","Tarda (14 a 22)",,,
"37/2008","2008-01-21","2008","1","Dilluns","07:10:00","Atropellament","2","Zona Nord - La Serreta","818460009","Ajuntament de Rubí","Matí (06 a 14)",,,
"38/2008","2008-01-21","2008","1","Dilluns","12:20:00","Múltiple","5","Can Fatjó","818460009","Ajuntament de Rubí","Matí (06 a 14)",,,
"39/2008","2008-01-21","2008","1","Dilluns","19:54:00","Sortida de via amb caiguda, bolcada, xoc","2","El Mercat","818460009","Ajuntament de Rubí","Tarda (14 a 22)","41.4918404989","2.0382377379","MULTILINESTRING ((419718.0740834033 4593804.695897854, 419718.1542445378 4593804.879130473))"
"39/2008","2008-01-21","2008","1","Dilluns","19:54:00","Sortida de via amb caiguda, bolcada, xoc","2","El Mercat","818460009","Ajuntament de Rubí","Tarda (14 a 22)",,,
"41/2008","2008-01-22","2008","1","Dimarts","06:45:00","Col·lisió frontal","2","Can Barceló - Vallespark","818460009","Ajuntament de Rubí","Matí (06 a 14)",,,
"40/2008","2008-01-22","2008","1","Dimarts","11:00:00","Col·lisió frontal","2","Centre","818460009","Ajuntament de Rubí","Matí (06 a 14)",,,
"42/2008","2008-01-23","2008","1","Dimecres","05:45:00","Envestida","2","Sector Z","818460009","Ajuntament de Rubí","Nit (22 a 06)",,,
"45/2008","2008-01-23","2008","1","Dimecres","09:30:00","Altres (incendi, explosió, esllavissada, etc.)","1","Can Fatjó","818460009","Ajuntament de Rubí","Matí (06 a 14)",,,
"52/2008","2008-01-24","2008","1","Dijous","09:50:00","Envestida","2","Zona Desconeguda","818460009","Ajuntament de Rubí","Matí (06 a 14)",,,
"47/2008","2008-01-24","2008","1","Dijous","12:00:00","Envestida","2","Sector Z","818460009","Ajuntament de Rubí","Matí (06 a 14)",,,
"48/2008","2008-01-24","2008","1","Dijous","16:30:00","Fregament negatiu (mateix sentit)","2","Ca n'Alzamora","818460009","Ajuntament de Rubí","Tarda (14 a 22)",,,
"43/2008","2008-01-25","2008","1","Divendres","01:00:00","Encalç","2","Sector Z","818460009","Ajuntament de Rubí","Nit (22 a 06)",,,
"50/2008","2008-01-25","2008","1","Divendres","15:40:00","Envestida","2","Centre","818460009","Ajuntament de Rubí","Tarda (14 a 22)",,,
"57/2008","2008-01-25","2008","1","Divendres","18:45:00","Xoc sense sortida de via","2","El Mercat","818460009","Ajuntament de Rubí","Tarda (14 a 22)",,,
"51/2008","2008-01-25","2008","1","Divendres","21:30:00","Encalç","3","El Mercat","818460009","Ajuntament de Rubí","Tarda (14 a 22)","41.4883460248","2.0395739567","MULTILINESTRING ((419825.3893625634 4593415.498085036, 419825.30245008453 4593415.678213383))"
"51/2008","2008-01-25","2008","1","Divendres","21:30:00","Encalç","3","El Mercat","818460009","Ajuntament de Rubí","Tarda (14 a 22)",,,
"53/2008","2008-01-25","2008","1","Divendres","21:35:00","Envestida","2","Centre","818460009","Ajuntament de Rubí","Tarda (14 a 22)",,,
"44/2008","2008-01-26","2008","1","Dissabte","05:20:00","Simple","2","Zona Nord - La Serreta","818460009","Ajuntament de Rubí","Nit (22 a 06)","41.4952975963","2.0341498879","MULTILINESTRING ((419381.12059334374 4594192.313667625, 419381.21755779174 4594192.488590168))"
"44/2008","2008-01-26","2008","1","Dissabte","05:20:00","Simple","2","Zona Nord - La Serreta","818460009","Ajuntament de Rubí","Nit (22 a 06)",,,
"49/2008","2008-01-26","2008","1","Dissabte","15:00:00","Encalç","2","Ca n'Oriol","818460009","Ajuntament de Rubí","Tarda (14 a 22)",,,
"54/2008","2008-01-27","2008","1","Diumenge","16:20:00","Envestida","2","Zona Nord - La Serreta","818460009","Ajuntament de Rubí","Tarda (14 a 22)",,,
"46/2008","2008-01-28","2008","1","Dilluns","13:30:00","Fregament positiu (diferent sentit)","2","Plana de Can Bertran","818460009","Ajuntament de Rubí","Matí (06 a 14)",,,
"55/2008","2008-01-28","2008","1","Dilluns","17:02:00","Atropellament","2","Centre","818460009","Ajuntament de Rubí","Tarda (14 a 22)",,,
"56/2008","2008-01-29","2008","1","Dimarts","08:20:00","Encalç","2","Centre","818460009","Ajuntament de Rubí","Matí (06 a 14)",,,
"60/2008","2008-01-29","2008","1","Dimarts","11:00:00","Col·lisió frontal","2","Zona Nord - La Serreta","818460009","Ajuntament de Rubí","Matí (06 a 14)",,,
"58/2008","2008-01-30","2008","1","Dimecres","00:15:00","Sortida de via amb caiguda, bolcada, xoc","1","Ca n'Alzamora","818460009","Ajuntament de Rubí","Nit (22 a 06)","41.4794656805","2.0343597201","MULTILINESTRING ((419379.08588101005 4592434.436340078, 419379.0300413468 4592434.62838677))"
"58/2008","2008-01-30","2008","1","Dimecres","00:15:00","Sortida de via amb caiguda, bolcada, xoc","1","Ca n'Alzamora","818460009","Ajuntament de Rubí","Nit (22 a 06)",,,
"59/2008","2008-01-30","2008","1","Dimecres","08:30:00","Fregament negatiu (mateix sentit)","2","Can Rosés","818460009","Ajuntament de Rubí","Matí (06 a 14)",,,
"61/2008","2008-01-31","2008","1","Dijous","02:55:00","Xoc sense sortida de via","3","Centre","818460009","Ajuntament de Rubí","Nit (22 a 06)",,,
"62/2008","2008-02-01","2008","2","Divendres","10:30:00","Sortida de via amb caiguda, bolcada, xoc","1","Sant Muç","818460009","Ajuntament de Rubí","Matí (06 a 14)",,,
"63/2008","2008-02-02","2008","2","Dissabte","02:40:00","Xoc sense sortida de via","2","Centre","818460009","Ajuntament de Rubí","Nit (22 a 06)","41.4941719911","2.0335792489","MULTILINESTRING ((419332.1863985457 4594068.056599731, 419332.09559806087 4594067.878399641))"
"63/2008","2008-02-02","2008","2","Dissabte","02:40:00","Xoc sense sortida de via","2","Centre","818460009","Ajuntament de Rubí","Nit (22 a 06)",,,
"68/2008","2008-02-02","2008","2","Dissabte","03:50:00","Xoc sense sortida de via","1","Zona Desconeguda","818460009","Ajuntament de Rubí","Nit (22 a 06)",,,
"71/2008","2008-02-02","2008","2","Dissabte","08:15:00","Fregament positiu (diferent sentit)","2","Zona Desconeguda","818460009","Ajuntament de Rubí","Matí (06 a 14)",,,
"64/2008","2008-02-02","2008","2","Dissabte","12:30:00","Fregament positiu (diferent sentit)","2","25 de Setembre","818460009","Ajuntament de Rubí","Matí (06 a 14)","41.4850256353","2.0408428453","MULTILINESTRING ((419927.11675487866 4593045.705489772, 419927.24987317144 4593045.8547530295))"
"64/2008","2008-02-02","2008","2","Dissabte","12:30:00","Fregament positiu (diferent sentit)","2","25 de Setembre","818460009","Ajuntament de Rubí","Matí (06 a 14)",,,
"65/2008","2008-02-02","2008","2","Dissabte","15:20:00","Encalç","2","Sant Muç","818460009","Ajuntament de Rubí","Tarda (14 a 22)",,,
"69/2008","2008-02-03","2008","2","Diumenge","07:30:00","Envestida","2","Plana de Can Bertran","818460009","Ajuntament de Rubí","Matí (06 a 14)",,,
"66/2008","2008-02-03","2008","2","Diumenge","19:40:00","Envestida","2","Centre","818460009","Ajuntament de Rubí","Tarda (14 a 22)",,,
"67/2008","2008-02-03","2008","2","Diumenge","20:30:00","Sortida de via amb caiguda, bolcada, xoc","1","Zona Desconeguda","818460009","Ajuntament de Rubí","Tarda (14 a 22)",,,
"70/2008","2008-02-04","2008","2","Dilluns","10:20:00","Encalç","4","Zona Desconeguda","818460009","Ajuntament de Rubí","Matí (06 a 14)",,,
"72/2008","2008-02-05","2008","2","Dimarts","20:50:00","Envestida","2","Centre","818460009","Ajuntament de Rubí","Tarda (14 a 22)",,,
"74/2008","2008-02-06","2008","2","Dimecres","19:30:00","Envestida","3","Ca n'Oriol","818460009","Ajuntament de Rubí","Tarda (14 a 22)","41.5000678796","2.0406056427","MULTILINESTRING ((419925.9620303726 4594716.088782433, 419925.8560404966 4594715.9191765785))"
"74/2008","2008-02-06","2008","2","Dimecres","19:30:00","Envestida","3","Ca n'Oriol","818460009","Ajuntament de Rubí","Tarda (14 a 22)",,,
"73/2008","2008-02-06","2008","2","Dimecres","19:35:00","Sortida de via amb caiguda, bolcada, xoc","2","Centre","818460009","Ajuntament de Rubí","Tarda (14 a 22)",,,
"75/2008","2008-02-07","2008","2","Dijous","10:20:00","Xoc sense sortida de via","2","Centre","818460009","Ajuntament de Rubí","Matí (06 a 14)",,,
"76/2008","2008-02-08","2008","2","Divendres","07:45:00","Envestida","2","Zona Desconeguda","818460009","Ajuntament de Rubí","Matí (06 a 14)",,,
"78/2008","2008-02-09","2008","2","Dissabte","05:50:00","Xoc sense sortida de via","1","Can Ximelis - D4","818460009","Ajuntament de Rubí","Nit (22 a 06)",,,
"79/2008","2008-02-10","2008","2","Diumenge","16:56:00","Envestida","2","Centre","818460009","Ajuntament de Rubí","Tarda (14 a 22)",,,
"77/2008","2008-02-11","2008","2","Dilluns","12:20:00","Fregament negatiu (mateix sentit)","2","Can Vallhonrat","818460009","Ajuntament de Rubí","Matí (06 a 14)","41.4741889365","2.0311625954","MULTILINESTRING ((419105.6664662536 4591851.686061168, 419105.4665883382 4591851.693048223))"
"77/2008","2008-02-11","2008","2","Dilluns","12:20:00","Fregament negatiu (mateix sentit)","2","Can Vallhonrat","818460009","Ajuntament de Rubí","Matí (06 a 14)",,,
"80/2008","2008-02-11","2008","2","Dilluns","21:45:00","Fregament negatiu (mateix sentit)","2","Plana de Can Bertran","818460009","Ajuntament de Rubí","Tarda (14 a 22)",,,
"81/2008","2008-02-12","2008","2","Dimarts","15:30:00","Xoc sense sortida de via","1","Zona Desconeguda","818460009","Ajuntament de Rubí","Tarda (14 a 22)",,,
"83/2008","2008-02-13","2008","2","Dimecres","13:00:00","Simple","2","Centre","818460009","Ajuntament de Rubí","Matí (06 a 14)",,,
"82/2008","2008-02-13","2008","2","Dimecres","16:00:00","Atropellament","2","Ca n'Oriol","818460009","Ajuntament de Rubí","Tarda (14 a 22)",,,
"84/2008","2008-02-14","2008","2","Dijous","14:15:00","Fregament negatiu (mateix sentit)","2","Centre","818460009","Ajuntament de Rubí","Tarda (14 a 22)",,,
"85/2008","2008-02-14","2008","2","Dijous","16:15:00","Envestida","2","Zona Nord - La Serreta","818460009","Ajuntament de Rubí","Tarda (14 a 22)",,,
"87/2008","2008-02-18","2008","2","Dilluns","09:10:00","Múltiple","3","Zona Desconeguda","818460009","Ajuntament de Rubí","Matí (06 a 14)",,,
"86/2008","2008-02-18","2008","2","Dilluns","09:45:00","Envestida","2","Zona Nord - La Serreta","818460009","Ajuntament de Rubí","Matí (06 a 14)","41.4948157961","2.038359038","MULTILINESTRING ((419731.9169011865 4594134.895366689, 419731.90930158197 4594135.0952222515))"
"86/2008","2008-02-18","2008","2","Dilluns","09:45:00","Envestida","2","Zona Nord - La Serreta","818460009","Ajuntament de Rubí","Matí (06 a 14)",,,
"90/2008","2008-02-19","2008","2","Dimarts","12:20:00","Envestida","2","Zona Desconeguda","818460009","Ajuntament de Rubí","Matí (06 a 14)",,,
"89/2008","2008-02-19","2008","2","Dimarts","15:50:00","Xoc sense sortida de via","1","Zona Nord - La Serreta","818460009","Ajuntament de Rubí","Tarda (14 a 22)",,,
"88/2008","2008-02-19","2008","2","Dimarts","19:00:00","Atropellament","2","Can Fatjó","818460009","Ajuntament de Rubí","Tarda (14 a 22)","41.4888660601","2.027346015","MULTILINESTRING ((418805.204537266 4593484.830920085, 418805.2282163545 4593484.63232678))"
"88/2008","2008-02-19","2008","2","Dimarts","19:00:00","Atropellament","2","Can Fatjó","818460009","Ajuntament de Rubí","Tarda (14 a 22)",,,
"91/2008","2008-02-20","2008","2","Dimecres","09:10:00","Col·lisió frontal","2","Zona Nord - La Serreta","818460009","Ajuntament de Rubí","Matí (06 a 14)","41.5013604064","2.033335822","MULTILINESTRING ((419320.71667528007 4594866.164044856, 419320.7714670403 4594866.356393143))"
"91/2008","2008-02-20","2008","2","Dimecres","09:10:00","Col·lisió frontal","2","Zona Nord - La Serreta","818460009","Ajuntament de Rubí","Matí (06 a 14)",,,
"92/2008","2008-02-20","2008","2","Dimecres","14:00:00","Encalç","4","Zona Desconeguda","818460009","Ajuntament de Rubí","Tarda (14 a 22)",,,
"93/2008","2008-02-21","2008","2","Dijous","11:50:00","Envestida","2","Centre","818460009","Ajuntament de Rubí","Matí (06 a 14)","41.4944741969","2.0315841287","MULTILINESTRING ((419165.9771300823 4594103.28193483, 419165.9841067765 4594103.481813108))"
"93/2008","2008-02-21","2008","2","Dijous","11:50:00","Envestida","2","Centre","818460009","Ajuntament de Rubí","Matí (06 a 14)",,,
"95/2008","2008-02-21","2008","2","Dijous","17:30:00","Fregament negatiu (mateix sentit)","2","Centre","818460009","Ajuntament de Rubí","Tarda (14 a 22)",,,
"94/2008","2008-02-22","2008","2","Divendres","18:15:00","Atropellament","3","Centre","818460009","Ajuntament de Rubí","Tarda (14 a 22)",,,
"98/2008","2008-02-23","2008","2","Dissabte","09:45:00","Envestida","2","Els Avets","818460009","Ajuntament de Rubí","Matí (06 a 14)",,,
"100/2008","2008-02-23","2008","2","Dissabte","16:00:00","Sortida de via amb caiguda, bolcada, xoc","1","Zona Desconeguda","818460009","Ajuntament de Rubí","Tarda (14 a 22)",,,
"97/2008","2008-02-23","2008","2","Dissabte","16:15:00","Encalç","2","Zona Desconeguda","818460009","Ajuntament de Rubí","Tarda (14 a 22)",,,
"96/2008","2008-02-24","2008","2","Diumenge","18:45:00","Sortida de via amb caiguda, bolcada, xoc","1","Zona Desconeguda","818460009","Ajuntament de Rubí","Tarda (14 a 22)",,,
"99/2008","2008-02-25","2008","2","Dilluns","11:45:00","Envestida","2","Centre","818460009","Ajuntament de Rubí","Matí (06 a 14)",,,
"104/2008","2008-02-26","2008","2","Dimarts","07:00:00","Altres (incendi, explosió, esllavissada, etc.)","1","Can Vallhonrat","818460009","Ajuntament de Rubí","Matí (06 a 14)","41.4741889365","2.0311625954","MULTILINESTRING ((419105.6664662536 4591851.686061168, 419105.4665883382 4591851.693048223))"
"104/2008","2008-02-26","2008","2","Dimarts","07:00:00","Altres (incendi, explosió, esllavissada, etc.)","1","Can Vallhonrat","818460009","Ajuntament de Rubí","Matí (06 a 14)",,,
"103/2008","2008-02-26","2008","2","Dimarts","16:05:00","Atropellament","2","El Mercat","818460009","Ajuntament de Rubí","Tarda (14 a 22)",,,
"101/2008","2008-02-26","2008","2","Dimarts","18:13:00","Altres (incendi, explosió, esllavissada, etc.)","1","Can Fatjó","818460009","Ajuntament de Rubí","Tarda (14 a 22)",,,
"102/2008","2008-02-26","2008","2","Dimarts","20:35:00","Envestida","2","Zona Nord - La Serreta","818460009","Ajuntament de Rubí","Tarda (14 a 22)","41.4996841041","2.032338417","MULTILINESTRING ((419235.44831853395 4594681.180844938, 419235.38219137845 4594680.992093252))"
"102/2008","2008-02-26","2008","2","Dimarts","20:35:00","Envestida","2","Zona Nord - La Serreta","818460009","Ajuntament de Rubí","Tarda (14 a 22)",,,
"106/2008","2008-02-27","2008","2","Dimecres","15:35:00","Envestida","2","El Progrés - Rubí 2000","818460009","Ajuntament de Rubí","Tarda (14 a 22)",,,
"105/2008","2008-02-27","2008","2","Dimecres","16:15:00","Atropellament","2","Centre","818460009","Ajuntament de Rubí","Tarda (14 a 22)","41.4931411342","2.0353373389","MULTILINESTRING ((419477.54191327107 4593951.81389789, 419477.68818436144 4593951.950297187))"
"105/2008","2008-02-27","2008","2","Dimecres","16:15:00","Atropellament","2","Centre","818460009","Ajuntament de Rubí","Tarda (14 a 22)",,,
"107/2008","2008-02-28","2008","2","Dijous","13:15:00","Encalç","4","Zona Desconeguda","818460009","Ajuntament de Rubí","Matí (06 a 14)",,,
"108/2008","2008-03-02","2008","3","Diumenge","18:15:00","Encalç","2","Plana de Can Bertran","818460009","Ajuntament de Rubí","Tarda (14 a 22)",,,
"109/2008","2008-03-04","2008","3","Dimarts","14:32:00","Atropellament","2","Les Torres","818460009","Ajuntament de Rubí","Tarda (14 a 22)",,,
"110/2008","2008-03-04","2008","3","Dimarts","14:45:00","Encalç","2","Sector Z","818460009","Ajuntament de Rubí","Tarda (14 a 22)",,,
"111/2008","2008-03-05","2008","3","Dimecres","00:00:00","Múltiple","4","El Mercat","818460009","Ajuntament de Rubí","Nit (22 a 06)","41.4918404989","2.0382377379","MULTILINESTRING ((419718.0740834033 4593804.695897854, 419718.1542445378 4593804.879130473))"
"111/2008","2008-03-05","2008","3","Dimecres","00:00:00","Múltiple","4","El Mercat","818460009","Ajuntament de Rubí","Nit (22 a 06)",,,
"112/2008","2008-03-05","2008","3","Dimecres","11:00:00","Fregament positiu (diferent sentit)","2","Centre","818460009","Ajuntament de Rubí","Matí (06 a 14)","41.4958348845","2.0322351448","MULTILINESTRING ((419222.07682471373 4594253.7618243825, 419221.9482662848 4594253.91503251))"
"112/2008","2008-03-05","2008","3","Dimecres","11:00:00","Fregament positiu (diferent sentit)","2","Centre","818460009","Ajuntament de Rubí","Matí (06 a 14)",,,
"113/2008","2008-03-05","2008","3","Dimecres","15:35:00","Fregament negatiu (mateix sentit)","2","Ca n'Oriol","818460009","Ajuntament de Rubí","Tarda (14 a 22)","41.4960478975","2.0391055095","MULTILINESTRING ((419795.7449873669 4594270.991801853, 419795.73868315597 4594271.191702471))"
"113/2008","2008-03-05","2008","3","Dimecres","15:35:00","Fregament negatiu (mateix sentit)","2","Ca n'Oriol","818460009","Ajuntament de Rubí","Tarda (14 a 22)",,,
"114/2008","2008-03-06","2008","3","Dijous","12:50:00","Envestida","2","Zona Desconeguda","818460009","Ajuntament de Rubí","Matí (06 a 14)",,,
"118/2008","2008-03-07","2008","3","Divendres","18:15:00","Altres (incendi, explosió, esllavissada, etc.)","1","Can Fatjó","818460009","Ajuntament de Rubí","Tarda (14 a 22)",,,
"119/2008","2008-03-07","2008","3","Divendres","19:00:00","Encalç","2","Zona Nord - La Serreta","818460009","Ajuntament de Rubí","Tarda (14 a 22)",,,
"115/2008","2008-03-07","2008","3","Divendres","19:30:00","Encalç","3","Zona Desconeguda","818460009","Ajuntament de Rubí","Tarda (14 a 22)",,,
"117/2008","2008-03-08","2008","3","Dissabte","10:20:00","Sortida de via amb caiguda, bolcada, xoc","3","Zona Desconeguda","818460009","Ajuntament de Rubí","Matí (06 a 14)",,,
"124/2008","2008-03-08","2008","3","Dissabte","23:53:00","Envestida","1","25 de Setembre","818460009","Ajuntament de Rubí","Nit (22 a 06)",,,
"122/2008","2008-03-09","2008","3","Diumenge","10:30:00","Envestida","1","Ca n'Alzamora","818460009","Ajuntament de Rubí","Matí (06 a 14)","41.4814288069","2.0343714016","MULTILINESTRING ((419382.551614454 4592652.52166377, 419382.3813192719 4592652.416785024))"
"122/2008","2008-03-09","2008","3","Diumenge","10:30:00","Envestida","1","Ca n'Alzamora","818460009","Ajuntament de Rubí","Matí (06 a 14)",,,
"116/2008","2008-03-09","2008","3","Diumenge","17:00:00","Xoc sense sortida de via","2","El Progrés - Rubí 2000","818460009","Ajuntament de Rubí","Tarda (14 a 22)",,,
"120/2008","2008-03-10","2008","3","Dilluns","14:48:00","Envestida","2","Centre","818460009","Ajuntament de Rubí","Tarda (14 a 22)",,,
"121/2008","2008-03-10","2008","3","Dilluns","19:00:00","Encalç","3","Plana de Can Bertran","818460009","Ajuntament de Rubí","Tarda (14 a 22)","41.490773378","2.0386248097","MULTILINESTRING ((419749.11082899256 4593685.855518689, 419749.1047053232 4593686.055424918))"
"121/2008","2008-03-10","2008","3","Dilluns","19:00:00","Encalç","3","Plana de Can Bertran","818460009","Ajuntament de Rubí","Tarda (14 a 22)",,,
"123/2008","2008-03-11","2008","3","Dimarts","05:40:00","Sortida de via amb caiguda, bolcada, xoc","1","Centre","818460009","Ajuntament de Rubí","Nit (22 a 06)","41.4904200815","2.0312275968","MULTILINESTRING ((419131.1675183961 4593653.523913, 419131.1884245282 4593653.722817332))"
"123/2008","2008-03-11","2008","3","Dimarts","05:40:00","Sortida de via amb caiguda, bolcada, xoc","1","Centre","818460009","Ajuntament de Rubí","Nit (22 a 06)",,,
"126/2008","2008-03-11","2008","3","Dimarts","05:40:00","Envestida","2","Zona Desconeguda","818460009","Ajuntament de Rubí","Nit (22 a 06)",,,
"125/2008","2008-03-11","2008","3","Dimarts","08:00:00","Atropellament","3","Les Torres","818460009","Ajuntament de Rubí","Matí (06 a 14)",,,
"127/2008","2008-03-11","2008","3","Dimarts","15:20:00","Sortida de via amb caiguda, bolcada, xoc","1","Can Ximelis - D4","818460009","Ajuntament de Rubí","Tarda (14 a 22)",,,
"139/2008","2008-03-11","2008","3","Dimarts","18:40:00","Sortida de via amb caiguda, bolcada, xoc","1","Zona Desconeguda","818460009","Ajuntament de Rubí","Tarda (14 a 22)",,,
"128/2008","2008-03-12","2008","3","Dimecres","21:00:00","Xoc sense sortida de via","1","Can Serrafossà - La Perla","818460009","Ajuntament de Rubí","Tarda (14 a 22)",,,
"130/2008","2008-03-13","2008","3","Dijous","07:25:00","Col·lisió frontal","2","Zona Desconeguda","818460009","Ajuntament de Rubí","Matí (06 a 14)",,,
"131/2008","2008-03-13","2008","3","Dijous","12:00:00","Xoc sense sortida de via","1","Centre","818460009","Ajuntament de Rubí","Matí (06 a 14)","41.4896954226","2.0335800733","MULTILINESTRING ((419326.5621435203 4593570.937933107, 419326.74885802687 4593571.009610808))"
"131/2008","2008-03-13","2008","3","Dijous","12:00:00","Xoc sense sortida de via","1","Centre","818460009","Ajuntament de Rubí","Matí (06 a 14)",,,
"129/2008","2008-03-13","2008","3","Dijous","22:00:00","Múltiple","3","Ca n'Oriol","818460009","Ajuntament de Rubí","Nit (22 a 06)","41.4952383521","2.0386233543","MULTILINESTRING ((419754.494233737 4594181.762501979, 419754.5005783158 4594181.562602638))"
"129/2008","2008-03-13","2008","3","Dijous","22:00:00","Múltiple","3","Ca n'Oriol","818460009","Ajuntament de Rubí","Nit (22 a 06)",,,
"132/2008","2008-03-14","2008","3","Divendres","07:45:00","Atropellament","2","Zona Nord - La Serreta","818460009","Ajuntament de Rubí","Matí (06 a 14)",,,
"134/2008","2008-03-15","2008","3","Dissabte","17:01:00","Fregament negatiu (mateix sentit)","2","Sector Z","818460009","Ajuntament de Rubí","Tarda (14 a 22)",,,
"136/2008","2008-03-16","2008","3","Diumenge","04:20:00","Xoc sense sortida de via","4","El Progrés - Rubí 2000","818460009","Ajuntament de Rubí","Nit (22 a 06)","41.4860650134","2.0339203575","MULTILINESTRING ((419350.5399904351 4593167.5069753295, 419350.57815391355 4593167.703300441))"
"136/2008","2008-03-16","2008","3","Diumenge","04:20:00","Xoc sense sortida de via","4","El Progrés - Rubí 2000","818460009","Ajuntament de Rubí","Nit (22 a 06)",,,
"141/2008","2008-03-16","2008","3","Diumenge","13:31:00","Col·lisió frontal","3","Castellnou - Can Mir","818460009","Ajuntament de Rubí","Matí (06 a 14)","41.5332573973","1.997384093","MULTILINESTRING ((416361.16030574474 4598441.7795471465, 416361.24110765976 4598441.596596195))"
"141/2008","2008-03-16","2008","3","Diumenge","13:31:00","Col·lisió frontal","3","Castellnou - Can Mir","818460009","Ajuntament de Rubí","Matí (06 a 14)",,,
"133/2008","2008-03-16","2008","3","Diumenge","16:30:00","Col·lisió frontal","2","Ca n'Oriol","818460009","Ajuntament de Rubí","Tarda (14 a 22)","41.4977172564","2.0384882105","MULTILINESTRING ((419746.2739368332 4594457.098431322, 419746.2805824444 4594456.898541763))"
"133/2008","2008-03-16","2008","3","Diumenge","16:30:00","Col·lisió frontal","2","Ca n'Oriol","818460009","Ajuntament de Rubí","Tarda (14 a 22)",,,
"135/2008","2008-03-16","2008","3","Diumenge","20:15:00","Sortida de via amb caiguda, bolcada, xoc","1","Sant Muç","818460009","Ajuntament de Rubí","Tarda (14 a 22)",,,
"138/2008","2008-03-17","2008","3","Dilluns","06:50:00","Col·lisió frontal","2","Sector Z","818460009","Ajuntament de Rubí","Matí (06 a 14)",,,
"137/2008","2008-03-17","2008","3","Dilluns","16:50:00","Encalç","2","Centre","818460009","Ajuntament de Rubí","Tarda (14 a 22)","41.4905876633","2.035061284","MULTILINESTRING ((419451.46153037227 4593668.565617569, 419451.3555404962 4593668.735223421))"
"137/2008","2008-03-17","2008","3","Dilluns","16:50:00","Encalç","2","Centre","818460009","Ajuntament de Rubí","Tarda (14 a 22)",,,
"140/2008","2008-03-18","2008","3","Dimarts","04:10:00","Envestida","2","Zona Desconeguda","818460009","Ajuntament de Rubí","Nit (22 a 06)",,,
"142/2008","2008-03-21","2008","3","Divendres","19:10:00","Envestida","2","Plana del Castell","818460009","Ajuntament de Rubí","Tarda (14 a 22)",,,
"143/2008","2008-03-22","2008","3","Dissabte","09:00:00","Xoc sense sortida de via","2","Can Fatjó","818460009","Ajuntament de Rubí","Matí (06 a 14)","41.4878417511","2.0272554952","MULTILINESTRING ((418796.4120482943 4593371.001900727, 418796.3494977257 4593371.1918676365))"
"143/2008","2008-03-22","2008","3","Dissabte","09:00:00","Xoc sense sortida de via","2","Can Fatjó","818460009","Ajuntament de Rubí","Matí (06 a 14)",,,
"144/2008","2008-03-22","2008","3","Dissabte","20:40:00","Envestida","2","Les Torres","818460009","Ajuntament de Rubí","Tarda (14 a 22)",,,
"145/2008","2008-03-23","2008","3","Diumenge","10:30:00","Fregament positiu (diferent sentit)","2","Castellnou - Can Mir","818460009","Ajuntament de Rubí","Matí (06 a 14)","41.5296149409","1.9972198245","MULTILINESTRING ((416342.86748323974 4598037.377557842, 416342.7405443196 4598037.532110456))"
"145/2008","2008-03-23","2008","3","Diumenge","10:30:00","Fregament positiu (diferent sentit)","2","Castellnou - Can Mir","818460009","Ajuntament de Rubí","Matí (06 a 14)",,,
"147/2008","2008-03-24","2008","3","Dilluns","20:15:00","Fregament negatiu (mateix sentit)","2","El Mercat","818460009","Ajuntament de Rubí","Tarda (14 a 22)",,,
"146/2008","2008-03-24","2008","3","Dilluns","22:15:00","Encalç","2","Zona Nord - La Serreta","818460009","Ajuntament de Rubí","Nit (22 a 06)","41.4972037785","2.0321200694","MULTILINESTRING ((419214.1442668928 4594406.01535648, 419214.07258919056 4594405.828641974))"
"146/2008","2008-03-24","2008","3","Dilluns","22:15:00","Encalç","2","Zona Nord - La Serreta","818460009","Ajuntament de Rubí","Nit (22 a 06)",,,
"149/2008","2008-03-26","2008","3","Dimecres","07:00:00","Xoc sense sortida de via","1","Sant Muç","818460009","Ajuntament de Rubí","Matí (06 a 14)","41.5137170297","2.0115857789","MULTILINESTRING ((417521.01598655316 4596258.629251107, 417521.21574873757 4596258.639001475))"
"149/2008","2008-03-26","2008","3","Dimecres","07:00:00","Xoc sense sortida de via","1","Sant Muç","818460009","Ajuntament de Rubí","Matí (06 a 14)",,,
"150/2008","2008-03-26","2008","3","Dimecres","08:15:00","Col·lisió frontal","2","Castellnou - Can Mir","818460009","Ajuntament de Rubí","Matí (06 a 14)","41.5298622648","2.0018995614","MULTILINESTRING ((416733.4697361808 4598060.469358968, 416733.5988815744 4598060.316645289))"
"150/2008","2008-03-26","2008","3","Dimecres","08:15:00","Col·lisió frontal","2","Castellnou - Can Mir","818460009","Ajuntament de Rubí","Matí (06 a 14)",,,
"151/2008","2008-03-26","2008","3","Dimecres","09:00:00","Xoc sense sortida de via","1","Can Fatjó","818460009","Ajuntament de Rubí","Matí (06 a 14)",,,
"148/2008","2008-03-26","2008","3","Dimecres","17:10:00","Encalç","2","Can Ximelis - D4","818460009","Ajuntament de Rubí","Tarda (14 a 22)",,,
"153/2008","2008-03-26","2008","3","Dimecres","18:20:00","Envestida","2","Centre","818460009","Ajuntament de Rubí","Tarda (14 a 22)",,,
"152/2008","2008-03-27","2008","3","Dijous","05:20:00","Altres (incendi, explosió, esllavissada, etc.)","2","Centre","818460009","Ajuntament de Rubí","Nit (22 a 06)",,,
"154/2008","2008-03-27","2008","3","Dijous","13:30:00","Simple","2","Sant Jordi Parc","818460009","Ajuntament de Rubí","Matí (06 a 14)","41.4900868583","2.0212661229","MULTILINESTRING ((418299.16726642905 4593626.082693398, 418299.2519885722 4593625.901524532))"
"154/2008","2008-03-27","2008","3","Dijous","13:30:00","Simple","2","Sant Jordi Parc","818460009","Ajuntament de Rubí","Matí (06 a 14)",,,
"155/2008","2008-03-28","2008","3","Divendres","08:10:00","Xoc sense sortida de via","1","Centre","818460009","Ajuntament de Rubí","Matí (06 a 14)",,,
"158/2008","2008-03-28","2008","3","Divendres","12:40:00","Fregament negatiu (mateix sentit)","2","Sector Z","818460009","Ajuntament de Rubí","Matí (06 a 14)",,,
"159/2008","2008-03-28","2008","3","Divendres","13:35:00","Envestida","2","Zona Desconeguda","818460009","Ajuntament de Rubí","Matí (06 a 14)",,,
"156/2008","2008-03-30","2008","3","Diumenge","09:03:00","Encalç","2","Can Fatjó","818460009","Ajuntament de Rubí","Matí (06 a 14)",,,
"157/2008","2008-03-30","2008","3","Diumenge","16:25:00","Col·lisió frontal","2","Les Torres","818460009","Ajuntament de Rubí","Tarda (14 a 22)","41.4847153168","2.0319564582","MULTILINESTRING ((419184.95040956436 4593019.692124668, 419184.9122460859 4593019.495799557))"
"157/2008","2008-03-30","2008","3","Diumenge","16:25:00","Col·lisió frontal","2","Les Torres","818460009","Ajuntament de Rubí","Tarda (14 a 22)",,,
"160/2008","2008-03-30","2008","3","Diumenge","22:45:00","Envestida","2","Sector Z","818460009","Ajuntament de Rubí","Nit (22 a 06)",,,
"161/2008","2008-03-31","2008","3","Dilluns","18:00:00","Encalç","2","Sector Z","818460009","Ajuntament de Rubí","Tarda (14 a 22)",,,
"162/2008","2008-04-01","2008","4","Dimarts","09:00:00","Envestida","2","El Mercat","818460009","Ajuntament de Rubí","Matí (06 a 14)","41.4872958942","2.0384568164","MULTILINESTRING ((419730.7725904353 4593299.939875331, 419730.8107539137 4593300.136200441))"
"162/2008","2008-04-01","2008","4","Dimarts","09:00:00","Envestida","2","El Mercat","818460009","Ajuntament de Rubí","Matí (06 a 14)",,,
"163/2008","2008-04-03","2008","4","Dijous","08:15:00","Envestida","2","Can Rosés","818460009","Ajuntament de Rubí","Matí (06 a 14)",,,
"164/2008","2008-04-04","2008","4","Divendres","04:45:00","Xoc sense sortida de via","3","Ca n'Oriol","818460009","Ajuntament de Rubí","Nit (22 a 06)","41.4970220726","2.0406736086","MULTILINESTRING ((419927.7521944492 4594377.729383748, 419927.90762593236 4594377.855244997))"
"164/2008","2008-04-04","2008","4","Divendres","04:45:00","Xoc sense sortida de via","3","Ca n'Oriol","818460009","Ajuntament de Rubí","Nit (22 a 06)",,,
"165/2008","2008-04-04","2008","4","Divendres","05:40:00","Fregament negatiu (mateix sentit)","2","Zona Desconeguda","818460009","Ajuntament de Rubí","Nit (22 a 06)",,,
"167/2008","2008-04-04","2008","4","Divendres","17:40:00","Envestida","2","El Progrés - Rubí 2000","818460009","Ajuntament de Rubí","Tarda (14 a 22)",,,
"166/2008","2008-04-05","2008","4","Dissabte","08:00:00","Encalç","2","Plana de Can Bertran","818460009","Ajuntament de Rubí","Matí (06 a 14)","41.4924556662","2.0385026981","MULTILINESTRING ((419740.99512209196 4593872.738096393, 419740.98692945595 4593872.937928525))"
"166/2008","2008-04-05","2008","4","Dissabte","08:00:00","Encalç","2","Plana de Can Bertran","818460009","Ajuntament de Rubí","Matí (06 a 14)",,,
"176/2008","2008-04-05","2008","4","Dissabte","15:40:00","Xoc sense sortida de via","2","Ca n'Oriol","818460009","Ajuntament de Rubí","Tarda (14 a 22)","41.4973135786","2.041713491","MULTILINESTRING ((420015.0498247129 4594409.116524382, 420014.9212662839 4594409.26973251))"
"176/2008","2008-04-05","2008","4","Dissabte","15:40:00","Xoc sense sortida de via","2","Ca n'Oriol","818460009","Ajuntament de Rubí","Tarda (14 a 22)",,,
"168/2008","2008-04-10","2008","4","Dijous","13:30:00","Xoc sense sortida de via","2","Centre","818460009","Ajuntament de Rubí","Matí (06 a 14)",,,
"174/2008","2008-04-10","2008","4","Dijous","16:15:00","Fregament negatiu (mateix sentit)","2","Centre","818460009","Ajuntament de Rubí","Tarda (14 a 22)","41.4882009867","2.0312377066","MULTILINESTRING ((419129.2845183555 4593407.345380502, 419129.239524474 4593407.150507337))"
"174/2008","2008-04-10","2008","4","Dijous","16:15:00","Fregament negatiu (mateix sentit)","2","Centre","818460009","Ajuntament de Rubí","Tarda (14 a 22)",,,
"170/2008","2008-04-11","2008","4","Divendres","10:50:00","Envestida","2","Ca n'Oriol","818460009","Ajuntament de Rubí","Matí (06 a 14)","41.5000678796","2.0406056427","MULTILINESTRING ((419925.9620303726 4594716.088782433, 419925.8560404966 4594715.9191765785))"
"170/2008","2008-04-11","2008","4","Divendres","10:50:00","Envestida","2","Ca n'Oriol","818460009","Ajuntament de Rubí","Matí (06 a 14)",,,
"178/2008","2008-04-11","2008","4","Divendres","11:10:00","Encalç","2","Zona Desconeguda","818460009","Ajuntament de Rubí","Matí (06 a 14)",,,
"169/2008","2008-04-11","2008","4","Divendres","11:30:00","Xoc sense sortida de via","1","Zona Desconeguda","818460009","Ajuntament de Rubí","Matí (06 a 14)",,,
"171/2008","2008-04-11","2008","4","Divendres","12:10:00","Xoc sense sortida de via","1","Can Rosés","818460009","Ajuntament de Rubí","Matí (06 a 14)",,,
"177/2008","2008-04-11","2008","4","Divendres","17:05:00","Envestida","2","Zona Desconeguda","818460009","Ajuntament de Rubí","Tarda (14 a 22)",,,
"172/2008","2008-04-11","2008","4","Divendres","20:50:00","Xoc sense sortida de via","1","Centre","818460009","Ajuntament de Rubí","Tarda (14 a 22)",,,
"179/2008","2008-04-12","2008","4","Dissabte","07:35:00","Altres (incendi, explosió, esllavissada, etc.)","1","Centre","818460009","Ajuntament de Rubí","Matí (06 a 14)","41.4884925094","2.0309354002","MULTILINESTRING ((419104.28871806036 4593439.904520751, 419104.48795741383 4593439.887094334))"
"179/2008","2008-04-12","2008","4","Dissabte","07:35:00","Altres (incendi, explosió, esllavissada, etc.)","1","Centre","818460009","Ajuntament de Rubí","Matí (06 a 14)",,,
"175/2008","2008-04-12","2008","4","Dissabte","12:45:00","Envestida","2","Can Rosés","818460009","Ajuntament de Rubí","Matí (06 a 14)",,,
"182/2008","2008-04-14","2008","4","Dilluns","11:45:00","Fregament positiu (diferent sentit)","1","Centre","818460009","Ajuntament de Rubí","Matí (06 a 14)",,,
"568/2008","2008-04-14","2008","4","Dilluns","13:30:00","Envestida","2","Can Fatjó","818460009","Ajuntament de Rubí","Matí (06 a 14)",,,
"173/2008","2008-04-15","2008","4","Dimarts","18:30:00","Atropellament","2","El Progrés - Rubí 2000","818460009","Ajuntament de Rubí","Tarda (14 a 22)",,,
"180/2008","2008-04-16","2008","4","Dimecres","11:10:00","Atropellament","2","Centre","818460009","Ajuntament de Rubí","Matí (06 a 14)",,,
"183/2008","2008-04-16","2008","4","Dimecres","19:20:00","Xoc sense sortida de via","2","El Progrés - Rubí 2000","818460009","Ajuntament de Rubí","Tarda (14 a 22)",,,
"181/2008","2008-04-16","2008","4","Dimecres","22:30:00","Xoc sense sortida de via","2","Centre","818460009","Ajuntament de Rubí","Nit (22 a 06)","41.49499725","2.0360734032","MULTILINESTRING ((419541.25572026696 4594157.244790481, 419541.45169368916 4594157.2847206425))"
"181/2008","2008-04-16","2008","4","Dimecres","22:30:00","Xoc sense sortida de via","2","Centre","818460009","Ajuntament de Rubí","Nit (22 a 06)",,,
"184/2008","2008-04-17","2008","4","Dijous","08:48:00","Envestida","2","Centre","818460009","Ajuntament de Rubí","Matí (06 a 14)",,,
"185/2008","2008-04-17","2008","4","Dijous","17:15:00","Encalç","2","Can Vallhonrat","818460009","Ajuntament de Rubí","Tarda (14 a 22)","41.4741889365","2.0311625954","MULTILINESTRING ((419105.6664662536 4591851.686061168, 419105.4665883382 4591851.693048223))"
"185/2008","2008-04-17","2008","4","Dijous","17:15:00","Encalç","2","Can Vallhonrat","818460009","Ajuntament de Rubí","Tarda (14 a 22)",,,
"186/2008","2008-04-18","2008","4","Divendres","01:25:00","Col·lisió frontal","2","Zona Desconeguda","818460009","Ajuntament de Rubí","Nit (22 a 06)",,,
"190/2008","2008-04-18","2008","4","Divendres","13:36:00","Envestida","2","Les Torres","818460009","Ajuntament de Rubí","Matí (06 a 14)",,,
"187/2008","2008-04-19","2008","4","Dissabte","12:45:00","Encalç","2","Centre","818460009","Ajuntament de Rubí","Matí (06 a 14)","41.4910446837","2.0313697801","MULTILINESTRING ((419143.80459043564 4593722.736175329, 419143.84275391407 4593722.932500441))"
"187/2008","2008-04-19","2008","4","Dissabte","12:45:00","Encalç","2","Centre","818460009","Ajuntament de Rubí","Matí (06 a 14)",,,
"189/2008","2008-04-20","2008","4","Diumenge","12:00:00","Envestida","2","El Progrés - Rubí 2000","818460009","Ajuntament de Rubí","Matí (06 a 14)",,,
"192/2008","2008-04-21","2008","4","Dilluns","10:40:00","Fregament negatiu (mateix sentit)","2","Can Fatjó","818460009","Ajuntament de Rubí","Matí (06 a 14)",,,
"191/2008","2008-04-21","2008","4","Dilluns","15:30:00","Envestida","2","Centre","818460009","Ajuntament de Rubí","Tarda (14 a 22)",,,
"193/2008","2008-04-21","2008","4","Dilluns","16:25:00","Sortida de via amb caiguda, bolcada, xoc","1","Sant Muç","818460009","Ajuntament de Rubí","Tarda (14 a 22)",,,
"188/2008","2008-04-21","2008","4","Dilluns","21:45:00","Envestida","2","Centre","818460009","Ajuntament de Rubí","Tarda (14 a 22)","41.49499725","2.0360734032","MULTILINESTRING ((419541.25572026696 4594157.244790481, 419541.45169368916 4594157.2847206425))"
"188/2008","2008-04-21","2008","4","Dilluns","21:45:00","Envestida","2","Centre","818460009","Ajuntament de Rubí","Tarda (14 a 22)",,,
"194/2008","2008-04-23","2008","4","Dimecres","08:00:00","Fregament negatiu (mateix sentit)","2","25 de Setembre","818460009","Ajuntament de Rubí","Matí (06 a 14)",,,
"195/2008","2008-04-23","2008","4","Dimecres","16:10:00","Sortida de via amb caiguda, bolcada, xoc","1","Zona Desconeguda","818460009","Ajuntament de Rubí","Tarda (14 a 22)",,,
"196/2008","2008-04-24","2008","4","Dijous","08:15:00","Fregament negatiu (mateix sentit)","2","Can Rosés","818460009","Ajuntament de Rubí","Matí (06 a 14)",,,
"197/2008","2008-04-24","2008","4","Dijous","10:30:00","Envestida","2","Ca n'Oriol","818460009","Ajuntament de Rubí","Matí (06 a 14)",,,
"198/2008","2008-04-24","2008","4","Dijous","14:30:00","Col·lisió frontal","1","Centre","818460009","Ajuntament de Rubí","Tarda (14 a 22)","41.489897372","2.0324075399","MULTILINESTRING ((419229.02448465285 4593594.388908386, 419229.0279795369 4593594.588877848))"
"198/2008","2008-04-24","2008","4","Dijous","14:30:00","Col·lisió frontal","1","Centre","818460009","Ajuntament de Rubí","Tarda (14 a 22)",,,
"199/2008","2008-04-25","2008","4","Divendres","14:10:00","Altres (incendi, explosió, esllavissada, etc.)","2","Can Rosés","818460009","Ajuntament de Rubí","Tarda (14 a 22)",,,
"201/2008","2008-04-26","2008","4","Dissabte","22:00:00","Encalç","2","Can Fatjó","818460009","Ajuntament de Rubí","Nit (22 a 06)",,,
"203/2008","2008-04-28","2008","4","Dilluns","18:09:00","Encalç","2","Ca n'Oriol","818460009","Ajuntament de Rubí","Tarda (14 a 22)","41.5016219854","2.0463940023","MULTILINESTRING ((420410.833428493 4594883.211859784, 420411.0314379906 4594883.183713045))"
"203/2008","2008-04-28","2008","4","Dilluns","18:09:00","Encalç","2","Ca n'Oriol","818460009","Ajuntament de Rubí","Tarda (14 a 22)",,,
"200/2008","2008-04-29","2008","4","Dimarts","15:30:00","Envestida","2","Ca n'Oriol","818460009","Ajuntament de Rubí","Tarda (14 a 22)",,,
"206/2008","2008-04-30","2008","4","Dimecres","05:00:00","Envestida","2","Centre","818460009","Ajuntament de Rubí","Nit (22 a 06)",,,
"202/2008","2008-04-30","2008","4","Dimecres","05:30:00","Sortida de via amb caiguda, bolcada, xoc","1","Zona Desconeguda","818460009","Ajuntament de Rubí","Nit (22 a 06)",,,
"204/2008","2008-05-01","2008","5","Dijous","22:55:00","Sortida de via amb caiguda, bolcada, xoc","1","Castellnou - Can Mir","818460009","Ajuntament de Rubí","Nit (22 a 06)","41.518170498","1.998855006","MULTILINESTRING ((416464.4018079963 4596765.287785261, 416464.60167732846 4596765.29501368))"
"204/2008","2008-05-01","2008","5","Dijous","22:55:00","Sortida de via amb caiguda, bolcada, xoc","1","Castellnou - Can Mir","818460009","Ajuntament de Rubí","Nit (22 a 06)",,,
"209/2008","2008-05-02","2008","5","Divendres","11:10:00","Atropellament","2","Can Fatjó","818460009","Ajuntament de Rubí","Matí (06 a 14)",,,
"205/2008","2008-05-03","2008","5","Dissabte","22:30:00","Sortida de via amb caiguda, bolcada, xoc","1","Can Ximelis - D4","818460009","Ajuntament de Rubí","Nit (22 a 06)",,,
"208/2008","2008-05-04","2008","5","Diumenge","06:50:00","Envestida","2","Can Barceló - Vallespark","818460009","Ajuntament de Rubí","Matí (06 a 14)","41.5317015633","1.9916951685","MULTILINESTRING ((415884.6768351669 4598274.4088419285, 415884.53441355587 4598274.549255906))"
"208/2008","2008-05-04","2008","5","Diumenge","06:50:00","Envestida","2","Can Barceló - Vallespark","818460009","Ajuntament de Rubí","Matí (06 a 14)",,,
"207/2008","2008-05-05","2008","5","Dilluns","16:50:00","Fregament negatiu (mateix sentit)","2","Centre","818460009","Ajuntament de Rubí","Tarda (14 a 22)","41.4956326398","2.0318888729","MULTILINESTRING ((419192.86320845364 4594231.808421754, 419192.8527446048 4594231.608695672))"
"207/2008","2008-05-05","2008","5","Dilluns","16:50:00","Fregament negatiu (mateix sentit)","2","Centre","818460009","Ajuntament de Rubí","Tarda (14 a 22)",,,
"211/2008","2008-05-06","2008","5","Dimarts","04:50:00","Xoc sense sortida de via","1","Les Torres","818460009","Ajuntament de Rubí","Nit (22 a 06)",,,
"210/2008","2008-05-06","2008","5","Dimarts","05:00:00","Envestida","2","Can Rosés","818460009","Ajuntament de Rubí","Nit (22 a 06)",,,
"212/2008","2008-05-07","2008","5","Dimecres","10:00:00","Altres (incendi, explosió, esllavissada, etc.)","2","El Mercat","818460009","Ajuntament de Rubí","Matí (06 a 14)","41.4873947681","2.0367762218","MULTILINESTRING ((419590.5731399419 4593312.4864680115, 419590.6608199224 4593312.666224016))"
"212/2008","2008-05-07","2008","5","Dimecres","10:00:00","Altres (incendi, explosió, esllavissada, etc.)","2","El Mercat","818460009","Ajuntament de Rubí","Matí (06 a 14)",,,
"213/2008","2008-05-07","2008","5","Dimecres","11:50:00","Encalç","2","Can Rosés","818460009","Ajuntament de Rubí","Matí (06 a 14)",,,
"215/2008","2008-05-07","2008","5","Dimecres","13:10:00","Col·lisió frontal","2","Can Fatjó","818460009","Ajuntament de Rubí","Matí (06 a 14)",,,
"216/2008","2008-05-07","2008","5","Dimecres","16:20:00","Múltiple","3","El Mercat","818460009","Ajuntament de Rubí","Tarda (14 a 22)",,,
"214/2008","2008-05-07","2008","5","Dimecres","21:00:00","Altres (incendi, explosió, esllavissada, etc.)","2","Zona Desconeguda","818460009","Ajuntament de Rubí","Tarda (14 a 22)",,,
"217/2008","2008-05-08","2008","5","Dijous","07:05:00","Encalç","2","Centre","818460009","Ajuntament de Rubí","Matí (06 a 14)",,,
"218/2008","2008-05-08","2008","5","Dijous","17:12:00","Envestida","2","Can Rosés","818460009","Ajuntament de Rubí","Tarda (14 a 22)",,,
"219/2008","2008-05-09","2008","5","Divendres","08:00:00","Múltiple","4","Sector Z","818460009","Ajuntament de Rubí","Matí (06 a 14)",,,
"220/2008","2008-05-09","2008","5","Divendres","11:00:00","Col·lisió frontal","2","Zona Desconeguda","818460009","Ajuntament de Rubí","Matí (06 a 14)",,,
"221/2008","2008-05-09","2008","5","Divendres","11:20:00","Xoc sense sortida de via","1","Centre","818460009","Ajuntament de Rubí","Matí (06 a 14)","41.4909630375","2.0309846968","MULTILINESTRING ((419111.5804678207 4593714.229965242, 419111.5734904276 4593714.0300869895))"
"221/2008","2008-05-09","2008","5","Divendres","11:20:00","Xoc sense sortida de via","1","Centre","818460009","Ajuntament de Rubí","Matí (06 a 14)",,,
"222/2008","2008-05-10","2008","5","Dissabte","22:45:00","Múltiple","4","Zona Nord - La Serreta","818460009","Ajuntament de Rubí","Nit (22 a 06)",,,
"223/2008","2008-05-13","2008","5","Dimarts","14:25:00","Múltiple","2","Zona Desconeguda","818460009","Ajuntament de Rubí","Tarda (14 a 22)",,,
"224/2008","2008-05-14","2008","5","Dimecres","08:55:00","Envestida","2","Centre","818460009","Ajuntament de Rubí","Matí (06 a 14)",,,
"225/2008","2008-05-14","2008","5","Dimecres","12:30:00","Envestida","2","Zona Desconeguda","818460009","Ajuntament de Rubí","Matí (06 a 14)",,,
"226/2008","2008-05-14","2008","5","Dimecres","15:10:00","Envestida","2","Ca n'Oriol","818460009","Ajuntament de Rubí","Tarda (14 a 22)",,,
"230/2008","2008-05-15","2008","5","Dijous","08:20:00","Fregament negatiu (mateix sentit)","2","Can Vallhonrat","818460009","Ajuntament de Rubí","Matí (06 a 14)","41.4741889365","2.0311625954","MULTILINESTRING ((419105.6664662536 4591851.686061168, 419105.4665883382 4591851.693048223))"
"230/2008","2008-05-15","2008","5","Dijous","08:20:00","Fregament negatiu (mateix sentit)","2","Can Vallhonrat","818460009","Ajuntament de Rubí","Matí (06 a 14)",,,
"227/2008","2008-05-15","2008","5","Dijous","18:35:00","Col·lisió frontal","2","Centre","818460009","Ajuntament de Rubí","Tarda (14 a 22)","41.49446834","2.0317513502","MULTILINESTRING ((419179.93503883266 4594102.675266255, 419179.92805177683 4594102.475388339))"
"227/2008","2008-05-15","2008","5","Dijous","18:35:00","Col·lisió frontal","2","Centre","818460009","Ajuntament de Rubí","Tarda (14 a 22)",,,
"231/2008","2008-05-16","2008","5","Divendres","14:35:00","Envestida","2","Centre","818460009","Ajuntament de Rubí","Tarda (14 a 22)",,,
"233/2008","2008-05-16","2008","5","Divendres","15:50:00","Col·lisió frontal","2","Sector Z","818460009","Ajuntament de Rubí","Tarda (14 a 22)",,,
"229/2008","2008-05-17","2008","5","Dissabte","00:25:00","Envestida","2","Zona Nord - La Serreta","818460009","Ajuntament de Rubí","Nit (22 a 06)","41.5003512853","2.0330055771","MULTILINESTRING ((419291.8997574147 4594754.438731763, 419291.9561765531 4594754.630609017))"
"229/2008","2008-05-17","2008","5","Dissabte","00:25:00","Envestida","2","Zona Nord - La Serreta","818460009","Ajuntament de Rubí","Nit (22 a 06)",,,
"234/2008","2008-05-17","2008","5","Dissabte","13:00:00","Envestida","2","Zona Nord - La Serreta","818460009","Ajuntament de Rubí","Matí (06 a 14)",,,
"232/2008","2008-05-17","2008","5","Dissabte","14:00:00","Múltiple","3","Zona Nord - La Serreta","818460009","Ajuntament de Rubí","Tarda (14 a 22)","41.4948157961","2.038359038","MULTILINESTRING ((419731.9169011865 4594134.895366689, 419731.90930158197 4594135.0952222515))"
"232/2008","2008-05-17","2008","5","Dissabte","14:00:00","Múltiple","3","Zona Nord - La Serreta","818460009","Ajuntament de Rubí","Tarda (14 a 22)",,,
"228/2008","2008-05-17","2008","5","Dissabte","22:00:00","Fregament negatiu (mateix sentit)","2","Ca n'Oriol","818460009","Ajuntament de Rubí","Nit (22 a 06)","41.4973247382","2.0392112933","MULTILINESTRING ((419806.1449546196 4594412.849791088, 419806.14843949286 4594412.649821451))"
"228/2008","2008-05-17","2008","5","Dissabte","22:00:00","Fregament negatiu (mateix sentit)","2","Ca n'Oriol","818460009","Ajuntament de Rubí","Nit (22 a 06)",,,
"236/2008","2008-05-18","2008","5","Diumenge","19:20:00","Encalç","2","Zona Desconeguda","818460009","Ajuntament de Rubí","Tarda (14 a 22)",,,
"235/2008","2008-05-19","2008","5","Dilluns","14:30:00","Xoc sense sortida de via","1","Can Serrafossà - La Perla","818460009","Ajuntament de Rubí","Tarda (14 a 22)","41.4883179246","2.0102934546","MULTILINESTRING ((417380.9097114318 4593440.0781934, 417381.0829152424 4593439.978191199))"
"235/2008","2008-05-19","2008","5","Dilluns","14:30:00","Xoc sense sortida de via","1","Can Serrafossà - La Perla","818460009","Ajuntament de Rubí","Tarda (14 a 22)",,,
"237/2008","2008-05-20","2008","5","Dimarts","07:10:00","Encalç","2","Can Fatjó","818460009","Ajuntament de Rubí","Matí (06 a 14)",,,
"239/2008","2008-05-21","2008","5","Dimecres","20:40:00","Fregament negatiu (mateix sentit)","2","El Progrés - Rubí 2000","818460009","Ajuntament de Rubí","Tarda (14 a 22)",,,
"238/2008","2008-05-21","2008","5","Dimecres","21:30:00","Xoc sense sortida de via","2","Zona Desconeguda","818460009","Ajuntament de Rubí","Tarda (14 a 22)",,,
"240/2008","2008-05-22","2008","5","Dijous","14:30:00","Xoc sense sortida de via","1","Centre","818460009","Ajuntament de Rubí","Tarda (14 a 22)","41.4929311656","2.0330710914","MULTILINESTRING ((419288.0838089108 4593930.68574538, 419288.2837785478 4593930.682260508))"
"240/2008","2008-05-22","2008","5","Dijous","14:30:00","Xoc sense sortida de via","1","Centre","818460009","Ajuntament de Rubí","Tarda (14 a 22)",,,
"241/2008","2008-05-22","2008","5","Dijous","17:30:00","Envestida","2","Ca n'Alzamora","818460009","Ajuntament de Rubí","Tarda (14 a 22)","41.4809850698","2.0336346125","MULTILINESTRING ((419320.3511807694 4592603.977778448, 419320.4546743593 4592603.80663793))"
"241/2008","2008-05-22","2008","5","Dijous","17:30:00","Envestida","2","Ca n'Alzamora","818460009","Ajuntament de Rubí","Tarda (14 a 22)",,,
"242/2008","2008-05-24","2008","5","Dissabte","14:50:00","Xoc sense sortida de via","2","Ca n'Oriol","818460009","Ajuntament de Rubí","Tarda (14 a 22)","41.4981373653","2.0404299429","MULTILINESTRING ((419908.9656232443 4594501.833719989, 419908.76589765906 4594501.844193316))"
"242/2008","2008-05-24","2008","5","Dissabte","14:50:00","Xoc sense sortida de via","2","Ca n'Oriol","818460009","Ajuntament de Rubí","Tarda (14 a 22)",,,
"243/2008","2008-05-24","2008","5","Dissabte","16:10:00","Envestida","2","Centre","818460009","Ajuntament de Rubí","Tarda (14 a 22)",,,
"244/2008","2008-05-25","2008","5","Diumenge","01:30:00","Sortida de via amb caiguda, bolcada, xoc","1","Zona Desconeguda","818460009","Ajuntament de Rubí","Nit (22 a 06)",,,
"245/2008","2008-05-25","2008","5","Diumenge","12:10:00","Fregament negatiu (mateix sentit)","2","El Progrés - Rubí 2000","818460009","Ajuntament de Rubí","Matí (06 a 14)",,,
"246/2008","2008-05-26","2008","5","Dilluns","06:50:00","Envestida","2","Centre","818460009","Ajuntament de Rubí","Matí (06 a 14)",,,
"247/2008","2008-05-27","2008","5","Dimarts","14:45:00","Sortida de via amb caiguda, bolcada, xoc","1","Centre","818460009","Ajuntament de Rubí","Tarda (14 a 22)","41.4871499347","2.029552437","MULTILINESTRING ((418987.16948682326 4593292.157344811, 418987.36511576414 4593292.115759746))"
"247/2008","2008-05-27","2008","5","Dimarts","14:45:00","Sortida de via amb caiguda, bolcada, xoc","1","Centre","818460009","Ajuntament de Rubí","Tarda (14 a 22)",,,
"249/2008","2008-05-29","2008","5","Dijous","08:50:00","Atropellament","2","Sant Muç","818460009","Ajuntament de Rubí","Matí (06 a 14)","41.5044526821","2.0110313449","MULTILINESTRING ((417463.09563844255 4595230.721901112, 417463.0706512568 4595230.52346815))"
"249/2008","2008-05-29","2008","5","Dijous","08:50:00","Atropellament","2","Sant Muç","818460009","Ajuntament de Rubí","Matí (06 a 14)",,,
"250/2008","2008-05-29","2008","5","Dijous","09:15:00","Col·lisió frontal","2","Zona Desconeguda","818460009","Ajuntament de Rubí","Matí (06 a 14)",,,
"251/2008","2008-05-30","2008","5","Divendres","06:50:00","Fregament negatiu (mateix sentit)","2","Zona Nord - La Serreta","818460009","Ajuntament de Rubí","Matí (06 a 14)","41.4999175604","2.0321976474","MULTILINESTRING ((419223.9222339135 4594707.042467635, 419223.98994521785 4594707.230656845))"
"251/2008","2008-05-30","2008","5","Divendres","06:50:00","Fregament negatiu (mateix sentit)","2","Zona Nord - La Serreta","818460009","Ajuntament de Rubí","Matí (06 a 14)",,,
"252/2008","2008-05-30","2008","5","Divendres","09:10:00","Envestida","2","Centre","818460009","Ajuntament de Rubí","Matí (06 a 14)",,,
"253/2008","2008-05-30","2008","5","Divendres","10:11:00","Xoc sense sortida de via","1","Centre","818460009","Ajuntament de Rubí","Matí (06 a 14)",,,
"248/2008","2008-05-30","2008","5","Divendres","10:30:00","Xoc sense sortida de via","2","Can Fatjó","818460009","Ajuntament de Rubí","Matí (06 a 14)","41.4888660601","2.027346015","MULTILINESTRING ((418805.204537266 4593484.830920085, 418805.2282163545 4593484.63232678))"
"248/2008","2008-05-30","2008","5","Divendres","10:30:00","Xoc sense sortida de via","2","Can Fatjó","818460009","Ajuntament de Rubí","Matí (06 a 14)",,,
"254/2008","2008-05-30","2008","5","Divendres","13:40:00","Col·lisió frontal","2","Plana de Can Bertran","818460009","Ajuntament de Rubí","Matí (06 a 14)","41.4916151848","2.0370732528","MULTILINESTRING ((419620.5403795941 4593780.897906973, 419620.7207394587 4593780.811475963))"
"254/2008","2008-05-30","2008","5","Divendres","13:40:00","Col·lisió frontal","2","Plana de Can Bertran","818460009","Ajuntament de Rubí","Matí (06 a 14)",,,
"256/2008","2008-05-31","2008","5","Dissabte","21:55:00","Envestida","2","Centre","818460009","Ajuntament de Rubí","Tarda (14 a 22)",,,
"413/2008","2008-05-31","2008","5","Dissabte","22:00:00","Simple","2","Centre","818460009","Ajuntament de Rubí","Nit (22 a 06)",,,
"255/2008","2008-06-01","2008","6","Diumenge","15:20:00","Col·lisió frontal","2","Can Fatjó","818460009","Ajuntament de Rubí","Tarda (14 a 22)",,,
"260/2008","2008-06-01","2008","6","Diumenge","22:45:00","Xoc sense sortida de via","2","Ca n'Oriol","818460009","Ajuntament de Rubí","Nit (22 a 06)","41.4971964901","2.0416719906","MULTILINESTRING ((420011.296618675 4594396.173459482, 420011.4584248998 4594396.291012643))"
"260/2008","2008-06-01","2008","6","Diumenge","22:45:00","Xoc sense sortida de via","2","Ca n'Oriol","818460009","Ajuntament de Rubí","Nit (22 a 06)",,,
"257/2008","2008-06-02","2008","6","Dilluns","08:15:00","Envestida","2","Can Fatjó","818460009","Ajuntament de Rubí","Matí (06 a 14)",,,
"451/2008","2008-06-02","2008","6","Dilluns","13:20:00","Envestida","2","Can Rosés","818460009","Ajuntament de Rubí","Matí (06 a 14)",,,
"261/2008","2008-06-02","2008","6","Dilluns","20:30:00","Xoc sense sortida de via","1","Zona Nord - La Serreta","818460009","Ajuntament de Rubí","Tarda (14 a 22)",,,
"258/2008","2008-06-03","2008","6","Dimarts","14:45:00","Altres (incendi, explosió, esllavissada, etc.)","1","Can Rosés","818460009","Ajuntament de Rubí","Tarda (14 a 22)","41.5054828253","2.0396153685","MULTILINESTRING ((419849.8466079484 4595318.142317807, 419850.02287726454 4595318.047823741))"
"258/2008","2008-06-03","2008","6","Dimarts","14:45:00","Altres (incendi, explosió, esllavissada, etc.)","1","Can Rosés","818460009","Ajuntament de Rubí","Tarda (14 a 22)",,,
"259/2008","2008-06-04","2008","6","Dimecres","17:15:00","Xoc sense sortida de via","1","El Mercat","818460009","Ajuntament de Rubí","Tarda (14 a 22)","41.4882461226","2.0344372045","MULTILINESTRING ((419396.462690986 4593409.3569911895, 419396.3575546481 4593409.186854919))"
"259/2008","2008-06-04","2008","6","Dimecres","17:15:00","Xoc sense sortida de via","1","El Mercat","818460009","Ajuntament de Rubí","Tarda (14 a 22)",,,
"262/2008","2008-06-04","2008","6","Dimecres","18:30:00","Sortida de via amb caiguda, bolcada, xoc","1","Can Fatjó","818460009","Ajuntament de Rubí","Tarda (14 a 22)",,,
"263/2008","2008-06-05","2008","6","Dijous","21:05:00","Atropellament","2","Les Torres","818460009","Ajuntament de Rubí","Tarda (14 a 22)",,,
"264/2008","2008-06-06","2008","6","Divendres","10:55:00","Atropellament","2","Centre","818460009","Ajuntament de Rubí","Matí (06 a 14)",,,
"265/2008","2008-06-06","2008","6","Divendres","12:25:00","Fregament positiu (diferent sentit)","2","Sant Muç","818460009","Ajuntament de Rubí","Matí (06 a 14)",,,
"266/2008","2008-06-07","2008","6","Dissabte","12:30:00","Sortida de via amb caiguda, bolcada, xoc","1","Les Torres","818460009","Ajuntament de Rubí","Matí (06 a 14)","41.4845957583","2.0319300468","MULTILINESTRING ((419182.59690956486 4593006.443324667, 419182.5587460863 4593006.246999559))"
"266/2008","2008-06-07","2008","6","Dissabte","12:30:00","Sortida de via amb caiguda, bolcada, xoc","1","Les Torres","818460009","Ajuntament de Rubí","Matí (06 a 14)",,,
"267/2008","2008-06-08","2008","6","Diumenge","13:35:00","Xoc sense sortida de via","3","Sant Muç","818460009","Ajuntament de Rubí","Matí (06 a 14)",,,
"268/2008","2008-06-09","2008","6","Dilluns","04:45:00","Envestida","2","Can Fatjó","818460009","Ajuntament de Rubí","Nit (22 a 06)","41.4710125628","2.0215499047","MULTILINESTRING ((418298.8827187161 4591508.000824755, 418299.0035916214 4591508.16016634))"
"268/2008","2008-06-09","2008","6","Dilluns","04:45:00","Envestida","2","Can Fatjó","818460009","Ajuntament de Rubí","Nit (22 a 06)",,,
"269/2008","2008-06-09","2008","6","Dilluns","11:30:00","Atropellament","2","El Mercat","818460009","Ajuntament de Rubí","Matí (06 a 14)",,,
"272/2008","2008-06-10","2008","6","Dimarts","16:40:00","Envestida","2","El Progrés - Rubí 2000","818460009","Ajuntament de Rubí","Tarda (14 a 22)",,,
"270/2008","2008-06-10","2008","6","Dimarts","19:40:00","Múltiple","3","Can Fatjó","818460009","Ajuntament de Rubí","Tarda (14 a 22)","41.4904545949","2.0257763473","MULTILINESTRING ((418676.07032600924 4593662.555035301, 418676.26883467904 4593662.579413733))"
"270/2008","2008-06-10","2008","6","Dimarts","19:40:00","Múltiple","3","Can Fatjó","818460009","Ajuntament de Rubí","Tarda (14 a 22)",,,
"271/2008","2008-06-11","2008","6","Dimecres","18:30:00","Envestida","2","Ca n'Oriol","818460009","Ajuntament de Rubí","Tarda (14 a 22)",,,
"274/2008","2008-06-12","2008","6","Dijous","14:20:00","Xoc sense sortida de via","1","Can Rosés","818460009","Ajuntament de Rubí","Tarda (14 a 22)","41.5035659483","2.0347303519","MULTILINESTRING ((419439.80708097987 4595109.743000393, 419439.93064130645 4595109.90026719))"
"274/2008","2008-06-12","2008","6","Dijous","14:20:00","Xoc sense sortida de via","1","Can Rosés","818460009","Ajuntament de Rubí","Tarda (14 a 22)",,,
"273/2008","2008-06-13","2008","6","Divendres","11:10:00","Sortida de via amb caiguda, bolcada, xoc","1","Sant Muç","818460009","Ajuntament de Rubí","Matí (06 a 14)",,,
"275/2008","2008-06-14","2008","6","Dissabte","19:20:00","Múltiple","3","Ca n'Oriol","818460009","Ajuntament de Rubí","Tarda (14 a 22)",,,
"276/2008","2008-06-16","2008","6","Dilluns","19:43:00","Envestida","2","Can Fatjó","818460009","Ajuntament de Rubí","Tarda (14 a 22)","41.4880127856","2.0253200492","MULTILINESTRING ((418634.92918476544 4593391.936292434, 418635.1187796873 4593391.872623244))"
"276/2008","2008-06-16","2008","6","Dilluns","19:43:00","Envestida","2","Can Fatjó","818460009","Ajuntament de Rubí","Tarda (14 a 22)",,,
"277/2008","2008-06-17","2008","6","Dimarts","15:00:00",,"1","El Mercat","818460009","Ajuntament de Rubí","Tarda (14 a 22)","41.4876944365","2.0394445913","MULTILINESTRING ((419813.6540002691 4593343.413598546, 419813.83220035874 4593343.322798061))"
"277/2008","2008-06-17","2008","6","Dimarts","15:00:00",,"1","El Mercat","818460009","Ajuntament de Rubí","Tarda (14 a 22)",,,
"278/2008","2008-06-17","2008","6","Dimarts","17:50:00","Encalç","2","El Progrés - Rubí 2000","818460009","Ajuntament de Rubí","Tarda (14 a 22)",,,
"281/2008","2008-06-18","2008","6","Dimecres","08:50:00","Fregament positiu (diferent sentit)","2","Can Fatjó","818460009","Ajuntament de Rubí","Matí (06 a 14)",,,
"279/2008","2008-06-18","2008","6","Dimecres","22:30:00","Encalç","2","Castellnou - Can Mir","818460009","Ajuntament de Rubí","Nit (22 a 06)","41.5308510101","2.0006140666","MULTILINESTRING ((416627.5082748418 4598171.490284931, 416627.61226645584 4598171.319446573))"
"279/2008","2008-06-18","2008","6","Dimecres","22:30:00","Encalç","2","Castellnou - Can Mir","818460009","Ajuntament de Rubí","Nit (22 a 06)",,,
"280/2008","2008-06-19","2008","6","Dijous","07:50:00","Col·lisió frontal","2","Centre","818460009","Ajuntament de Rubí","Matí (06 a 14)","41.4909978133","2.0286457433","MULTILINESTRING ((418916.3764272395 4593720.281349046, 418916.3719696526 4593720.081398726))"
"280/2008","2008-06-19","2008","6","Dijous","07:50:00","Col·lisió frontal","2","Centre","818460009","Ajuntament de Rubí","Matí (06 a 14)",,,
"285/2008","2008-06-20","2008","6","Divendres","03:36:00","Sortida de via amb caiguda, bolcada, xoc","1","Zona Desconeguda","818460009","Ajuntament de Rubí","Nit (22 a 06)",,,
"282/2008","2008-06-20","2008","6","Divendres","09:00:00","Envestida","2","Ca n'Alzamora","818460009","Ajuntament de Rubí","Matí (06 a 14)","41.480824391","2.0323011599","MULTILINESTRING ((419208.93934877403 4592587.221547315, 419208.81099836517 4592587.374929755))"
"282/2008","2008-06-20","2008","6","Divendres","09:00:00","Envestida","2","Ca n'Alzamora","818460009","Ajuntament de Rubí","Matí (06 a 14)",,,
"283/2008","2008-06-20","2008","6","Divendres","19:15:00","Encalç","2","Centre","818460009","Ajuntament de Rubí","Tarda (14 a 22)",,,
"284/2008","2008-06-20","2008","6","Divendres","19:53:00","Envestida","2","Ca n'Oriol","818460009","Ajuntament de Rubí","Tarda (14 a 22)",,,
"288/2008","2008-06-21","2008","6","Dissabte","10:25:00","Atropellament","2","Centre","818460009","Ajuntament de Rubí","Matí (06 a 14)",,,
"286/2008","2008-06-22","2008","6","Diumenge","09:09:00","Atropellament","3","Centre","818460009","Ajuntament de Rubí","Matí (06 a 14)",,,
"287/2008","2008-06-22","2008","6","Diumenge","18:00:00","Envestida","2","Centre","818460009","Ajuntament de Rubí","Tarda (14 a 22)","41.4941719911","2.0335792489","MULTILINESTRING ((419332.1863985457 4594068.056599731, 419332.09559806087 4594067.878399641))"
"287/2008","2008-06-22","2008","6","Diumenge","18:00:00","Envestida","2","Centre","818460009","Ajuntament de Rubí","Tarda (14 a 22)",,,
"289/2008","2008-06-23","2008","6","Dilluns","08:40:00","Fregament negatiu (mateix sentit)","2","Zona Nord - La Serreta","818460009","Ajuntament de Rubí","Matí (06 a 14)","41.5001489581","2.0329323259","MULTILINESTRING ((419285.5346851248 4594732.044523618, 419285.59111349995 4594732.236398154))"
"289/2008","2008-06-23","2008","6","Dilluns","08:40:00","Fregament negatiu (mateix sentit)","2","Zona Nord - La Serreta","818460009","Ajuntament de Rubí","Matí (06 a 14)",,,
"292/2008","2008-06-23","2008","6","Dilluns","11:35:00","Xoc sense sortida de via","1","Centre","818460009","Ajuntament de Rubí","Matí (06 a 14)",,,
"290/2008","2008-06-24","2008","6","Dimarts","05:00:00","Sortida de via amb caiguda, bolcada, xoc","1","Zona Desconeguda","818460009","Ajuntament de Rubí","Nit (22 a 06)",,,
"291/2008","2008-06-24","2008","6","Dimarts","10:20:00","Xoc sense sortida de via","2","Ca n'Oriol","818460009","Ajuntament de Rubí","Matí (06 a 14)","41.5002092256","2.044707409","MULTILINESTRING ((420268.35215628933 4594727.846472658, 420268.5133750525 4594727.964830212))"
"291/2008","2008-06-24","2008","6","Dimarts","10:20:00","Xoc sense sortida de via","2","Ca n'Oriol","818460009","Ajuntament de Rubí","Matí (06 a 14)",,,
"369/2008","2008-06-25","2008","6","Dimecres","16:00:00","Xoc sense sortida de via","2","Can Fatjó","818460009","Ajuntament de Rubí","Tarda (14 a 22)","41.4866500888","2.0259455192","MULTILINESTRING ((418685.4364430403 4593240.006517332, 418685.6316240538 4593240.050156443))"
"369/2008","2008-06-25","2008","6","Dimecres","16:00:00","Xoc sense sortida de via","2","Can Fatjó","818460009","Ajuntament de Rubí","Tarda (14 a 22)",,,
"293/2008","2008-06-26","2008","6","Dijous","07:00:00","Col·lisió frontal","1","Zona Desconeguda","818460009","Ajuntament de Rubí","Matí (06 a 14)",,,
"296/2008","2008-06-28","2008","6","Dissabte","10:50:00","Atropellament","2","Les Torres","818460009","Ajuntament de Rubí","Matí (06 a 14)","41.4861162376","2.0310777219","MULTILINESTRING ((419113.41051721515 4593175.97106832, 419113.21645628667 4593175.922691095))"
"296/2008","2008-06-28","2008","6","Dissabte","10:50:00","Atropellament","2","Les Torres","818460009","Ajuntament de Rubí","Matí (06 a 14)",,,
"297/2008","2008-06-29","2008","6","Diumenge","00:30:00","Simple","2","Centre","818460009","Ajuntament de Rubí","Nit (22 a 06)",,,
"295/2008","2008-06-30","2008","6","Dilluns","03:45:00","Xoc sense sortida de via","1","Zona Desconeguda","818460009","Ajuntament de Rubí","Nit (22 a 06)",,,
"301/2008","2008-06-30","2008","6","Dilluns","16:30:00","Envestida","2","Centre","818460009","Ajuntament de Rubí","Tarda (14 a 22)",,,
"303/2008","2008-07-01","2008","7","Dimarts","11:15:00","Xoc sense sortida de via","1","Centre","818460009","Ajuntament de Rubí","Matí (06 a 14)",,,
"298/2008","2008-07-01","2008","7","Dimarts","12:45:00","Simple","2","Zona Desconeguda","818460009","Ajuntament de Rubí","Matí (06 a 14)",,,
"305/2008","2008-07-01","2008","7","Dimarts","13:00:00","Atropellament","2","Ca n'Alzamora","818460009","Ajuntament de Rubí","Matí (06 a 14)",,,
"302/2008","2008-07-01","2008","7","Dimarts","15:10:00","Envestida","2","Centre","818460009","Ajuntament de Rubí","Tarda (14 a 22)",,,
"304/2008","2008-07-01","2008","7","Dimarts","16:35:00","Fregament negatiu (mateix sentit)","2","Zona Desconeguda","818460009","Ajuntament de Rubí","Tarda (14 a 22)",,,
"306/2008","2008-07-02","2008","7","Dimecres","05:40:00","Envestida","2","Sector Z","818460009","Ajuntament de Rubí","Nit (22 a 06)",,,
"300/2008","2008-07-02","2008","7","Dimecres","07:30:00","Envestida","2","Can Rosés","818460009","Ajuntament de Rubí","Matí (06 a 14)","41.5087290484","2.034063659","MULTILINESTRING ((419390.6203356806 4595683.557464303, 419390.64291424083 4595683.756185738))"
"300/2008","2008-07-02","2008","7","Dimecres","07:30:00","Envestida","2","Can Rosés","818460009","Ajuntament de Rubí","Matí (06 a 14)",,,
"299/2008","2008-07-02","2008","7","Dimecres","10:45:00","Encalç","2","Can Rosés","818460009","Ajuntament de Rubí","Matí (06 a 14)",,,
"307/2008","2008-07-02","2008","7","Dimecres","18:45:00","Múltiple","3","Plana de Can Bertran","818460009","Ajuntament de Rubí","Tarda (14 a 22)","41.4942739383","2.0353138334","MULTILINESTRING ((419477.05419574946 4594077.769000762, 419477.05786099925 4594077.569034349))"
"307/2008","2008-07-02","2008","7","Dimecres","18:45:00","Múltiple","3","Plana de Can Bertran","818460009","Ajuntament de Rubí","Tarda (14 a 22)",,,
"308/2008","2008-07-02","2008","7","Dimecres","21:05:00","Encalç","2","Ca n'Alzamora","818460009","Ajuntament de Rubí","Tarda (14 a 22)","41.4777736175","2.0346731092","MULTILINESTRING ((419403.1511256534 4592246.289343023, 419403.10190087114 4592246.483190698))"
"308/2008","2008-07-02","2008","7","Dimecres","21:05:00","Encalç","2","Ca n'Alzamora","818460009","Ajuntament de Rubí","Tarda (14 a 22)",,,
"309/2008","2008-07-03","2008","7","Dijous","08:50:00","Envestida","2","El Progrés - Rubí 2000","818460009","Ajuntament de Rubí","Matí (06 a 14)",,,
"310/2008","2008-07-03","2008","7","Dijous","13:30:00","Envestida","1","Can Rosés","818460009","Ajuntament de Rubí","Matí (06 a 14)","41.5030783174","2.0443204587","MULTILINESTRING ((420239.5854253113 4595046.7227832945, 420239.7292004151 4595046.8618110595))"
"310/2008","2008-07-03","2008","7","Dijous","13:30:00","Envestida","1","Can Rosés","818460009","Ajuntament de Rubí","Matí (06 a 14)",,,
"311/2008","2008-07-04","2008","7","Divendres","12:45:00","Fregament positiu (diferent sentit)","2","Zona Desconeguda","818460009","Ajuntament de Rubí","Matí (06 a 14)",,,
"312/2008","2008-07-04","2008","7","Divendres","13:30:00","Xoc sense sortida de via","1","Els Avets","818460009","Ajuntament de Rubí","Matí (06 a 14)","41.4885840164","2.0212780621","MULTILINESTRING ((418298.4179345336 4593459.131074554, 418298.2180127116 4593459.136666072))"
"312/2008","2008-07-04","2008","7","Divendres","13:30:00","Xoc sense sortida de via","1","Els Avets","818460009","Ajuntament de Rubí","Matí (06 a 14)",,,
"313/2008","2008-07-04","2008","7","Divendres","14:00:00","Atropellament","2","Ca n'Oriol","818460009","Ajuntament de Rubí","Tarda (14 a 22)","41.4957987502","2.0395202272","MULTILINESTRING ((419830.1316813257 4594243.105340517, 419829.9698751009 4594242.987787356))"
"313/2008","2008-07-04","2008","7","Divendres","14:00:00","Atropellament","2","Ca n'Oriol","818460009","Ajuntament de Rubí","Tarda (14 a 22)",,,
"314/2008","2008-07-05","2008","7","Dissabte","10:45:00","Xoc sense sortida de via","2","Ca n'Alzamora","818460009","Ajuntament de Rubí","Matí (06 a 14)",,,
"315/2008","2008-07-05","2008","7","Dissabte","14:20:00","Fregament negatiu (mateix sentit)","2","Centre","818460009","Ajuntament de Rubí","Tarda (14 a 22)","41.4960643463","2.0319694936","MULTILINESTRING ((419200.18822471396 4594279.48512438, 419200.0596662852 4594279.638332509))"
"315/2008","2008-07-05","2008","7","Dissabte","14:20:00","Fregament negatiu (mateix sentit)","2","Centre","818460009","Ajuntament de Rubí","Tarda (14 a 22)",,,
"316/2008","2008-07-06","2008","7","Diumenge","17:20:00","Sortida de via amb caiguda, bolcada, xoc","1","Sector Z","818460009","Ajuntament de Rubí","Tarda (14 a 22)",,,
"317/2008","2008-07-06","2008","7","Diumenge","18:15:00","Envestida","2","Zona Desconeguda","818460009","Ajuntament de Rubí","Tarda (14 a 22)",,,
"319/2008","2008-07-07","2008","7","Dilluns","12:00:00","Encalç","2","Zona Nord - La Serreta","818460009","Ajuntament de Rubí","Matí (06 a 14)",,,
"320/2008","2008-07-07","2008","7","Dilluns","12:45:00","Encalç","2","Centre","818460009","Ajuntament de Rubí","Matí (06 a 14)","41.4949168088","2.0350038999","MULTILINESTRING ((419451.88189827115 4594149.3300597165, 419452.08189769497 4594149.329579622))"
"320/2008","2008-07-07","2008","7","Dilluns","12:45:00","Encalç","2","Centre","818460009","Ajuntament de Rubí","Matí (06 a 14)",,,
"318/2008","2008-07-07","2008","7","Dilluns","13:15:00","Envestida","2","Centre","818460009","Ajuntament de Rubí","Matí (06 a 14)",,,
"321/2008","2008-07-07","2008","7","Dilluns","16:10:00","Encalç","2","Can Rosés","818460009","Ajuntament de Rubí","Tarda (14 a 22)","41.5065549361","2.0397178193","MULTILINESTRING ((419859.7207618976 4595436.976731945, 419859.89351586363 4595437.077509259))"
"321/2008","2008-07-07","2008","7","Dilluns","16:10:00","Encalç","2","Can Rosés","818460009","Ajuntament de Rubí","Tarda (14 a 22)",,,
"325/2008","2008-07-08","2008","7","Dimarts","09:43:00","Encalç","2","Can Rosés","818460009","Ajuntament de Rubí","Matí (06 a 14)",,,
"323/2008","2008-07-08","2008","7","Dimarts","12:20:00","Xoc sense sortida de via","1","Centre","818460009","Ajuntament de Rubí","Matí (06 a 14)","41.4892049719","2.0308911832","MULTILINESTRING ((419101.4839180603 4593519.04412075, 419101.68315741373 4593519.026694332))"
"323/2008","2008-07-08","2008","7","Dimarts","12:20:00","Xoc sense sortida de via","1","Centre","818460009","Ajuntament de Rubí","Matí (06 a 14)",,,
"322/2008","2008-07-09","2008","7","Dimecres","07:05:00","Sortida de via amb caiguda, bolcada, xoc","1","Zona Desconeguda","818460009","Ajuntament de Rubí","Matí (06 a 14)",,,
"326/2008","2008-07-09","2008","7","Dimecres","13:15:00","Envestida","2","Sant Jordi Parc","818460009","Ajuntament de Rubí","Matí (06 a 14)","41.4904966654","2.0195472185","MULTILINESTRING ((418156.1437462496 4593673.077222452, 418156.329161666 4593673.152196602))"
"326/2008","2008-07-09","2008","7","Dimecres","13:15:00","Envestida","2","Sant Jordi Parc","818460009","Ajuntament de Rubí","Matí (06 a 14)",,,
"324/2008","2008-07-09","2008","7","Dimecres","14:05:00","Envestida","2","El Mercat","818460009","Ajuntament de Rubí","Tarda (14 a 22)","41.4879731103","2.039723335","MULTILINESTRING ((419837.37234361295 4593373.949698015, 419837.33999148407 4593374.147064019))"
"324/2008","2008-07-09","2008","7","Dimecres","14:05:00","Envestida","2","El Mercat","818460009","Ajuntament de Rubí","Tarda (14 a 22)",,,
"333/2008","2008-07-09","2008","7","Dimecres","17:30:00","Xoc sense sortida de via","2","Centre","818460009","Ajuntament de Rubí","Tarda (14 a 22)",,,
"327/2008","2008-07-10","2008","7","Dijous","16:55:00","Envestida","2","Zona Desconeguda","818460009","Ajuntament de Rubí","Tarda (14 a 22)",,,
"328/2008","2008-07-11","2008","7","Divendres","06:20:00","Envestida","2","Centre","818460009","Ajuntament de Rubí","Matí (06 a 14)",,,
"329/2008","2008-07-12","2008","7","Dissabte","00:48:00","Múltiple","4","Ca n'Oriol","818460009","Ajuntament de Rubí","Nit (22 a 06)","41.4972932763","2.0385270945","MULTILINESTRING ((419748.997113729 4594409.991654463, 419749.00165163865 4594409.791705951))"
"329/2008","2008-07-12","2008","7","Dissabte","00:48:00","Múltiple","4","Ca n'Oriol","818460009","Ajuntament de Rubí","Nit (22 a 06)",,,
"331/2008","2008-07-13","2008","7","Diumenge","14:20:00","Envestida","2","Centre","818460009","Ajuntament de Rubí","Tarda (14 a 22)",,,
"330/2008","2008-07-13","2008","7","Diumenge","21:50:00","Col·lisió frontal","2","Plana de Can Bertran","818460009","Ajuntament de Rubí","Tarda (14 a 22)",,,
"335/2008","2008-07-14","2008","7","Dilluns","08:00:00","Envestida","2","Zona Nord - La Serreta","818460009","Ajuntament de Rubí","Matí (06 a 14)","41.4966687308","2.031948553","MULTILINESTRING ((419199.1342462706 4594346.780461559, 419199.1202950275 4594346.580948745))"
"335/2008","2008-07-14","2008","7","Dilluns","08:00:00","Envestida","2","Zona Nord - La Serreta","818460009","Ajuntament de Rubí","Matí (06 a 14)",,,
"332/2008","2008-07-14","2008","7","Dilluns","10:15:00","Envestida","2","Can Vallhonrat","818460009","Ajuntament de Rubí","Matí (06 a 14)","41.4741889365","2.0311625954","MULTILINESTRING ((419105.6664662536 4591851.686061168, 419105.4665883382 4591851.693048223))"
"332/2008","2008-07-14","2008","7","Dilluns","10:15:00","Envestida","2","Can Vallhonrat","818460009","Ajuntament de Rubí","Matí (06 a 14)",,,
"334/2008","2008-07-14","2008","7","Dilluns","15:40:00","Múltiple","3","El Mercat","818460009","Ajuntament de Rubí","Tarda (14 a 22)","41.4918404989","2.0382377379","MULTILINESTRING ((419718.0740834033 4593804.695897854, 419718.1542445378 4593804.879130473))"
"334/2008","2008-07-14","2008","7","Dilluns","15:40:00","Múltiple","3","El Mercat","818460009","Ajuntament de Rubí","Tarda (14 a 22)",,,
"336/2008","2008-07-15","2008","7","Dimarts","07:05:00","Encalç","3","Zona Nord - La Serreta","818460009","Ajuntament de Rubí","Matí (06 a 14)","41.497303424","2.038226624","MULTILINESTRING ((419723.93521394493 4594411.197250942, 419723.92945192667 4594411.397167923))"
"336/2008","2008-07-15","2008","7","Dimarts","07:05:00","Encalç","3","Zona Nord - La Serreta","818460009","Ajuntament de Rubí","Matí (06 a 14)",,,
"339/2008","2008-07-15","2008","7","Dimarts","09:30:00","Xoc sense sortida de via","1","Can Fatjó","818460009","Ajuntament de Rubí","Matí (06 a 14)",,,
"338/2008","2008-07-15","2008","7","Dimarts","12:25:00","Xoc sense sortida de via","1","Ca n'Oriol","818460009","Ajuntament de Rubí","Matí (06 a 14)",,,
"337/2008","2008-07-15","2008","7","Dimarts","13:30:00","Col·lisió frontal","2","Centre","818460009","Ajuntament de Rubí","Matí (06 a 14)",,,
"340/2008","2008-07-16","2008","7","Dimecres","13:15:00","Xoc sense sortida de via","1","Zona Desconeguda","818460009","Ajuntament de Rubí","Matí (06 a 14)",,,
"342/2008","2008-07-16","2008","7","Dimecres","15:15:00","Fregament positiu (diferent sentit)","3","Castellnou - Can Mir","818460009","Ajuntament de Rubí","Tarda (14 a 22)","41.5218102908","2.0104812949","MULTILINESTRING ((417439.1833970894 4597158.130836707, 417439.2914294526 4597158.299148941))"
"342/2008","2008-07-16","2008","7","Dimecres","15:15:00","Fregament positiu (diferent sentit)","3","Castellnou - Can Mir","818460009","Ajuntament de Rubí","Tarda (14 a 22)",,,
"341/2008","2008-07-16","2008","7","Dimecres","17:20:00","Xoc sense sortida de via","2","Zona Desconeguda","818460009","Ajuntament de Rubí","Tarda (14 a 22)",,,
"343/2008","2008-07-17","2008","7","Dijous","09:20:00","Múltiple","3","Centre","818460009","Ajuntament de Rubí","Matí (06 a 14)",,,
"344/2008","2008-07-18","2008","7","Divendres","14:15:00","Xoc sense sortida de via","2","Sector Z","818460009","Ajuntament de Rubí","Tarda (14 a 22)","41.4858030122","2.0414059931","MULTILINESTRING ((419975.13249421556 4593131.466107843, 419975.17435895384 4593131.661677124))"
"344/2008","2008-07-18","2008","7","Divendres","14:15:00","Xoc sense sortida de via","2","Sector Z","818460009","Ajuntament de Rubí","Tarda (14 a 22)",,,
"345/2008","2008-07-18","2008","7","Divendres","19:23:00","Xoc sense sortida de via","2","Sant Jordi Parc","818460009","Ajuntament de Rubí","Tarda (14 a 22)",,,
"347/2008","2008-07-19","2008","7","Dissabte","11:01:00","Envestida","2","Centre","818460009","Ajuntament de Rubí","Matí (06 a 14)",,,
"348/2008","2008-07-21","2008","7","Dilluns","12:10:00","Xoc sense sortida de via","1","Centre","818460009","Ajuntament de Rubí","Matí (06 a 14)","41.4881297234","2.0310352746","MULTILINESTRING ((419112.251981644 4593399.428119497, 419112.2969755255 4593399.622992662))"
"348/2008","2008-07-21","2008","7","Dilluns","12:10:00","Xoc sense sortida de via","1","Centre","818460009","Ajuntament de Rubí","Matí (06 a 14)",,,
"346/2008","2008-07-21","2008","7","Dilluns","18:40:00","Col·lisió frontal","2","Les Torres","818460009","Ajuntament de Rubí","Tarda (14 a 22)",,,
"349/2008","2008-07-22","2008","7","Dimarts","04:25:00","Xoc sense sortida de via","1","Sector Z","818460009","Ajuntament de Rubí","Nit (22 a 06)",,,
"351/2008","2008-07-22","2008","7","Dimarts","07:35:00","Encalç","2","Sector Z","818460009","Ajuntament de Rubí","Matí (06 a 14)",,,
"352/2008","2008-07-22","2008","7","Dimarts","09:00:00","Xoc sense sortida de via","2","Plana del Castell","818460009","Ajuntament de Rubí","Matí (06 a 14)",,,
"353/2008","2008-07-22","2008","7","Dimarts","22:54:00","Envestida","2","Can Rosés","818460009","Ajuntament de Rubí","Nit (22 a 06)",,,
"350/2008","2008-07-23","2008","7","Dimecres","04:35:00","Xoc sense sortida de via","1","Zona Desconeguda","818460009","Ajuntament de Rubí","Nit (22 a 06)",,,
"355/2008","2008-07-23","2008","7","Dimecres","18:40:00","Xoc sense sortida de via","1","Can Fatjó","818460009","Ajuntament de Rubí","Tarda (14 a 22)",,,
"356/2008","2008-07-23","2008","7","Dimecres","18:45:00","Encalç","2","Zona Desconeguda","818460009","Ajuntament de Rubí","Tarda (14 a 22)",,,
"354/2008","2008-07-24","2008","7","Dijous","17:15:00","Múltiple","3","El Progrés - Rubí 2000","818460009","Ajuntament de Rubí","Tarda (14 a 22)",,,
"357/2008","2008-07-26","2008","7","Dissabte","19:15:00","Col·lisió frontal","2","Els Avets","818460009","Ajuntament de Rubí","Tarda (14 a 22)","41.4879448701","2.0191944797","MULTILINESTRING ((418123.52348141104 4593390.229696354, 418123.6324085479 4593390.061961806))"
"357/2008","2008-07-26","2008","7","Dissabte","19:15:00","Col·lisió frontal","2","Els Avets","818460009","Ajuntament de Rubí","Tarda (14 a 22)",,,
"294/2008","2008-07-27","2008","7","Diumenge","17:45:00","Simple","2","Can Fatjó","818460009","Ajuntament de Rubí","Tarda (14 a 22)","41.4884156692","2.0254142524","MULTILINESTRING ((418643.2957990485 4593436.571295763, 418643.4883987312 4593436.51739435))"
"294/2008","2008-07-27","2008","7","Diumenge","17:45:00","Simple","2","Can Fatjó","818460009","Ajuntament de Rubí","Tarda (14 a 22)",,,
"358/2008","2008-07-28","2008","7","Dilluns","11:45:00","Encalç","2","Ca n'Oriol","818460009","Ajuntament de Rubí","Matí (06 a 14)","41.4955459106","2.0386124456","MULTILINESTRING ((419753.9673958956 4594215.918124338, 419753.96559452766 4594215.71813245))"
"358/2008","2008-07-28","2008","7","Dilluns","11:45:00","Encalç","2","Ca n'Oriol","818460009","Ajuntament de Rubí","Matí (06 a 14)",,,
"359/2008","2008-07-29","2008","7","Dimarts","19:25:00","Fregament positiu (diferent sentit)","2","Zona Nord - La Serreta","818460009","Ajuntament de Rubí","Tarda (14 a 22)","41.4951171853","2.0363930692","MULTILINESTRING ((419568.09554717416 4594170.237637019, 419568.27409623226 4594170.32774936))"
"359/2008","2008-07-29","2008","7","Dimarts","19:25:00","Fregament positiu (diferent sentit)","2","Zona Nord - La Serreta","818460009","Ajuntament de Rubí","Tarda (14 a 22)",,,
"360/2008","2008-07-30","2008","7","Dimecres","10:45:00","Xoc sense sortida de via","2","Centre","818460009","Ajuntament de Rubí","Matí (06 a 14)",,,
"361/2008","2008-07-30","2008","7","Dimecres","12:50:00","Xoc sense sortida de via","2","Can Fatjó","818460009","Ajuntament de Rubí","Matí (06 a 14)","41.4875450019","2.0266543683","MULTILINESTRING ((418745.74099094176 4593338.765476611, 418745.914954589 4593338.666802151))"
"361/2008","2008-07-30","2008","7","Dimecres","12:50:00","Xoc sense sortida de via","2","Can Fatjó","818460009","Ajuntament de Rubí","Matí (06 a 14)",,,
"362/2008","2008-07-30","2008","7","Dimecres","21:48:00","Xoc sense sortida de via","2","Zona Nord - La Serreta","818460009","Ajuntament de Rubí","Tarda (14 a 22)",,,
"363/2008","2008-07-31","2008","7","Dijous","13:10:00","Fregament negatiu (mateix sentit)","2","Centre","818460009","Ajuntament de Rubí","Matí (06 a 14)",,,
"370/2008","2008-07-31","2008","7","Dijous","18:15:00","Envestida","2","Zona Desconeguda","818460009","Ajuntament de Rubí","Tarda (14 a 22)",,,
"364/2008","2008-07-31","2008","7","Dijous","23:20:00","Sortida de via amb caiguda, bolcada, xoc","1","Zona Desconeguda","818460009","Ajuntament de Rubí","Nit (22 a 06)",,,
"383/2008","2008-08-01","2008","8","Divendres","06:30:00","Sortida de via amb caiguda, bolcada, xoc","1","Can Fatjó","818460009","Ajuntament de Rubí","Matí (06 a 14)",,,
"385/2008","2008-08-01","2008","8","Divendres","13:20:00","Encalç","3","Plana de Can Bertran","818460009","Ajuntament de Rubí","Matí (06 a 14)","41.4929049654","2.0384729936","MULTILINESTRING ((419739.0702220919 4593922.647296394, 419739.06202945585 4593922.847128525))"
"385/2008","2008-08-01","2008","8","Divendres","13:20:00","Encalç","3","Plana de Can Bertran","818460009","Ajuntament de Rubí","Matí (06 a 14)",,,
"365/2008","2008-08-01","2008","8","Divendres","19:30:00","Múltiple","4","Zona Nord - La Serreta","818460009","Ajuntament de Rubí","Tarda (14 a 22)",,,
"371/2008","2008-08-02","2008","8","Dissabte","18:00:00","Col·lisió frontal","2","El Mercat","818460009","Ajuntament de Rubí","Tarda (14 a 22)","41.4860577963","2.0399580854","MULTILINESTRING ((419854.502668012 4593161.234860059, 419854.682424016 4593161.1471800795))"
"371/2008","2008-08-02","2008","8","Dissabte","18:00:00","Col·lisió frontal","2","El Mercat","818460009","Ajuntament de Rubí","Tarda (14 a 22)",,,
"552/2008","2008-08-02","2008","8","Dissabte","18:30:00","Envestida","2","El Progrés - Rubí 2000","818460009","Ajuntament de Rubí","Tarda (14 a 22)",,,
"366/2008","2008-08-03","2008","8","Diumenge","16:55:00","Encalç","2","El Progrés - Rubí 2000","818460009","Ajuntament de Rubí","Tarda (14 a 22)","41.4856562759","2.0342216796","MULTILINESTRING ((419375.23153997224 4593122.042824281, 419375.18315329636 4593121.84876571))"
"366/2008","2008-08-03","2008","8","Diumenge","16:55:00","Encalç","2","El Progrés - Rubí 2000","818460009","Ajuntament de Rubí","Tarda (14 a 22)",,,
"372/2008","2008-08-04","2008","8","Dilluns","11:45:00","Col·lisió frontal","3","Sant Jordi Parc","818460009","Ajuntament de Rubí","Matí (06 a 14)",,,
"381/2008","2008-08-04","2008","8","Dilluns","16:10:00","Col·lisió frontal","2","Zona Desconeguda","818460009","Ajuntament de Rubí","Tarda (14 a 22)",,,
"367/2008","2008-08-04","2008","8","Dilluns","21:30:00","Sortida de via amb caiguda, bolcada, xoc","1","Zona Desconeguda","818460009","Ajuntament de Rubí","Tarda (14 a 22)",,,
"368/2008","2008-08-05","2008","8","Dimarts","18:10:00","Simple","2","El Progrés - Rubí 2000","818460009","Ajuntament de Rubí","Tarda (14 a 22)",,,
"375/2008","2008-08-05","2008","8","Dimarts","21:50:00","Xoc sense sortida de via","1","Zona Desconeguda","818460009","Ajuntament de Rubí","Tarda (14 a 22)",,,
"379/2008","2008-08-06","2008","8","Dimecres","14:20:00","Encalç","2","Plana de Can Bertran","818460009","Ajuntament de Rubí","Tarda (14 a 22)","41.4924556662","2.0385026981","MULTILINESTRING ((419740.99512209196 4593872.738096393, 419740.98692945595 4593872.937928525))"
"379/2008","2008-08-06","2008","8","Dimecres","14:20:00","Encalç","2","Plana de Can Bertran","818460009","Ajuntament de Rubí","Tarda (14 a 22)",,,
"376/2008","2008-08-07","2008","8","Dijous","06:45:00","Envestida","1","Can Fatjó","818460009","Ajuntament de Rubí","Matí (06 a 14)",,,
"382/2008","2008-08-08","2008","8","Divendres","18:15:00","Xoc sense sortida de via","2","Plana de Can Bertran","818460009","Ajuntament de Rubí","Tarda (14 a 22)","41.4938400446","2.0384255292","MULTILINESTRING ((419736.2624282271 4594026.5047446275, 419736.25463763624 4594026.704592836))"
"382/2008","2008-08-08","2008","8","Divendres","18:15:00","Xoc sense sortida de via","2","Plana de Can Bertran","818460009","Ajuntament de Rubí","Tarda (14 a 22)",,,
"378/2008","2008-08-10","2008","8","Diumenge","18:45:00","Encalç","2","Can Vallhonrat","818460009","Ajuntament de Rubí","Tarda (14 a 22)","41.4741889365","2.0311625954","MULTILINESTRING ((419105.6664662536 4591851.686061168, 419105.4665883382 4591851.693048223))"
"378/2008","2008-08-10","2008","8","Diumenge","18:45:00","Encalç","2","Can Vallhonrat","818460009","Ajuntament de Rubí","Tarda (14 a 22)",,,
"374/2008","2008-08-11","2008","8","Dilluns","14:00:00","Sortida de via amb caiguda, bolcada, xoc","1","El Progrés - Rubí 2000","818460009","Ajuntament de Rubí","Tarda (14 a 22)",,,
"373/2008","2008-08-12","2008","8","Dimarts","19:30:00","Sortida de via amb caiguda, bolcada, xoc","1","Can Fatjó","818460009","Ajuntament de Rubí","Tarda (14 a 22)",,,
"377/2008","2008-08-13","2008","8","Dimecres","01:10:00","Xoc sense sortida de via","1","Centre","818460009","Ajuntament de Rubí","Nit (22 a 06)","41.4863527518","2.0318583708","MULTILINESTRING ((419178.68219260615 4593201.445169929, 419178.8730568082 4593201.504926573))"
"377/2008","2008-08-13","2008","8","Dimecres","01:10:00","Xoc sense sortida de via","1","Centre","818460009","Ajuntament de Rubí","Nit (22 a 06)",,,
"388/2008","2008-08-13","2008","8","Dimecres","16:20:00","Envestida","2","Can Fatjó","818460009","Ajuntament de Rubí","Tarda (14 a 22)",,,
"390/2008","2008-08-14","2008","8","Dijous","00:55:00","Sortida de via amb caiguda, bolcada, xoc","1","Zona Desconeguda","818460009","Ajuntament de Rubí","Nit (22 a 06)",,,
"380/2008","2008-08-16","2008","8","Dissabte","20:00:00","Encalç","3","Zona Nord - La Serreta","818460009","Ajuntament de Rubí","Tarda (14 a 22)",,,
"391/2008","2008-08-18","2008","8","Dilluns","11:40:00","Xoc sense sortida de via","1","Centre","818460009","Ajuntament de Rubí","Matí (06 a 14)","41.4892049719","2.0308911832","MULTILINESTRING ((419101.4839180603 4593519.04412075, 419101.68315741373 4593519.026694332))"
"391/2008","2008-08-18","2008","8","Dilluns","11:40:00","Xoc sense sortida de via","1","Centre","818460009","Ajuntament de Rubí","Matí (06 a 14)",,,
"384/2008","2008-08-19","2008","8","Dimarts","08:00:00","Fregament positiu (diferent sentit)","2","Zona Desconeguda","818460009","Ajuntament de Rubí","Matí (06 a 14)",,,
"387/2008","2008-08-19","2008","8","Dimarts","12:38:00","Sortida de via amb caiguda, bolcada, xoc","1","Zona Desconeguda","818460009","Ajuntament de Rubí","Matí (06 a 14)",,,
"392/2008","2008-08-20","2008","8","Dimecres","14:00:00","Sortida de via amb caiguda, bolcada, xoc","4","Plana de Can Bertran","818460009","Ajuntament de Rubí","Tarda (14 a 22)","41.4936888326","2.0372459174","MULTILINESTRING ((419637.5726999906 4594010.818619973, 419637.6410999875 4594011.006559965))"
"392/2008","2008-08-20","2008","8","Dimecres","14:00:00","Sortida de via amb caiguda, bolcada, xoc","4","Plana de Can Bertran","818460009","Ajuntament de Rubí","Tarda (14 a 22)",,,
"393/2008","2008-08-20","2008","8","Dimecres","14:36:00","Col·lisió frontal","1","Can Vallhonrat","818460009","Ajuntament de Rubí","Tarda (14 a 22)","41.4741889365","2.0311625954","MULTILINESTRING ((419105.6664662536 4591851.686061168, 419105.4665883382 4591851.693048223))"
"393/2008","2008-08-20","2008","8","Dimecres","14:36:00","Col·lisió frontal","1","Can Vallhonrat","818460009","Ajuntament de Rubí","Tarda (14 a 22)",,,
"395/2008","2008-08-20","2008","8","Dimecres","15:22:00","Fregament negatiu (mateix sentit)","2","El Mercat","818460009","Ajuntament de Rubí","Tarda (14 a 22)",,,
"386/2008","2008-08-20","2008","8","Dimecres","21:00:00","Sortida de via amb caiguda, bolcada, xoc","1","Centre","818460009","Ajuntament de Rubí","Tarda (14 a 22)",,,
"389/2008","2008-08-23","2008","8","Dissabte","11:20:00","Col·lisió frontal","2","Centre","818460009","Ajuntament de Rubí","Matí (06 a 14)","41.4897735573","2.0338447242","MULTILINESTRING ((419348.7523426643 4593579.36340572, 419348.9372568859 4593579.439607628))"
"389/2008","2008-08-23","2008","8","Dissabte","11:20:00","Col·lisió frontal","2","Centre","818460009","Ajuntament de Rubí","Matí (06 a 14)",,,
"394/2008","2008-08-25","2008","8","Dilluns","10:45:00","Xoc sense sortida de via","1","Centre","818460009","Ajuntament de Rubí","Matí (06 a 14)",,,
"396/2008","2008-08-26","2008","8","Dimarts","15:10:00","Envestida","2","Centre","818460009","Ajuntament de Rubí","Tarda (14 a 22)","41.49499725","2.0360734032","MULTILINESTRING ((419541.25572026696 4594157.244790481, 419541.45169368916 4594157.2847206425))"
"396/2008","2008-08-26","2008","8","Dimarts","15:10:00","Envestida","2","Centre","818460009","Ajuntament de Rubí","Tarda (14 a 22)",,,
"397/2008","2008-08-30","2008","8","Dissabte","08:00:00","Xoc sense sortida de via","2","El Progrés - Rubí 2000","818460009","Ajuntament de Rubí","Matí (06 a 14)","41.4856077507","2.035255238","MULTILINESTRING ((419461.45427138533 4593115.692833454, 419461.4086285139 4593115.498111271))"
"397/2008","2008-08-30","2008","8","Dissabte","08:00:00","Xoc sense sortida de via","2","El Progrés - Rubí 2000","818460009","Ajuntament de Rubí","Matí (06 a 14)",,,
"398/2008","2008-09-01","2008","9","Dilluns","19:30:00","Múltiple","4","Zona Nord - La Serreta","818460009","Ajuntament de Rubí","Tarda (14 a 22)",,,
"400/2008","2008-09-02","2008","9","Dimarts","11:50:00","Fregament negatiu (mateix sentit)","2","Can Fatjó","818460009","Ajuntament de Rubí","Matí (06 a 14)",,,
"399/2008","2008-09-02","2008","9","Dimarts","13:05:00","Encalç","2","Sant Muç","818460009","Ajuntament de Rubí","Matí (06 a 14)","41.5009440511","2.0307823901","MULTILINESTRING ((419107.09521003754 4594822.323030909, 419107.12494671665 4594822.520807881))"
"399/2008","2008-09-02","2008","9","Dimarts","13:05:00","Encalç","2","Sant Muç","818460009","Ajuntament de Rubí","Matí (06 a 14)",,,
"410/2008","2008-09-03","2008","9","Dimecres","00:10:00","Sortida de via amb caiguda, bolcada, xoc","3","Centre","818460009","Ajuntament de Rubí","Nit (22 a 06)","41.4941719911","2.0335792489","MULTILINESTRING ((419332.1863985457 4594068.056599731, 419332.09559806087 4594067.878399641))"
"410/2008","2008-09-03","2008","9","Dimecres","00:10:00","Sortida de via amb caiguda, bolcada, xoc","3","Centre","818460009","Ajuntament de Rubí","Nit (22 a 06)",,,
"401/2008","2008-09-03","2008","9","Dimecres","19:55:00","Xoc sense sortida de via","1","Can Ximelis - D4","818460009","Ajuntament de Rubí","Tarda (14 a 22)",,,
"404/2008","2008-09-04","2008","9","Dijous","10:25:00","Col·lisió frontal","3","Can Barceló - Vallespark","818460009","Ajuntament de Rubí","Matí (06 a 14)",,,
"402/2008","2008-09-04","2008","9","Dijous","21:55:00","Sortida de via amb caiguda, bolcada, xoc","1","Can Fatjó","818460009","Ajuntament de Rubí","Tarda (14 a 22)","41.4743219147","2.0280196629","MULTILINESTRING ((418843.2058703654 4591869.391541618, 418843.4055938203 4591869.402055491))"
"402/2008","2008-09-04","2008","9","Dijous","21:55:00","Sortida de via amb caiguda, bolcada, xoc","1","Can Fatjó","818460009","Ajuntament de Rubí","Tarda (14 a 22)",,,
"405/2008","2008-09-05","2008","9","Divendres","19:30:00","Encalç","2","Plana de Can Bertran","818460009","Ajuntament de Rubí","Tarda (14 a 22)",,,
"403/2008","2008-09-05","2008","9","Divendres","21:20:00","Encalç","2","Zona Nord - La Serreta","818460009","Ajuntament de Rubí","Tarda (14 a 22)","41.4975627424","2.0311409718","MULTILINESTRING ((419132.80448087037 4594446.593628641, 419132.8591744938 4594446.786004853))"
"403/2008","2008-09-05","2008","9","Divendres","21:20:00","Encalç","2","Zona Nord - La Serreta","818460009","Ajuntament de Rubí","Tarda (14 a 22)",,,
"412/2008","2008-09-05","2008","9","Divendres","23:13:00","Col·lisió frontal","2","Sector Z","818460009","Ajuntament de Rubí","Nit (22 a 06)",,,
"406/2008","2008-09-06","2008","9","Dissabte","07:10:00","Xoc sense sortida de via","1","Centre","818460009","Ajuntament de Rubí","Matí (06 a 14)",,,
"409/2008","2008-09-06","2008","9","Dissabte","07:15:00","Múltiple","3","Can Fatjó","818460009","Ajuntament de Rubí","Matí (06 a 14)","41.4896120867","2.0244650451","MULTILINESTRING ((418565.68452790345 4593570.3595416555, 418565.6184038715 4593570.170788877))"
"409/2008","2008-09-06","2008","9","Dissabte","07:15:00","Múltiple","3","Can Fatjó","818460009","Ajuntament de Rubí","Matí (06 a 14)",,,
"407/2008","2008-09-06","2008","9","Dissabte","12:25:00","Altres (incendi, explosió, esllavissada, etc.)","2","Les Torres","818460009","Ajuntament de Rubí","Matí (06 a 14)",,,
"408/2008","2008-09-08","2008","9","Dilluns","05:40:00","Simple","1","Zona Desconeguda","818460009","Ajuntament de Rubí","Nit (22 a 06)",,,
"411/2008","2008-09-08","2008","9","Dilluns","08:18:00","Envestida","2","El Mercat","818460009","Ajuntament de Rubí","Matí (06 a 14)",,,
"414/2008","2008-09-09","2008","9","Dimarts","14:45:00","Fregament negatiu (mateix sentit)","2","Plana de Can Bertran","818460009","Ajuntament de Rubí","Tarda (14 a 22)","41.4915659169","2.0385547709","MULTILINESTRING ((419744.2425289923 4593773.90891869, 419744.236405323 4593774.10882492))"
"414/2008","2008-09-09","2008","9","Dimarts","14:45:00","Fregament negatiu (mateix sentit)","2","Plana de Can Bertran","818460009","Ajuntament de Rubí","Tarda (14 a 22)",,,
"415/2008","2008-09-10","2008","9","Dimecres","17:40:00","Xoc sense sortida de via","2","Zona Nord - La Serreta","818460009","Ajuntament de Rubí","Tarda (14 a 22)",,,
"416/2008","2008-09-11","2008","9","Dijous","06:00:00","Sortida de via amb caiguda, bolcada, xoc","3","El Progrés - Rubí 2000","818460009","Ajuntament de Rubí","Matí (06 a 14)",,,
"417/2008","2008-09-11","2008","9","Dijous","12:40:00","Fregament positiu (diferent sentit)","2","Zona Desconeguda","818460009","Ajuntament de Rubí","Matí (06 a 14)",,,
"418/2008","2008-09-11","2008","9","Dijous","14:50:00","Xoc sense sortida de via","2","El Progrés - Rubí 2000","818460009","Ajuntament de Rubí","Tarda (14 a 22)",,,
"419/2008","2008-09-11","2008","9","Dijous","23:31:00","Envestida","2","Centre","818460009","Ajuntament de Rubí","Nit (22 a 06)",,,
"420/2008","2008-09-12","2008","9","Divendres","19:10:00","Encalç","2","Zona Nord - La Serreta","818460009","Ajuntament de Rubí","Tarda (14 a 22)","41.4944055552","2.0382878469","MULTILINESTRING ((419725.4262113672 4594089.423510377, 419725.50211515615 4594089.608547172))"
"420/2008","2008-09-12","2008","9","Divendres","19:10:00","Encalç","2","Zona Nord - La Serreta","818460009","Ajuntament de Rubí","Tarda (14 a 22)",,,
"421/2008","2008-09-12","2008","9","Divendres","19:20:00","Encalç","2","Les Torres","818460009","Ajuntament de Rubí","Tarda (14 a 22)","41.4860423482","2.0304547581","MULTILINESTRING ((419061.1932820153 4593168.228894032, 419061.23714268685 4593168.424025376))"
"421/2008","2008-09-12","2008","9","Divendres","19:20:00","Encalç","2","Les Torres","818460009","Ajuntament de Rubí","Tarda (14 a 22)",,,
"422/2008","2008-09-14","2008","9","Diumenge","00:50:00","Col·lisió frontal","2","Sector Z","818460009","Ajuntament de Rubí","Nit (22 a 06)",,,
"431/2008","2008-09-14","2008","9","Diumenge","16:40:00","Xoc sense sortida de via","1","Castellnou - Can Mir","818460009","Ajuntament de Rubí","Tarda (14 a 22)","41.5303985681","2.0008061264","MULTILINESTRING ((416643.0545205843 4598120.903565301, 416642.949360779 4598121.073687065))"
"431/2008","2008-09-14","2008","9","Diumenge","16:40:00","Xoc sense sortida de via","1","Castellnou - Can Mir","818460009","Ajuntament de Rubí","Tarda (14 a 22)",,,
"423/2008","2008-09-15","2008","9","Dilluns","12:40:00","Envestida","2","Can Barceló - Vallespark","818460009","Ajuntament de Rubí","Matí (06 a 14)",,,
"425/2008","2008-09-15","2008","9","Dilluns","15:10:00","Envestida","2","Can Vallhonrat","818460009","Ajuntament de Rubí","Tarda (14 a 22)","41.4741889365","2.0311625954","MULTILINESTRING ((419105.6664662536 4591851.686061168, 419105.4665883382 4591851.693048223))"
"425/2008","2008-09-15","2008","9","Dilluns","15:10:00","Envestida","2","Can Vallhonrat","818460009","Ajuntament de Rubí","Tarda (14 a 22)",,,
"424/2008","2008-09-15","2008","9","Dilluns","17:20:00","Múltiple","3","El Mercat","818460009","Ajuntament de Rubí","Tarda (14 a 22)","41.4882461226","2.0344372045","MULTILINESTRING ((419396.462690986 4593409.3569911895, 419396.3575546481 4593409.186854919))"
"424/2008","2008-09-15","2008","9","Dilluns","17:20:00","Múltiple","3","El Mercat","818460009","Ajuntament de Rubí","Tarda (14 a 22)",,,
"426/2008","2008-09-16","2008","9","Dimarts","06:27:00","Envestida","2","El Progrés - Rubí 2000","818460009","Ajuntament de Rubí","Matí (06 a 14)",,,
"427/2008","2008-09-16","2008","9","Dimarts","07:55:00","Fregament negatiu (mateix sentit)","2","Centre","818460009","Ajuntament de Rubí","Matí (06 a 14)",,,
"428/2008","2008-09-17","2008","9","Dimecres","10:48:00","Fregament positiu (diferent sentit)","2","Zona Desconeguda","818460009","Ajuntament de Rubí","Matí (06 a 14)",,,
"429/2008","2008-09-18","2008","9","Dijous","08:50:00","Fregament negatiu (mateix sentit)","2","Zona Desconeguda","818460009","Ajuntament de Rubí","Matí (06 a 14)",,,
"432/2008","2008-09-19","2008","9","Divendres","10:00:00","Xoc sense sortida de via","2","Can Rosés","818460009","Ajuntament de Rubí","Matí (06 a 14)",,,
"430/2008","2008-09-20","2008","9","Dissabte","23:30:00","Xoc sense sortida de via","2","Zona Desconeguda","818460009","Ajuntament de Rubí","Nit (22 a 06)",,,
"433/2008","2008-09-21","2008","9","Diumenge","16:20:00","Sortida de via amb caiguda, bolcada, xoc","1","El Progrés - Rubí 2000","818460009","Ajuntament de Rubí","Tarda (14 a 22)",,,
"434/2008","2008-09-21","2008","9","Diumenge","21:18:00","Envestida","2","Zona Desconeguda","818460009","Ajuntament de Rubí","Tarda (14 a 22)",,,
"435/2008","2008-09-22","2008","9","Dilluns","07:15:00","Envestida","2","Can Fatjó","818460009","Ajuntament de Rubí","Matí (06 a 14)","41.4888660601","2.027346015","MULTILINESTRING ((418805.204537266 4593484.830920085, 418805.2282163545 4593484.63232678))"
"435/2008","2008-09-22","2008","9","Dilluns","07:15:00","Envestida","2","Can Fatjó","818460009","Ajuntament de Rubí","Matí (06 a 14)",,,
"436/2008","2008-09-23","2008","9","Dimarts","05:30:00","Encalç","2","Ca n'Oriol","818460009","Ajuntament de Rubí","Nit (22 a 06)","41.4955459106","2.0386124456","MULTILINESTRING ((419753.9673958956 4594215.918124338, 419753.96559452766 4594215.71813245))"
"436/2008","2008-09-23","2008","9","Dimarts","05:30:00","Encalç","2","Ca n'Oriol","818460009","Ajuntament de Rubí","Nit (22 a 06)",,,
"437/2008","2008-09-23","2008","9","Dimarts","05:48:00","Envestida","2","Centre","818460009","Ajuntament de Rubí","Nit (22 a 06)",,,
"438/2008","2008-09-23","2008","9","Dimarts","19:05:00","Col·lisió frontal","3","Zona Nord - La Serreta","818460009","Ajuntament de Rubí","Tarda (14 a 22)",,,
"441/2008","2008-09-24","2008","9","Dimecres","17:25:00","Envestida","2","Zona Desconeguda","818460009","Ajuntament de Rubí","Tarda (14 a 22)",,,
"440/2008","2008-09-24","2008","9","Dimecres","18:00:00","Múltiple","3","Zona Nord - La Serreta","818460009","Ajuntament de Rubí","Tarda (14 a 22)","41.4963989475","2.0328260583","MULTILINESTRING ((419272.03283113113 4594316.009365205, 419272.0398081748 4594315.809486937))"
"440/2008","2008-09-24","2008","9","Dimecres","18:00:00","Múltiple","3","Zona Nord - La Serreta","818460009","Ajuntament de Rubí","Tarda (14 a 22)",,,
"439/2008","2008-09-25","2008","9","Dijous","12:50:00","Encalç","2","Zona Nord - La Serreta","818460009","Ajuntament de Rubí","Matí (06 a 14)","41.4941770469","2.0381739814","MULTILINESTRING ((419715.63951136725 4594064.160010381, 419715.71541515633 4594064.345047173))"
"439/2008","2008-09-25","2008","9","Dijous","12:50:00","Encalç","2","Zona Nord - La Serreta","818460009","Ajuntament de Rubí","Matí (06 a 14)",,,
"446/2008","2008-09-26","2008","9","Divendres","15:45:00","Xoc sense sortida de via","1","Zona Desconeguda","818460009","Ajuntament de Rubí","Tarda (14 a 22)",,,
"445/2008","2008-09-26","2008","9","Divendres","17:20:00","Encalç","2","Plana de Can Bertran","818460009","Ajuntament de Rubí","Tarda (14 a 22)","41.49166881","2.0385475435","MULTILINESTRING ((419743.7662289924 4593785.338918688, 419743.76010532316 4593785.538824917))"
"445/2008","2008-09-26","2008","9","Divendres","17:20:00","Encalç","2","Plana de Can Bertran","818460009","Ajuntament de Rubí","Tarda (14 a 22)",,,
"442/2008","2008-09-27","2008","9","Dissabte","05:15:00","Col·lisió frontal","2","Centre","818460009","Ajuntament de Rubí","Nit (22 a 06)",,,
"443/2008","2008-09-27","2008","9","Dissabte","17:15:00","Envestida","2","Zona Desconeguda","818460009","Ajuntament de Rubí","Tarda (14 a 22)",,,
"444/2008","2008-09-28","2008","9","Diumenge","23:10:00","Xoc sense sortida de via","1","Zona Nord - La Serreta","818460009","Ajuntament de Rubí","Nit (22 a 06)",,,
"447/2008","2008-09-30","2008","9","Dimarts","00:30:00","Sortida de via amb caiguda, bolcada, xoc","1","Zona Desconeguda","818460009","Ajuntament de Rubí","Nit (22 a 06)",,,
"448/2008","2008-09-30","2008","9","Dimarts","06:55:00","Envestida","2","Les Torres","818460009","Ajuntament de Rubí","Matí (06 a 14)",,,
"449/2008","2008-09-30","2008","9","Dimarts","07:20:00","Envestida","2","El Progrés - Rubí 2000","818460009","Ajuntament de Rubí","Matí (06 a 14)",,,
"450/2008","2008-10-02","2008","10","Dijous","10:00:00","Envestida","2","Sant Jordi Parc","818460009","Ajuntament de Rubí","Matí (06 a 14)",,,
"452/2008","2008-10-02","2008","10","Dijous","15:20:00","Xoc sense sortida de via","2","Zona Desconeguda","818460009","Ajuntament de Rubí","Tarda (14 a 22)",,,
"453/2008","2008-10-03","2008","10","Divendres","14:20:00","Encalç","2","Ca n'Alzamora","818460009","Ajuntament de Rubí","Tarda (14 a 22)","41.4808815962","2.033719103","MULTILINESTRING ((419327.2768454632 4592592.411257097, 419327.3803272841 4592592.240109462))"
"453/2008","2008-10-03","2008","10","Divendres","14:20:00","Encalç","2","Ca n'Alzamora","818460009","Ajuntament de Rubí","Tarda (14 a 22)",,,
"454/2008","2008-10-03","2008","10","Divendres","15:35:00","Fregament negatiu (mateix sentit)","2","Sector Z","818460009","Ajuntament de Rubí","Tarda (14 a 22)",,,
"455/2008","2008-10-08","2008","10","Dimecres","19:57:00","Sortida de via amb caiguda, bolcada, xoc","1","Plana del Castell","818460009","Ajuntament de Rubí","Tarda (14 a 22)",,,
"457/2008","2008-10-09","2008","10","Dijous","06:30:00","Envestida","3","Plana de Can Bertran","818460009","Ajuntament de Rubí","Matí (06 a 14)",,,
"456/2008","2008-10-09","2008","10","Dijous","07:20:00","Encalç","2","Can Vallhonrat","818460009","Ajuntament de Rubí","Matí (06 a 14)","41.4741889365","2.0311625954","MULTILINESTRING ((419105.6664662536 4591851.686061168, 419105.4665883382 4591851.693048223))"
"456/2008","2008-10-09","2008","10","Dijous","07:20:00","Encalç","2","Can Vallhonrat","818460009","Ajuntament de Rubí","Matí (06 a 14)",,,
"458/2008","2008-10-09","2008","10","Dijous","12:30:00","Envestida","2","Centre","818460009","Ajuntament de Rubí","Matí (06 a 14)",,,
"459/2008","2008-10-10","2008","10","Divendres","07:30:00","Xoc sense sortida de via","2","Can Rosés","818460009","Ajuntament de Rubí","Matí (06 a 14)",,,
"460/2008","2008-10-10","2008","10","Divendres","19:30:00","Fregament negatiu (mateix sentit)","2","Ca n'Oriol","818460009","Ajuntament de Rubí","Tarda (14 a 22)","41.4964767296","2.0415325122","MULTILINESTRING ((419998.9388875575 4594316.49812244, 419998.76068340987 4594316.407329921))"
"460/2008","2008-10-10","2008","10","Divendres","19:30:00","Fregament negatiu (mateix sentit)","2","Ca n'Oriol","818460009","Ajuntament de Rubí","Tarda (14 a 22)",,,
"462/2008","2008-10-11","2008","10","Dissabte","01:31:00","Sortida de via amb caiguda, bolcada, xoc","1","Zona Desconeguda","818460009","Ajuntament de Rubí","Nit (22 a 06)",,,
"461/2008","2008-10-11","2008","10","Dissabte","16:20:00","Encalç","2","Centre","818460009","Ajuntament de Rubí","Tarda (14 a 22)","41.4896593872","2.0305759687","MULTILINESTRING ((419075.9203739882 4593569.832943887, 419075.7507653176 4593569.726958515))"
"461/2008","2008-10-11","2008","10","Dissabte","16:20:00","Encalç","2","Centre","818460009","Ajuntament de Rubí","Tarda (14 a 22)",,,
"463/2008","2008-10-12","2008","10","Diumenge","20:20:00","Envestida","2","Sector Z","818460009","Ajuntament de Rubí","Tarda (14 a 22)",,,
"465/2008","2008-10-13","2008","10","Dilluns","13:30:00","Envestida","2","Centre","818460009","Ajuntament de Rubí","Matí (06 a 14)","41.49499725","2.0360734032","MULTILINESTRING ((419541.25572026696 4594157.244790481, 419541.45169368916 4594157.2847206425))"
"465/2008","2008-10-13","2008","10","Dilluns","13:30:00","Envestida","2","Centre","818460009","Ajuntament de Rubí","Matí (06 a 14)",,,
"464/2008","2008-10-13","2008","10","Dilluns","18:10:00","Col·lisió frontal","2","Zona Nord - La Serreta","818460009","Ajuntament de Rubí","Tarda (14 a 22)","41.4944055552","2.0382878469","MULTILINESTRING ((419725.4262113672 4594089.423510377, 419725.50211515615 4594089.608547172))"
"464/2008","2008-10-13","2008","10","Dilluns","18:10:00","Col·lisió frontal","2","Zona Nord - La Serreta","818460009","Ajuntament de Rubí","Tarda (14 a 22)",,,
"466/2008","2008-10-16","2008","10","Dijous","15:30:00","Envestida","2","Sant Jordi Parc","818460009","Ajuntament de Rubí","Tarda (14 a 22)",,,
"467/2008","2008-10-16","2008","10","Dijous","18:20:00","Col·lisió frontal","2","Zona Desconeguda","818460009","Ajuntament de Rubí","Tarda (14 a 22)",,,
"468/2008","2008-10-17","2008","10","Divendres","08:00:00","Fregament negatiu (mateix sentit)","2","El Progrés - Rubí 2000","818460009","Ajuntament de Rubí","Matí (06 a 14)",,,
"469/2008","2008-10-17","2008","10","Divendres","09:30:00","Xoc sense sortida de via","2","Sant Muç","818460009","Ajuntament de Rubí","Matí (06 a 14)",,,
"470/2008","2008-10-17","2008","10","Divendres","19:10:00","Atropellament","4","Les Torres","818460009","Ajuntament de Rubí","Tarda (14 a 22)","41.4855674767","2.0316591226","MULTILINESTRING ((419161.14538164425 4593114.381919496, 419161.19037552574 4593114.576792662))"
"470/2008","2008-10-17","2008","10","Divendres","19:10:00","Atropellament","4","Les Torres","818460009","Ajuntament de Rubí","Tarda (14 a 22)",,,
"472/2008","2008-10-18","2008","10","Dissabte","12:55:00","Atropellament","3","El Progrés - Rubí 2000","818460009","Ajuntament de Rubí","Matí (06 a 14)",,,
"471/2008","2008-10-18","2008","10","Dissabte","13:00:00","Fregament positiu (diferent sentit)","2","Zona Desconeguda","818460009","Ajuntament de Rubí","Matí (06 a 14)",,,
"473/2008","2008-10-20","2008","10","Dilluns","13:15:00","Envestida","3","Centre","818460009","Ajuntament de Rubí","Matí (06 a 14)",,,
"474/2008","2008-10-21","2008","10","Dimarts","18:55:00","Encalç","2","25 de Setembre","818460009","Ajuntament de Rubí","Tarda (14 a 22)",,,
"475/2008","2008-10-22","2008","10","Dimecres","11:24:00","Encalç","2","Centre","818460009","Ajuntament de Rubí","Matí (06 a 14)",,,
"476/2008","2008-10-22","2008","10","Dimecres","21:50:00","Fregament positiu (diferent sentit)","2","Centre","818460009","Ajuntament de Rubí","Tarda (14 a 22)",,,
"477/2008","2008-10-23","2008","10","Dijous","11:50:00","Encalç","2","Zona Desconeguda","818460009","Ajuntament de Rubí","Matí (06 a 14)",,,
"478/2008","2008-10-27","2008","10","Dilluns","06:50:00","Envestida","1","Zona Desconeguda","818460009","Ajuntament de Rubí","Matí (06 a 14)",,,
"481/2008","2008-10-28","2008","10","Dimarts","08:40:00","Atropellament","2","Centre","818460009","Ajuntament de Rubí","Matí (06 a 14)",,,
"480/2008","2008-10-28","2008","10","Dimarts","10:35:00","Fregament negatiu (mateix sentit)","2","Can Rosés","818460009","Ajuntament de Rubí","Matí (06 a 14)",,,
"479/2008","2008-10-28","2008","10","Dimarts","19:30:00","Col·lisió frontal","1","El Mercat","818460009","Ajuntament de Rubí","Tarda (14 a 22)",,,
"488/2008","2008-11-01","2008","11","Dissabte","18:15:00","Sortida de via amb caiguda, bolcada, xoc","1","Zona Desconeguda","818460009","Ajuntament de Rubí","Tarda (14 a 22)",,,
"483/2008","2008-11-01","2008","11","Dissabte","22:15:00","Envestida","2","Ca n'Oriol","818460009","Ajuntament de Rubí","Nit (22 a 06)",,,
"486/2008","2008-11-01","2008","11","Dissabte","23:26:00","Fregament positiu (diferent sentit)","2","Ca n'Alzamora","818460009","Ajuntament de Rubí","Nit (22 a 06)","41.4802670384","2.0314523332","MULTILINESTRING ((419137.3873806077 4592526.282432196, 419137.242007477 4592526.14507626))"
"486/2008","2008-11-01","2008","11","Dissabte","23:26:00","Fregament positiu (diferent sentit)","2","Ca n'Alzamora","818460009","Ajuntament de Rubí","Nit (22 a 06)",,,
"484/2008","2008-11-02","2008","11","Diumenge","03:05:00","Envestida","3","Centre","818460009","Ajuntament de Rubí","Nit (22 a 06)","41.4950548108","2.0316104339","MULTILINESTRING ((419168.8930215618 4594167.717776671, 419168.9034954156 4594167.917502229))"
"484/2008","2008-11-02","2008","11","Diumenge","03:05:00","Envestida","3","Centre","818460009","Ajuntament de Rubí","Nit (22 a 06)",,,
"485/2008","2008-11-03","2008","11","Dilluns","13:45:00","Envestida","4","Can Rosés","818460009","Ajuntament de Rubí","Matí (06 a 14)",,,
"482/2008","2008-11-03","2008","11","Dilluns","20:20:00","Altres (incendi, explosió, esllavissada, etc.)","1","Les Torres","818460009","Ajuntament de Rubí","Tarda (14 a 22)",,,
"487/2008","2008-11-04","2008","11","Dimarts","10:45:00","Atropellament","2","Centre","818460009","Ajuntament de Rubí","Matí (06 a 14)",,,
"489/2008","2008-11-04","2008","11","Dimarts","18:00:00","Atropellament","2","Plana de Can Bertran","818460009","Ajuntament de Rubí","Tarda (14 a 22)","41.4942739383","2.0353138334","MULTILINESTRING ((419477.05419574946 4594077.769000762, 419477.05786099925 4594077.569034349))"
"489/2008","2008-11-04","2008","11","Dimarts","18:00:00","Atropellament","2","Plana de Can Bertran","818460009","Ajuntament de Rubí","Tarda (14 a 22)",,,
"490/2008","2008-11-05","2008","11","Dimecres","06:35:00","Envestida","2","Zona Desconeguda","818460009","Ajuntament de Rubí","Matí (06 a 14)",,,
"491/2008","2008-11-05","2008","11","Dimecres","10:30:00","Col·lisió frontal","2","Ca n'Oriol","818460009","Ajuntament de Rubí","Matí (06 a 14)","41.4986689396","2.0389514047","MULTILINESTRING ((419786.1163559947 4594562.125591312, 419786.10994132643 4594562.325488416))"
"491/2008","2008-11-05","2008","11","Dimecres","10:30:00","Col·lisió frontal","2","Ca n'Oriol","818460009","Ajuntament de Rubí","Matí (06 a 14)",,,
"492/2008","2008-11-06","2008","11","Dijous","07:30:00","Xoc sense sortida de via","1","Centre","818460009","Ajuntament de Rubí","Matí (06 a 14)","41.4929311656","2.0330710914","MULTILINESTRING ((419288.0838089108 4593930.68574538, 419288.2837785478 4593930.682260508))"
"492/2008","2008-11-06","2008","11","Dijous","07:30:00","Xoc sense sortida de via","1","Centre","818460009","Ajuntament de Rubí","Matí (06 a 14)",,,
"493/2008","2008-11-06","2008","11","Dijous","22:10:00","Xoc sense sortida de via","2","Can Rosés","818460009","Ajuntament de Rubí","Nit (22 a 06)",,,
"496/2008","2008-11-07","2008","11","Divendres","15:30:00","Envestida","2","Centre","818460009","Ajuntament de Rubí","Tarda (14 a 22)",,,
"497/2008","2008-11-07","2008","11","Divendres","17:10:00","Fregament negatiu (mateix sentit)","2","El Mercat","818460009","Ajuntament de Rubí","Tarda (14 a 22)",,,
"499/2008","2008-11-08","2008","11","Dissabte","10:45:00","Fregament negatiu (mateix sentit)","2","Plana de Can Bertran","818460009","Ajuntament de Rubí","Matí (06 a 14)","41.4942739383","2.0353138334","MULTILINESTRING ((419477.05419574946 4594077.769000762, 419477.05786099925 4594077.569034349))"
"499/2008","2008-11-08","2008","11","Dissabte","10:45:00","Fregament negatiu (mateix sentit)","2","Plana de Can Bertran","818460009","Ajuntament de Rubí","Matí (06 a 14)",,,
"494/2008","2008-11-08","2008","11","Dissabte","11:15:00","Envestida","2","Zona Nord - La Serreta","818460009","Ajuntament de Rubí","Matí (06 a 14)",,,
"495/2008","2008-11-09","2008","11","Diumenge","05:35:00","Envestida","2","Centre","818460009","Ajuntament de Rubí","Nit (22 a 06)",,,
"498/2008","2008-11-10","2008","11","Dilluns","05:45:00","Envestida","2","Can Vallhonrat","818460009","Ajuntament de Rubí","Nit (22 a 06)","41.4741889365","2.0311625954","MULTILINESTRING ((419105.6664662536 4591851.686061168, 419105.4665883382 4591851.693048223))"
"498/2008","2008-11-10","2008","11","Dilluns","05:45:00","Envestida","2","Can Vallhonrat","818460009","Ajuntament de Rubí","Nit (22 a 06)",,,
"500/2008","2008-11-10","2008","11","Dilluns","11:50:00","Xoc sense sortida de via","2","El Progrés - Rubí 2000","818460009","Ajuntament de Rubí","Matí (06 a 14)",,,
"501/2008","2008-11-11","2008","11","Dimarts","07:20:00","Envestida","2","Centre","818460009","Ajuntament de Rubí","Matí (06 a 14)",,,
"502/2008","2008-11-11","2008","11","Dimarts","07:20:00","Atropellament","2","Zona Desconeguda","818460009","Ajuntament de Rubí","Matí (06 a 14)",,,
"503/2008","2008-11-11","2008","11","Dimarts","08:00:00","Atropellament","2","Zona Nord - La Serreta","818460009","Ajuntament de Rubí","Matí (06 a 14)",,,
"505/2008","2008-11-11","2008","11","Dimarts","11:10:00","Xoc sense sortida de via","2","Plana del Castell","818460009","Ajuntament de Rubí","Matí (06 a 14)",,,
"504/2008","2008-11-11","2008","11","Dimarts","14:03:00","Sortida de via amb caiguda, bolcada, xoc","1","Can Rosés","818460009","Ajuntament de Rubí","Tarda (14 a 22)","41.5075034887","2.0463998139","MULTILINESTRING ((420418.69091789884 4595536.234159414, 420418.54899053177 4595536.093245885))"
"504/2008","2008-11-11","2008","11","Dimarts","14:03:00","Sortida de via amb caiguda, bolcada, xoc","1","Can Rosés","818460009","Ajuntament de Rubí","Tarda (14 a 22)",,,
"508/2008","2008-11-12","2008","11","Dimecres","12:10:00","Sortida de via amb caiguda, bolcada, xoc","1","Can Rosés","818460009","Ajuntament de Rubí","Matí (06 a 14)",,,
"506/2008","2008-11-12","2008","11","Dimecres","16:05:00","Xoc sense sortida de via","2","Can Rosés","818460009","Ajuntament de Rubí","Tarda (14 a 22)",,,
"507/2008","2008-11-13","2008","11","Dijous","05:30:00","Col·lisió frontal","2","Can Barceló - Vallespark","818460009","Ajuntament de Rubí","Nit (22 a 06)","41.5319608749","1.9913142237","MULTILINESTRING ((415853.2311338492 4598303.56707917, 415853.0926784656 4598303.711405559))"
"507/2008","2008-11-13","2008","11","Dijous","05:30:00","Col·lisió frontal","2","Can Barceló - Vallespark","818460009","Ajuntament de Rubí","Nit (22 a 06)",,,
"509/2008","2008-11-13","2008","11","Dijous","17:30:00","Col·lisió frontal","2","Zona Nord - La Serreta","818460009","Ajuntament de Rubí","Tarda (14 a 22)","41.4962684811","2.0331589063","MULTILINESTRING ((419299.5748924608 4594301.0568441, 419299.73872328113 4594301.171558799))"
"509/2008","2008-11-13","2008","11","Dijous","17:30:00","Col·lisió frontal","2","Zona Nord - La Serreta","818460009","Ajuntament de Rubí","Tarda (14 a 22)",,,
"510/2008","2008-11-14","2008","11","Divendres","08:15:00","Envestida","2","Plana de Can Bertran","818460009","Ajuntament de Rubí","Matí (06 a 14)","41.49215312","2.0350675916","MULTILINESTRING ((419453.80146506213 4593842.374625745, 419453.9473534161 4593842.511434328))"
"510/2008","2008-11-14","2008","11","Divendres","08:15:00","Envestida","2","Plana de Can Bertran","818460009","Ajuntament de Rubí","Matí (06 a 14)",,,
"512/2008","2008-11-14","2008","11","Divendres","13:40:00","Sortida de via amb caiguda, bolcada, xoc","2","Sector Z","818460009","Ajuntament de Rubí","Matí (06 a 14)",,,
"511/2008","2008-11-14","2008","11","Divendres","21:55:00","Envestida","2","Centre","818460009","Ajuntament de Rubí","Tarda (14 a 22)","41.49499725","2.0360734032","MULTILINESTRING ((419541.25572026696 4594157.244790481, 419541.45169368916 4594157.2847206425))"
"511/2008","2008-11-14","2008","11","Divendres","21:55:00","Envestida","2","Centre","818460009","Ajuntament de Rubí","Tarda (14 a 22)",,,
"513/2008","2008-11-15","2008","11","Dissabte","10:30:00","Atropellament","2","El Progrés - Rubí 2000","818460009","Ajuntament de Rubí","Matí (06 a 14)",,,
"514/2008","2008-11-15","2008","11","Dissabte","16:35:00","Sortida de via amb caiguda, bolcada, xoc","1","Can Barceló - Vallespark","818460009","Ajuntament de Rubí","Tarda (14 a 22)",,,
"516/2008","2008-11-17","2008","11","Dilluns","05:30:00","Fregament negatiu (mateix sentit)","2","Zona Desconeguda","818460009","Ajuntament de Rubí","Nit (22 a 06)",,,
"515/2008","2008-11-17","2008","11","Dilluns","06:45:00","Fregament negatiu (mateix sentit)","2","Centre","818460009","Ajuntament de Rubí","Matí (06 a 14)",,,
"517/2008","2008-11-17","2008","11","Dilluns","18:10:00","Fregament negatiu (mateix sentit)","2","Zona Desconeguda","818460009","Ajuntament de Rubí","Tarda (14 a 22)",,,
"518/2008","2008-11-18","2008","11","Dimarts","13:40:00","Sortida de via amb caiguda, bolcada, xoc","1","Centre","818460009","Ajuntament de Rubí","Matí (06 a 14)","41.4954977333","2.0311047974","MULTILINESTRING ((419127.2487084536 4594217.564021753, 419127.23824460467 4594217.364295673))"
"518/2008","2008-11-18","2008","11","Dimarts","13:40:00","Sortida de via amb caiguda, bolcada, xoc","1","Centre","818460009","Ajuntament de Rubí","Matí (06 a 14)",,,
"519/2008","2008-11-19","2008","11","Dimecres","11:15:00","Xoc sense sortida de via","2","Can Fatjó","818460009","Ajuntament de Rubí","Matí (06 a 14)","41.4754199483","2.0258554468","MULTILINESTRING ((418663.96890287945 4591993.234014564, 418663.976070506 4591993.433886087))"
"519/2008","2008-11-19","2008","11","Dimecres","11:15:00","Xoc sense sortida de via","2","Can Fatjó","818460009","Ajuntament de Rubí","Matí (06 a 14)",,,
"520/2008","2008-11-19","2008","11","Dimecres","12:25:00","Atropellament","2","Ca n'Oriol","818460009","Ajuntament de Rubí","Matí (06 a 14)",,,
"521/2008","2008-11-19","2008","11","Dimecres","15:10:00","Encalç","2","Can Fatjó","818460009","Ajuntament de Rubí","Tarda (14 a 22)",,,
"522/2008","2008-11-20","2008","11","Dijous","15:00:00","Fregament negatiu (mateix sentit)","3","Can Fatjó","818460009","Ajuntament de Rubí","Tarda (14 a 22)","41.4720270113","2.0245195353","MULTILINESTRING ((418548.16995882476 4591618.004163234, 418548.1934784332 4591617.805550978))"
"522/2008","2008-11-20","2008","11","Dijous","15:00:00","Fregament negatiu (mateix sentit)","3","Can Fatjó","818460009","Ajuntament de Rubí","Tarda (14 a 22)",,,
"524/2008","2008-11-21","2008","11","Divendres","07:45:00","Envestida","2","Zona Desconeguda","818460009","Ajuntament de Rubí","Matí (06 a 14)",,,
"523/2008","2008-11-21","2008","11","Divendres","08:05:00","Encalç","3","Zona Desconeguda","818460009","Ajuntament de Rubí","Matí (06 a 14)",,,
"525/2008","2008-11-22","2008","11","Dissabte","13:50:00","Sortida de via amb caiguda, bolcada, xoc","1","Zona Desconeguda","818460009","Ajuntament de Rubí","Matí (06 a 14)",,,
"526/2008","2008-11-24","2008","11","Dilluns","15:35:00","Atropellament","2","Can Fatjó","818460009","Ajuntament de Rubí","Tarda (14 a 22)","41.4732890296","2.0201262592","MULTILINESTRING ((418183.02835257613 4591762.174991426, 418182.8303701016 4591762.1466552345))"
"526/2008","2008-11-24","2008","11","Dilluns","15:35:00","Atropellament","2","Can Fatjó","818460009","Ajuntament de Rubí","Tarda (14 a 22)",,,
"527/2008","2008-11-24","2008","11","Dilluns","20:30:00","Fregament negatiu (mateix sentit)","3","Sector Z","818460009","Ajuntament de Rubí","Tarda (14 a 22)",,,
"528/2008","2008-11-25","2008","11","Dimarts","20:55:00","Encalç","2","Sector Z","818460009","Ajuntament de Rubí","Tarda (14 a 22)",,,
"529/2008","2008-11-27","2008","11","Dijous","10:45:00","Fregament negatiu (mateix sentit)","2","Centre","818460009","Ajuntament de Rubí","Matí (06 a 14)",,,
"531/2008","2008-11-27","2008","11","Dijous","12:25:00","Envestida","2","Zona Desconeguda","818460009","Ajuntament de Rubí","Matí (06 a 14)",,,
"530/2008","2008-11-28","2008","11","Divendres","13:05:00","Encalç","2","Centre","818460009","Ajuntament de Rubí","Matí (06 a 14)","41.4965084307","2.030894705","MULTILINESTRING ((419110.95421839616 4594329.769912999, 419110.9751245282 4594329.968817332))"
"530/2008","2008-11-28","2008","11","Divendres","13:05:00","Encalç","2","Centre","818460009","Ajuntament de Rubí","Matí (06 a 14)",,,
"534/2008","2008-11-28","2008","11","Divendres","14:40:00","Encalç","2","Ca n'Alzamora","818460009","Ajuntament de Rubí","Tarda (14 a 22)",,,
"532/2008","2008-11-28","2008","11","Divendres","20:10:00","Envestida","2","Zona Desconeguda","818460009","Ajuntament de Rubí","Tarda (14 a 22)",,,
"533/2008","2008-11-28","2008","11","Divendres","20:35:00","Envestida","2","Plana de Can Bertran","818460009","Ajuntament de Rubí","Tarda (14 a 22)","41.4942739383","2.0353138334","MULTILINESTRING ((419477.05419574946 4594077.769000762, 419477.05786099925 4594077.569034349))"
"533/2008","2008-11-28","2008","11","Divendres","20:35:00","Envestida","2","Plana de Can Bertran","818460009","Ajuntament de Rubí","Tarda (14 a 22)",,,
"535/2008","2008-11-29","2008","11","Dissabte","22:45:00","Col·lisió frontal","2","El Mercat","818460009","Ajuntament de Rubí","Nit (22 a 06)",,,
"536/2008","2008-12-01","2008","12","Dilluns","09:00:00","Encalç","2","Zona Desconeguda","818460009","Ajuntament de Rubí","Matí (06 a 14)",,,
"537/2008","2008-12-01","2008","12","Dilluns","17:00:00","Xoc sense sortida de via","1","Centre","818460009","Ajuntament de Rubí","Tarda (14 a 22)",,,
"538/2008","2008-12-02","2008","12","Dimarts","16:45:00","Col·lisió frontal","2","Les Torres","818460009","Ajuntament de Rubí","Tarda (14 a 22)",,,
"539/2008","2008-12-03","2008","12","Dimecres","16:26:00","Envestida","2","Centre","818460009","Ajuntament de Rubí","Tarda (14 a 22)","41.4901999338","2.0286742262","MULTILINESTRING ((418917.7538208114 4593631.673276729, 418917.75989441515 4593631.473368973))"
"539/2008","2008-12-03","2008","12","Dimecres","16:26:00","Envestida","2","Centre","818460009","Ajuntament de Rubí","Tarda (14 a 22)",,,
"541/2008","2008-12-03","2008","12","Dimecres","20:15:00","Fregament negatiu (mateix sentit)","2","Zona Desconeguda","818460009","Ajuntament de Rubí","Tarda (14 a 22)",,,
"540/2008","2008-12-03","2008","12","Dimecres","22:05:00","Xoc sense sortida de via","1","Zona Desconeguda","818460009","Ajuntament de Rubí","Nit (22 a 06)",,,
"542/2008","2008-12-04","2008","12","Dijous","16:15:00","Fregament negatiu (mateix sentit)","2","Plana de Can Bertran","818460009","Ajuntament de Rubí","Tarda (14 a 22)","41.491778884","2.0385440134","MULTILINESTRING ((419743.60742899205 4593797.5627186885, 419743.60130532284 4593797.7626249185))"
"542/2008","2008-12-04","2008","12","Dijous","16:15:00","Fregament negatiu (mateix sentit)","2","Plana de Can Bertran","818460009","Ajuntament de Rubí","Tarda (14 a 22)",,,
"543/2008","2008-12-05","2008","12","Divendres","17:45:00","Xoc sense sortida de via","2","Zona Desconeguda","818460009","Ajuntament de Rubí","Tarda (14 a 22)",,,
"544/2008","2008-12-07","2008","12","Diumenge","05:45:00","Sortida de via amb caiguda, bolcada, xoc","1","Sant Muç","818460009","Ajuntament de Rubí","Nit (22 a 06)","41.5131860648","2.010932792","MULTILINESTRING ((417465.9620516145 4596200.4083961975, 417465.94143548585 4596200.209461599))"
"544/2008","2008-12-07","2008","12","Diumenge","05:45:00","Sortida de via amb caiguda, bolcada, xoc","1","Sant Muç","818460009","Ajuntament de Rubí","Nit (22 a 06)",,,
"545/2008","2008-12-09","2008","12","Dimarts","04:10:00","Fregament negatiu (mateix sentit)","3","Sector Z","818460009","Ajuntament de Rubí","Nit (22 a 06)",,,
"546/2008","2008-12-09","2008","12","Dimarts","09:55:00","Envestida","2","Ca n'Alzamora","818460009","Ajuntament de Rubí","Matí (06 a 14)",,,
"547/2008","2008-12-09","2008","12","Dimarts","14:00:00","Envestida","2","Centre","818460009","Ajuntament de Rubí","Tarda (14 a 22)",,,
"548/2008","2008-12-09","2008","12","Dimarts","14:55:00","Xoc sense sortida de via","1","Castellnou - Can Mir","818460009","Ajuntament de Rubí","Tarda (14 a 22)",,,
"549/2008","2008-12-09","2008","12","Dimarts","18:15:00","Encalç","2","Plana de Can Bertran","818460009","Ajuntament de Rubí","Tarda (14 a 22)",,,
"550/2008","2008-12-11","2008","12","Dijous","08:15:00","Col·lisió frontal","2","Can Ximelis - D4","818460009","Ajuntament de Rubí","Matí (06 a 14)",,,
"551/2008","2008-12-11","2008","12","Dijous","17:30:00","Fregament negatiu (mateix sentit)","2","Can Rosés","818460009","Ajuntament de Rubí","Tarda (14 a 22)",,,
"553/2008","2008-12-11","2008","12","Dijous","20:27:00","Múltiple","3","Sant Muç","818460009","Ajuntament de Rubí","Tarda (14 a 22)",,,
"554/2008","2008-12-13","2008","12","Dissabte","11:05:00","Encalç","2","Sector Z","818460009","Ajuntament de Rubí","Matí (06 a 14)",,,
"555/2008","2008-12-14","2008","12","Diumenge","03:45:00","Xoc sense sortida de via","1","Centre","818460009","Ajuntament de Rubí","Nit (22 a 06)",,,
"556/2008","2008-12-14","2008","12","Diumenge","08:20:00","Xoc sense sortida de via","1","Zona Desconeguda","818460009","Ajuntament de Rubí","Matí (06 a 14)",,,
"557/2008","2008-12-14","2008","12","Diumenge","17:15:00","Atropellament","2","Ca n'Oriol","818460009","Ajuntament de Rubí","Tarda (14 a 22)",,,
"559/2008","2008-12-15","2008","12","Dilluns","09:30:00","Xoc sense sortida de via","2","Castellnou - Can Mir","818460009","Ajuntament de Rubí","Matí (06 a 14)",,,
"560/2008","2008-12-15","2008","12","Dilluns","13:36:00","Fregament negatiu (mateix sentit)","2","Plana de Can Bertran","818460009","Ajuntament de Rubí","Matí (06 a 14)","41.4924556662","2.0385026981","MULTILINESTRING ((419740.99512209196 4593872.738096393, 419740.98692945595 4593872.937928525))"
"560/2008","2008-12-15","2008","12","Dilluns","13:36:00","Fregament negatiu (mateix sentit)","2","Plana de Can Bertran","818460009","Ajuntament de Rubí","Matí (06 a 14)",,,
"561/2008","2008-12-15","2008","12","Dilluns","13:40:00","Fregament negatiu (mateix sentit)","3","Ca n'Oriol","818460009","Ajuntament de Rubí","Matí (06 a 14)","41.5000678796","2.0406056427","MULTILINESTRING ((419925.9620303726 4594716.088782433, 419925.8560404966 4594715.9191765785))"
"561/2008","2008-12-15","2008","12","Dilluns","13:40:00","Fregament negatiu (mateix sentit)","3","Ca n'Oriol","818460009","Ajuntament de Rubí","Matí (06 a 14)",,,
"558/2008","2008-12-15","2008","12","Dilluns","13:56:00","Xoc sense sortida de via","2","Centre","818460009","Ajuntament de Rubí","Matí (06 a 14)",,,
"562/2008","2008-12-16","2008","12","Dimarts","14:00:00","Col·lisió frontal","2","Can Ximelis - D4","818460009","Ajuntament de Rubí","Tarda (14 a 22)",,,
"563/2008","2008-12-17","2008","12","Dimecres","06:00:00","Encalç","2","Zona Desconeguda","818460009","Ajuntament de Rubí","Matí (06 a 14)",,,
"564/2008","2008-12-17","2008","12","Dimecres","15:40:00","Xoc sense sortida de via","1","El Progrés - Rubí 2000","818460009","Ajuntament de Rubí","Tarda (14 a 22)",,,
"565/2008","2008-12-18","2008","12","Dijous","18:30:00","Encalç","2","Zona Desconeguda","818460009","Ajuntament de Rubí","Tarda (14 a 22)",,,
"566/2008","2008-12-19","2008","12","Divendres","11:00:00","Envestida","2","Can Fatjó","818460009","Ajuntament de Rubí","Matí (06 a 14)","41.4909869177","2.0277077051","MULTILINESTRING ((418838.0243458398 4593719.757229477, 418838.0898277863 4593719.946205969))"
"566/2008","2008-12-19","2008","12","Divendres","11:00:00","Envestida","2","Can Fatjó","818460009","Ajuntament de Rubí","Matí (06 a 14)",,,
"567/2008","2008-12-19","2008","12","Divendres","17:30:00","Xoc sense sortida de via","2","Zona Nord - La Serreta","818460009","Ajuntament de Rubí","Tarda (14 a 22)",,,
"569/2008","2008-12-20","2008","12","Dissabte","11:40:00","Envestida","2","Zona Desconeguda","818460009","Ajuntament de Rubí","Matí (06 a 14)",,,
"572/2008","2008-12-20","2008","12","Dissabte","13:45:00","Xoc sense sortida de via","1","Can Fatjó","818460009","Ajuntament de Rubí","Matí (06 a 14)","41.4632088626","2.0090853441","MULTILINESTRING ((417248.11101958586 4590653.54485474, 417248.30979278113 4590653.566972987))"
"572/2008","2008-12-20","2008","12","Dissabte","13:45:00","Xoc sense sortida de via","1","Can Fatjó","818460009","Ajuntament de Rubí","Matí (06 a 14)",,,
"571/2008","2008-12-20","2008","12","Dissabte","18:15:00","Xoc sense sortida de via","2","Centre","818460009","Ajuntament de Rubí","Tarda (14 a 22)","41.4889823213","2.0302425347","MULTILINESTRING ((419047.14967925014 4593494.82391806, 419047.16710566677 4593495.023157414))"
"571/2008","2008-12-20","2008","12","Dissabte","18:15:00","Xoc sense sortida de via","2","Centre","818460009","Ajuntament de Rubí","Tarda (14 a 22)",,,
"574/2008","2008-12-21","2008","12","Diumenge","17:10:00","Col·lisió frontal","2","Zona Desconeguda","818460009","Ajuntament de Rubí","Tarda (14 a 22)",,,
"570/2008","2008-12-22","2008","12","Dilluns","22:05:00","Envestida","2","Centre","818460009","Ajuntament de Rubí","Nit (22 a 06)",,,
"573/2008","2008-12-23","2008","12","Dimarts","15:40:00","Fregament negatiu (mateix sentit)","3","Can Barceló - Vallespark","818460009","Ajuntament de Rubí","Tarda (14 a 22)","41.5319608749","1.9913142237","MULTILINESTRING ((415853.2311338492 4598303.56707917, 415853.0926784656 4598303.711405559))"
"573/2008","2008-12-23","2008","12","Dimarts","15:40:00","Fregament negatiu (mateix sentit)","3","Can Barceló - Vallespark","818460009","Ajuntament de Rubí","Tarda (14 a 22)",,,
"575/2008","2008-12-23","2008","12","Dimarts","20:20:00","Xoc sense sortida de via","1","Can Ximelis - D4","818460009","Ajuntament de Rubí","Tarda (14 a 22)",,,
"576/2008","2008-12-24","2008","12","Dimecres","12:55:00","Envestida","2","Zona Desconeguda","818460009","Ajuntament de Rubí","Matí (06 a 14)",,,
"577/2008","2008-12-24","2008","12","Dimecres","18:00:00","Envestida","2","Can Rosés","818460009","Ajuntament de Rubí","Tarda (14 a 22)",,,
"580/2008","2008-12-25","2008","12","Dijous","12:50:00","Envestida","2","Ca n'Oriol","818460009","Ajuntament de Rubí","Matí (06 a 14)",,,
"578/2008","2008-12-27","2008","12","Dissabte","01:00:00","Sortida de via amb caiguda, bolcada, xoc","1","Zona Desconeguda","818460009","Ajuntament de Rubí","Nit (22 a 06)",,,
"579/2008","2008-12-27","2008","12","Dissabte","19:21:00","Altres (incendi, explosió, esllavissada, etc.)","1","Sant Muç","818460009","Ajuntament de Rubí","Tarda (14 a 22)","41.505395067","2.0035437421","MULTILINESTRING ((416839.33148672315 4595342.508134617, 416839.4369156307 4595342.33817949))"
"579/2008","2008-12-27","2008","12","Dissabte","19:21:00","Altres (incendi, explosió, esllavissada, etc.)","1","Sant Muç","818460009","Ajuntament de Rubí","Tarda (14 a 22)",,,
"581/2008","2008-12-29","2008","12","Dilluns","14:00:00","Encalç","2","Zona Desconeguda","818460009","Ajuntament de Rubí","Tarda (14 a 22)",,,
"582/2008","2008-12-30","2008","12","Dimarts","09:15:00","Múltiple","3","Plana de Can Bertran","818460009","Ajuntament de Rubí","Matí (06 a 14)","41.4911600623","2.0385835933","MULTILINESTRING ((419746.1475289926 4593728.823818687, 419746.1414053233 4593729.023724918))"
"582/2008","2008-12-30","2008","12","Dimarts","09:15:00","Múltiple","3","Plana de Can Bertran","818460009","Ajuntament de Rubí","Matí (06 a 14)",,,
"583/2008","2008-12-30","2008","12","Dimarts","10:15:00","Xoc sense sortida de via","1","Sant Jordi Parc","818460009","Ajuntament de Rubí","Matí (06 a 14)","41.4917181823","2.019744365","MULTILINESTRING ((418174.15249866655 4593808.604337195, 418174.30916488863 4593808.480016259))"
"583/2008","2008-12-30","2008","12","Dimarts","10:15:00","Xoc sense sortida de via","1","Sant Jordi Parc","818460009","Ajuntament de Rubí","Matí (06 a 14)",,,
