"ID","DATA_ACCIDENT",ANY_ACCIDENT,MES_ACCIDENT,"DIA_SETMANA_ACCIDENT","HORA_ACCIDENT","TIPUS_ACCIDENT",N_IMPLICATS,"ZONA","CODI_ENS","NOM_ENS","TRAM_HORARI",LATITUD,LONGITUD,"PUNT_ACCIDENT"
"1/2017","2017-01-04","2017","1","Dimecres","09:35:00","Xoc sense sortida de via","3","Centre","818460009","Ajuntament de Rubí","Matí (06 a 14)","41.4928636338","2.0343857429","MULTILINESTRING ((419397.93840000004 4593921.960300001, 419397.7384 4593921.960300001))"
"2/2017","2017-01-04","2017","1","Dimecres","20:00:00","Col·lisió frontal","2","El Progrés - Rubí 2000","818460009","Ajuntament de Rubí","Tarda (14 a 22)",,,
"4/2017","2017-01-05","2017","1","Dijous","14:10:00","Xoc sense sortida de via","1","Zona Desconeguda","818460009","Ajuntament de Rubí","Tarda (14 a 22)",,,
"3/2017","2017-01-05","2017","1","Dijous","17:30:00","Envestida","2","Zona Desconeguda","818460009","Ajuntament de Rubí","Tarda (14 a 22)",,,
"5/2017","2017-01-06","2017","1","Divendres","17:20:00","Envestida","2","Can Fatjó","818460009","Ajuntament de Rubí","Tarda (14 a 22)","41.4827687873","2.0238494578","MULTILINESTRING ((418505.5962123447 4592811.134728239, 418505.78044979303 4592811.056904319))"
"6/2017","2017-01-07","2017","1","Dissabte","12:00:00","Altres (incendi, explosió, esllavissada, etc.)","1","25 de Setembre","818460009","Ajuntament de Rubí","Matí (06 a 14)","41.4829561055","2.0401436713","MULTILINESTRING ((419866.3330486402 4592816.7391318865, 419866.194798187 4592816.59460918))"
"7/2017","2017-01-07","2017","1","Dissabte","22:50:00","Sortida de via amb caiguda, bolcada, xoc","1","Sant Muç","818460009","Ajuntament de Rubí","Nit (22 a 06)","41.5169510813","2.0101541268","MULTILINESTRING ((417405.75549208827 4596619.1503410945, 417405.76668945095 4596618.9506547935))"
"8/2017","2017-01-08","2017","1","Diumenge","03:30:00","Sortida de via amb caiguda, bolcada, xoc","1","Can Rosés","818460009","Ajuntament de Rubí","Nit (22 a 06)",,,
"10/2017","2017-01-09","2017","1","Dilluns","14:00:00","Xoc sense sortida de via","2","Centre","818460009","Ajuntament de Rubí","Tarda (14 a 22)",,,
"9/2017","2017-01-09","2017","1","Dilluns","14:00:00","Envestida","3","El Mercat","818460009","Ajuntament de Rubí","Tarda (14 a 22)","41.4881098398","2.0368920131","MULTILINESTRING ((419601.12045656145 4593391.768282579, 419601.2143420819 4593391.944876773))"
"11/2017","2017-01-10","2017","1","Dimarts","12:55:00","Envestida","2","Centre","818460009","Ajuntament de Rubí","Matí (06 a 14)",,,
"12/2017","2017-01-10","2017","1","Dimarts","18:00:00","Encalç","3","El Mercat","818460009","Ajuntament de Rubí","Tarda (14 a 22)","41.4865341585","2.0386306847","MULTILINESTRING ((419744.27631516824 4593215.351956758, 419744.456086891 4593215.264309009))"
"13/2017","2017-01-11","2017","1","Dimecres","22:00:00","Envestida","2","Zona Desconeguda","818460009","Ajuntament de Rubí","Nit (22 a 06)",,,
"16/2017","2017-01-13","2017","1","Divendres","16:00:00","Envestida","2","Zona Desconeguda","818460009","Ajuntament de Rubí","Tarda (14 a 22)",,,
"14/2017","2017-01-13","2017","1","Divendres","22:25:00","Encalç","2","Centre","818460009","Ajuntament de Rubí","Nit (22 a 06)",,,
"15/2017","2017-01-14","2017","1","Dissabte","11:40:00","Col·lisió frontal","2","Can Fatjó","818460009","Ajuntament de Rubí","Matí (06 a 14)","41.4916400736","2.026811201","MULTILINESTRING ((418763.96820097987 4593793.280363213, 418764.10526797303 4593793.134717617))"
"17/2017","2017-01-14","2017","1","Dissabte","15:45:00","Envestida","2","Zona Nord - La Serreta","818460009","Ajuntament de Rubí","Tarda (14 a 22)",,,
"18/2017","2017-01-16","2017","1","Dilluns","20:04:00","Fregament negatiu (mateix sentit)","2","Zona Desconeguda","818460009","Ajuntament de Rubí","Tarda (14 a 22)",,,
"20/2017","2017-01-17","2017","1","Dimarts","06:15:00","Fregament negatiu (mateix sentit)","2","Zona Desconeguda","818460009","Ajuntament de Rubí","Matí (06 a 14)",,,
"21/2017","2017-01-18","2017","1","Dimecres","11:03:00","Altres (incendi, explosió, esllavissada, etc.)","1","Castellnou - Can Mir","818460009","Ajuntament de Rubí","Matí (06 a 14)",,,
"22/2017","2017-01-18","2017","1","Dimecres","14:05:00","Envestida","2","Sector Z","818460009","Ajuntament de Rubí","Tarda (14 a 22)",,,
"25/2017","2017-01-19","2017","1","Dijous","09:20:00","Xoc sense sortida de via","2","Zona Desconeguda","818460009","Ajuntament de Rubí","Matí (06 a 14)",,,
"23/2017","2017-01-19","2017","1","Dijous","10:54:00","Col·lisió frontal","2","Centre","818460009","Ajuntament de Rubí","Matí (06 a 14)","41.4948910395","2.0336187536","MULTILINESTRING ((419336.23093844054 4594147.753153728, 419336.43045125424 4594147.767104971))"
"24/2017","2017-01-19","2017","1","Dijous","12:00:00","Xoc sense sortida de via","2","El Progrés - Rubí 2000","818460009","Ajuntament de Rubí","Matí (06 a 14)",,,
"26/2017","2017-01-19","2017","1","Dijous","15:00:00","Fregament negatiu (mateix sentit)","2","Zona Desconeguda","818460009","Ajuntament de Rubí","Tarda (14 a 22)",,,
"27/2017","2017-01-21","2017","1","Dissabte","23:40:00","Encalç","2","Can Rosés","818460009","Ajuntament de Rubí","Nit (22 a 06)","41.5006605214","2.0399150239","MULTILINESTRING ((419868.9259997562 4594782.369932324, 419869.06953300815 4594782.509209761))"
"28/2017","2017-01-23","2017","1","Dilluns","22:15:00","Col·lisió frontal","2","Sant Jordi Parc","818460009","Ajuntament de Rubí","Nit (22 a 06)",,,
"29/2017","2017-01-24","2017","1","Dimarts","08:15:00","Fregament negatiu (mateix sentit)","2","Zona Desconeguda","818460009","Ajuntament de Rubí","Matí (06 a 14)",,,
"32/2017","2017-01-27","2017","1","Divendres","07:40:00","Atropellament","2","Ca n'Oriol","818460009","Ajuntament de Rubí","Matí (06 a 14)","41.500719384","2.0467346066","MULTILINESTRING ((420438.30925044965 4594782.592417324, 420438.20100059966 4594782.760589764))"
"30/2017","2017-01-27","2017","1","Divendres","08:30:00","Envestida","2","Zona Nord - La Serreta","818460009","Ajuntament de Rubí","Matí (06 a 14)",,,
"33/2017","2017-01-27","2017","1","Divendres","12:00:00","Envestida","2","Can Fatjó","818460009","Ajuntament de Rubí","Matí (06 a 14)",,,
"31/2017","2017-01-27","2017","1","Divendres","18:40:00","Encalç","2","Zona Nord - La Serreta","818460009","Ajuntament de Rubí","Tarda (14 a 22)",,,
"34/2017","2017-01-28","2017","1","Dissabte","01:00:00","Xoc sense sortida de via","2","Zona Desconeguda","818460009","Ajuntament de Rubí","Nit (22 a 06)",,,
"35/2017","2017-01-28","2017","1","Dissabte","08:40:00","Altres (incendi, explosió, esllavissada, etc.)","3","Els Avets","818460009","Ajuntament de Rubí","Matí (06 a 14)","41.4875675039","2.0215097522","MULTILINESTRING ((418316.47628966713 4593346.026626482, 418316.28835288953 4593346.095035307))"
"36/2017","2017-01-29","2017","1","Diumenge","18:30:00","Fregament negatiu (mateix sentit)","3","Can Solà","818460009","Ajuntament de Rubí","Tarda (14 a 22)","41.5360606688","2.001518597","MULTILINESTRING ((416709.75977868633 4598748.835329249, 416709.6489382485 4598749.001805667))"
"37/2017","2017-01-30","2017","1","Dilluns","06:50:00","Col·lisió frontal","2","Sector Z","818460009","Ajuntament de Rubí","Matí (06 a 14)",,,
"38/2017","2017-01-30","2017","1","Dilluns","08:20:00","Atropellament","2","Zona Nord - La Serreta","818460009","Ajuntament de Rubí","Matí (06 a 14)",,,
"39/2017","2017-01-30","2017","1","Dilluns","11:30:00","Fregament negatiu (mateix sentit)","2","El Progrés - Rubí 2000","818460009","Ajuntament de Rubí","Matí (06 a 14)",,,
"40/2017","2017-02-02","2017","2","Dijous","07:50:00","Encalç","2","Zona Desconeguda","818460009","Ajuntament de Rubí","Matí (06 a 14)",,,
"41/2017","2017-02-02","2017","2","Dijous","13:20:00","Atropellament","2","Centre","818460009","Ajuntament de Rubí","Matí (06 a 14)",,,
"42/2017","2017-02-02","2017","2","Dijous","17:00:00","Envestida","2","Can Rosés","818460009","Ajuntament de Rubí","Tarda (14 a 22)",,,
"43/2017","2017-02-03","2017","2","Divendres","01:15:00","Xoc sense sortida de via","1","Centre","818460009","Ajuntament de Rubí","Nit (22 a 06)",,,
"45/2017","2017-02-03","2017","2","Divendres","07:50:00","Sortida de via amb caiguda, bolcada, xoc","3","Can Fatjó","818460009","Ajuntament de Rubí","Matí (06 a 14)",,,
"44/2017","2017-02-03","2017","2","Divendres","07:55:00","Fregament negatiu (mateix sentit)","2","Centre","818460009","Ajuntament de Rubí","Matí (06 a 14)",,,
"46/2017","2017-02-03","2017","2","Divendres","12:35:00","Fregament negatiu (mateix sentit)","2","Can Vallhonrat","818460009","Ajuntament de Rubí","Matí (06 a 14)","41.4741889365","2.0311625954","MULTILINESTRING ((419105.6664662536 4591851.686061168, 419105.4665883382 4591851.693048223))"
"47/2017","2017-02-04","2017","2","Dissabte","05:50:00","Encalç","2","Zona Desconeguda","818460009","Ajuntament de Rubí","Nit (22 a 06)",,,
"51/2017","2017-02-04","2017","2","Dissabte","10:35:00","Altres (incendi, explosió, esllavissada, etc.)","1","Can Fatjó","818460009","Ajuntament de Rubí","Matí (06 a 14)",,,
"48/2017","2017-02-05","2017","2","Diumenge","11:15:00","Encalç","2","Can Fatjó","818460009","Ajuntament de Rubí","Matí (06 a 14)",,,
"52/2017","2017-02-05","2017","2","Diumenge","16:32:00","Xoc sense sortida de via","2","Zona Nord - La Serreta","818460009","Ajuntament de Rubí","Tarda (14 a 22)","41.4998237371","2.0379197343","MULTILINESTRING ((419701.42221696326 4594691.290386222, 419701.4385892841 4594691.489714963))"
"53/2017","2017-02-05","2017","2","Diumenge","18:00:00","Envestida","2","Ca n'Oriol","818460009","Ajuntament de Rubí","Tarda (14 a 22)","41.4977807316","2.0448391493","MULTILINESTRING ((420276.3602684084 4594458.125796164, 420276.53945787763 4594458.2146282215))"
"49/2017","2017-02-06","2017","2","Dilluns","09:15:00","Envestida","3","Zona Nord - La Serreta","818460009","Ajuntament de Rubí","Matí (06 a 14)","41.4964604625","2.0339115247","MULTILINESTRING ((419362.7971960936 4594321.783372247, 419362.6333614581 4594321.668662995))"
"50/2017","2017-02-06","2017","2","Dilluns","15:40:00","Xoc sense sortida de via","2","Ca n'Oriol","818460009","Ajuntament de Rubí","Tarda (14 a 22)",,,
"54/2017","2017-02-08","2017","2","Dimecres","16:30:00","Atropellament","2","El Progrés - Rubí 2000","818460009","Ajuntament de Rubí","Tarda (14 a 22)","41.4859039617","2.0338821796","MULTILINESTRING ((419347.1530848084 4593149.662476425, 419347.19124641124 4593149.8588018995))"
"55/2017","2017-02-09","2017","2","Dijous","16:40:00","Encalç","2","Ca n'Oriol","818460009","Ajuntament de Rubí","Tarda (14 a 22)",,,
"56/2017","2017-02-13","2017","2","Dilluns","09:05:00","Atropellament","4","El Mercat","818460009","Ajuntament de Rubí","Matí (06 a 14)","41.4868471988","2.0399881554","MULTILINESTRING ((419858.0913478632 4593248.704514358, 419858.06006381754 4593248.902052475))"
"57/2017","2017-02-13","2017","2","Dilluns","21:50:00","Encalç","2","El Progrés - Rubí 2000","818460009","Ajuntament de Rubí","Tarda (14 a 22)","41.4868723881","2.0353858272","MULTILINESTRING ((419473.9400565814 4593255.783626638, 419473.85870877514 4593255.966335516))"
"60/2017","2017-02-14","2017","2","Dimarts","18:55:00","Atropellament","3","Ca n'Oriol","818460009","Ajuntament de Rubí","Tarda (14 a 22)","41.5004560206","2.0409838728","MULTILINESTRING ((419958.0098506926 4594758.829640218, 419957.90146759 4594758.661553623))"
"58/2017","2017-02-15","2017","2","Dimecres","15:15:00","Fregament negatiu (mateix sentit)","3","El Progrés - Rubí 2000","818460009","Ajuntament de Rubí","Tarda (14 a 22)",,,
"59/2017","2017-02-15","2017","2","Dimecres","18:30:00","Fregament negatiu (mateix sentit)","2","El Progrés - Rubí 2000","818460009","Ajuntament de Rubí","Tarda (14 a 22)",,,
"91/2017","2017-02-17","2017","2","Divendres","09:20:00","Atropellament","2","El Progrés - Rubí 2000","818460009","Ajuntament de Rubí","Matí (06 a 14)",,,
"61/2017","2017-02-18","2017","2","Dissabte","06:15:00","Sortida de via amb caiguda, bolcada, xoc","1","Zona Desconeguda","818460009","Ajuntament de Rubí","Matí (06 a 14)",,,
"62/2017","2017-02-19","2017","2","Diumenge","20:15:00","Envestida","2","Centre","818460009","Ajuntament de Rubí","Tarda (14 a 22)",,,
"64/2017","2017-02-20","2017","2","Dilluns","15:26:00","Xoc sense sortida de via","2","Centre","818460009","Ajuntament de Rubí","Tarda (14 a 22)",,,
"63/2017","2017-02-20","2017","2","Dilluns","22:03:00","Encalç","2","Plana de Can Bertran","818460009","Ajuntament de Rubí","Nit (22 a 06)","41.4933727018","2.038455668","MULTILINESTRING ((419738.20132518385 4593974.5919208145, 419738.1933335784 4593974.791761086))"
"65/2017","2017-02-21","2017","2","Dimarts","18:50:00","Envestida","2","Can Rosés","818460009","Ajuntament de Rubí","Tarda (14 a 22)",,,
"66/2017","2017-02-22","2017","2","Dimecres","08:30:00","Fregament negatiu (mateix sentit)","2","Centre","818460009","Ajuntament de Rubí","Matí (06 a 14)",,,
"67/2017","2017-02-24","2017","2","Divendres","13:50:00","Encalç","2","Zona Desconeguda","818460009","Ajuntament de Rubí","Matí (06 a 14)",,,
"68/2017","2017-02-24","2017","2","Divendres","14:50:00","Xoc sense sortida de via","1","Castellnou - Can Mir","818460009","Ajuntament de Rubí","Tarda (14 a 22)",,,
"70/2017","2017-02-24","2017","2","Divendres","18:45:00","Encalç","2","El Progrés - Rubí 2000","818460009","Ajuntament de Rubí","Tarda (14 a 22)",,,
"71/2017","2017-02-25","2017","2","Dissabte","00:09:00","Sortida de via amb caiguda, bolcada, xoc","1","El Progrés - Rubí 2000","818460009","Ajuntament de Rubí","Nit (22 a 06)",,,
"72/2017","2017-02-25","2017","2","Dissabte","10:00:00","Envestida","2","Ca n'Oriol","818460009","Ajuntament de Rubí","Matí (06 a 14)",,,
"69/2017","2017-02-26","2017","2","Diumenge","01:05:00","Xoc sense sortida de via","3","Plana de Can Bertran","818460009","Ajuntament de Rubí","Nit (22 a 06)","41.4941186279","2.0370186484","MULTILINESTRING ((419619.26664054615 4594058.8262137305, 419619.0685873949 4594058.854051642))"
"75/2017","2017-02-26","2017","2","Diumenge","05:15:00","Sortida de via amb caiguda, bolcada, xoc","1","Zona Desconeguda","818460009","Ajuntament de Rubí","Nit (22 a 06)",,,
"73/2017","2017-02-26","2017","2","Diumenge","09:00:00","Col·lisió frontal","2","Castellnou - Can Mir","818460009","Ajuntament de Rubí","Matí (06 a 14)","41.5223785467","2.0106294642","MULTILINESTRING ((417452.31175407354 4597221.062713909, 417452.3329720979 4597221.261585213))"
"74/2017","2017-02-27","2017","2","Dilluns","18:52:00","Envestida","2","Zona Desconeguda","818460009","Ajuntament de Rubí","Tarda (14 a 22)",,,
"76/2017","2017-03-01","2017","3","Dimecres","06:45:00","Envestida","2","Centre","818460009","Ajuntament de Rubí","Matí (06 a 14)",,,
"77/2017","2017-03-01","2017","3","Dimecres","07:15:00","Xoc sense sortida de via","2","El Mercat","818460009","Ajuntament de Rubí","Matí (06 a 14)","41.4892399294","2.0346527859","MULTILINESTRING ((419415.56887712644 4593519.476278837, 419415.7078028354 4593519.332405117))"
"78/2017","2017-03-01","2017","3","Dimecres","12:00:00","Fregament negatiu (mateix sentit)","2","Ca n'Oriol","818460009","Ajuntament de Rubí","Matí (06 a 14)","41.4979884677","2.0389848348","MULTILINESTRING ((419788.0670532798 4594486.547871668, 419788.0604377062 4594486.747762224))"
"80/2017","2017-03-02","2017","3","Dijous","11:40:00","Xoc sense sortida de via","1","Zona Desconeguda","818460009","Ajuntament de Rubí","Matí (06 a 14)",,,
"79/2017","2017-03-02","2017","3","Dijous","20:10:00","Xoc sense sortida de via","1","Els Avets","818460009","Ajuntament de Rubí","Tarda (14 a 22)",,,
"81/2017","2017-03-03","2017","3","Divendres","09:25:00","Envestida","2","Centre","818460009","Ajuntament de Rubí","Matí (06 a 14)",,,
"82/2017","2017-03-03","2017","3","Divendres","10:43:00","Envestida","2","Zona Nord - La Serreta","818460009","Ajuntament de Rubí","Matí (06 a 14)",,,
"83/2017","2017-03-03","2017","3","Divendres","14:35:00","Envestida","2","Centre","818460009","Ajuntament de Rubí","Tarda (14 a 22)",,,
"84/2017","2017-03-03","2017","3","Divendres","17:25:00","Envestida","2","Centre","818460009","Ajuntament de Rubí","Tarda (14 a 22)",,,
"85/2017","2017-03-03","2017","3","Divendres","20:30:00","Xoc sense sortida de via","2","Plana de Can Bertran","818460009","Ajuntament de Rubí","Tarda (14 a 22)","41.4935043377","2.0384462404","MULTILINESTRING ((419737.57689515036 4593989.215019613, 419737.5688935337 4593989.414859484))"
"86/2017","2017-03-04","2017","3","Dissabte","13:30:00","Fregament positiu (diferent sentit)","2","El Pinar","818460009","Ajuntament de Rubí","Matí (06 a 14)",,,
"87/2017","2017-03-05","2017","3","Diumenge","04:45:00","Xoc sense sortida de via","4","Centre","818460009","Ajuntament de Rubí","Nit (22 a 06)",,,
"88/2017","2017-03-07","2017","3","Dimarts","15:40:00","Fregament negatiu (mateix sentit)","2","Zona Desconeguda","818460009","Ajuntament de Rubí","Tarda (14 a 22)",,,
"89/2017","2017-03-07","2017","3","Dimarts","17:00:00","Envestida","4","Can Rosés","818460009","Ajuntament de Rubí","Tarda (14 a 22)","41.5044337532","2.0356120099","MULTILINESTRING ((419514.45806367643 4595205.272223261, 419514.59485156863 4595205.418131015))"
"90/2017","2017-03-07","2017","3","Dimarts","18:10:00","Envestida","2","Castellnou - Can Mir","818460009","Ajuntament de Rubí","Tarda (14 a 22)","41.5231570892","2.0104834436","MULTILINESTRING ((417441.1894763296 4597307.657273702, 417441.0679684395 4597307.816131604))"
"92/2017","2017-03-08","2017","3","Dimecres","07:30:00","Encalç","2","Plana de Can Bertran","818460009","Ajuntament de Rubí","Matí (06 a 14)","41.490262141","2.0379425085","MULTILINESTRING ((419691.5860444094 4593629.755355646, 419691.4549592127 4593629.9064075295))"
"93/2017","2017-03-08","2017","3","Dimecres","09:50:00","Fregament negatiu (mateix sentit)","2","Zona Desconeguda","818460009","Ajuntament de Rubí","Matí (06 a 14)",,,
"94/2017","2017-03-09","2017","3","Dijous","07:00:00","Xoc sense sortida de via","2","Can Rosés","818460009","Ajuntament de Rubí","Matí (06 a 14)","41.5035659483","2.0347303519","MULTILINESTRING ((419439.80708097987 4595109.743000393, 419439.93064130645 4595109.90026719))"
"95/2017","2017-03-10","2017","3","Divendres","06:48:00","Fregament positiu (diferent sentit)","3","Sant Jordi Parc","818460009","Ajuntament de Rubí","Matí (06 a 14)",,,
"96/2017","2017-03-10","2017","3","Divendres","16:45:00","Atropellament","2","El Progrés - Rubí 2000","818460009","Ajuntament de Rubí","Tarda (14 a 22)",,,
"97/2017","2017-03-11","2017","3","Dissabte","23:20:00","Sortida de via amb caiguda, bolcada, xoc","1","Sant Muç","818460009","Ajuntament de Rubí","Nit (22 a 06)",,,
"98/2017","2017-03-12","2017","3","Diumenge","09:14:00","Envestida","2","Can Vallhonrat","818460009","Ajuntament de Rubí","Matí (06 a 14)","41.4741889365","2.0311625954","MULTILINESTRING ((419105.6664662536 4591851.686061168, 419105.4665883382 4591851.693048223))"
"99/2017","2017-03-12","2017","3","Diumenge","12:52:00","Fregament negatiu (mateix sentit)","2","Plana de Can Bertran","818460009","Ajuntament de Rubí","Matí (06 a 14)","41.4940528417","2.037409215","MULTILINESTRING ((419651.6533999911 4594051.079519974, 419651.721799988 4594051.267459965))"
"103/2017","2017-03-13","2017","3","Dilluns","11:05:00","Atropellament","2","Plana de Can Bertran","818460009","Ajuntament de Rubí","Matí (06 a 14)","41.4911600623","2.0385835933","MULTILINESTRING ((419746.1475289926 4593728.823818687, 419746.1414053233 4593729.023724918))"
"100/2017","2017-03-13","2017","3","Dilluns","12:15:00","Col·lisió frontal","2","Centre","818460009","Ajuntament de Rubí","Matí (06 a 14)",,,
"101/2017","2017-03-14","2017","3","Dimarts","07:25:00","Atropellament","2","Zona Desconeguda","818460009","Ajuntament de Rubí","Matí (06 a 14)",,,
"102/2017","2017-03-14","2017","3","Dimarts","12:02:00","Envestida","2","Centre","818460009","Ajuntament de Rubí","Matí (06 a 14)","41.4957377032","2.0318883969","MULTILINESTRING ((419192.9540784388 4594243.473123326, 419192.9436045849 4594243.27339777))"
"104/2017","2017-03-16","2017","3","Dijous","01:15:00","Fregament negatiu (mateix sentit)","4","Ca n'Oriol","818460009","Ajuntament de Rubí","Nit (22 a 06)","41.4974075409","2.0416016067","MULTILINESTRING ((420005.8267247131 4594419.651824383, 420005.69816628424 4594419.805032511))"
"105/2017","2017-03-16","2017","3","Dijous","05:30:00","Encalç","2","Zona Desconeguda","818460009","Ajuntament de Rubí","Nit (22 a 06)",,,
"106/2017","2017-03-16","2017","3","Dijous","12:49:00","Fregament negatiu (mateix sentit)","2","Centre","818460009","Ajuntament de Rubí","Matí (06 a 14)",,,
"107/2017","2017-03-16","2017","3","Dijous","17:10:00","Fregament negatiu (mateix sentit)","2","El Progrés - Rubí 2000","818460009","Ajuntament de Rubí","Tarda (14 a 22)",,,
"108/2017","2017-03-17","2017","3","Divendres","11:50:00","Fregament negatiu (mateix sentit)","2","El Progrés - Rubí 2000","818460009","Ajuntament de Rubí","Matí (06 a 14)",,,
"109/2017","2017-03-18","2017","3","Dissabte","04:30:00","Fregament negatiu (mateix sentit)","2","Zona Desconeguda","818460009","Ajuntament de Rubí","Nit (22 a 06)",,,
"110/2017","2017-03-18","2017","3","Dissabte","20:10:00","Xoc sense sortida de via","1","Sant Jordi Parc","818460009","Ajuntament de Rubí","Tarda (14 a 22)","41.4919685605","2.0221201555","MULTILINESTRING ((418372.9640313224 4593834.097363166, 418372.7641417633 4593834.090717554))"
"111/2017","2017-03-19","2017","3","Diumenge","14:14:00","Encalç","2","Els Avets","818460009","Ajuntament de Rubí","Tarda (14 a 22)","41.4888914191","2.0181932211","MULTILINESTRING ((418041.16159818904 4593496.27798692, 418041.2107309188 4593496.0841158945))"
"112/2017","2017-03-19","2017","3","Diumenge","21:15:00","Xoc sense sortida de via","1","Can Rosés","818460009","Ajuntament de Rubí","Tarda (14 a 22)",,,
"113/2017","2017-03-20","2017","3","Dilluns","19:00:00","Encalç","2","Zona Desconeguda","818460009","Ajuntament de Rubí","Tarda (14 a 22)",,,
"115/2017","2017-03-21","2017","3","Dimarts","07:35:00","Encalç","2","Centre","818460009","Ajuntament de Rubí","Matí (06 a 14)","41.4968998777","2.0303867775","MULTILINESTRING ((419069.05943883274 4594373.9034662545, 419069.0524517769 4594373.703588338))"
"114/2017","2017-03-21","2017","3","Dimarts","10:20:00","Sortida de via amb caiguda, bolcada, xoc","1","Zona Desconeguda","818460009","Ajuntament de Rubí","Matí (06 a 14)",,,
"117/2017","2017-03-22","2017","3","Dimecres","15:15:00","Xoc sense sortida de via","1","Sant Muç","818460009","Ajuntament de Rubí","Tarda (14 a 22)",,,
"116/2017","2017-03-22","2017","3","Dimecres","22:10:00","Xoc sense sortida de via","1","Can Rosés","818460009","Ajuntament de Rubí","Nit (22 a 06)","41.5083706337","2.039158906","MULTILINESTRING ((419815.3035246036 4595639.117132358, 419815.5026661382 4595639.135643146))"
"119/2017","2017-03-23","2017","3","Dijous","12:35:00","Col·lisió frontal","2","Ca n'Oriol","818460009","Ajuntament de Rubí","Matí (06 a 14)","41.4957438684","2.0394297139","MULTILINESTRING ((419822.5088813259 4594237.096240516, 419822.347075101 4594236.978687356))"
"120/2017","2017-03-23","2017","3","Dijous","14:00:00","Col·lisió frontal","2","Can Vallhonrat","818460009","Ajuntament de Rubí","Tarda (14 a 22)","41.4741889365","2.0311625954","MULTILINESTRING ((419105.6664662536 4591851.686061168, 419105.4665883382 4591851.693048223))"
"121/2017","2017-03-23","2017","3","Dijous","23:00:00","Xoc sense sortida de via","1","Ca n'Oriol","818460009","Ajuntament de Rubí","Nit (22 a 06)","41.4981211636","2.0425858778","MULTILINESTRING ((420088.8685041889 4594498.112582041, 420088.72033891856 4594497.978242722))"
"122/2017","2017-03-24","2017","3","Divendres","09:47:00","Xoc sense sortida de via","2","Centre","818460009","Ajuntament de Rubí","Matí (06 a 14)",,,
"123/2017","2017-03-24","2017","3","Divendres","12:13:00","Encalç","2","Zona Desconeguda","818460009","Ajuntament de Rubí","Matí (06 a 14)",,,
"118/2017","2017-03-24","2017","3","Divendres","14:05:00","Encalç","2","Sector Z","818460009","Ajuntament de Rubí","Tarda (14 a 22)",,,
"124/2017","2017-03-24","2017","3","Divendres","21:15:00","Encalç","2","Zona Desconeguda","818460009","Ajuntament de Rubí","Tarda (14 a 22)",,,
"125/2017","2017-03-28","2017","3","Dimarts","06:25:00","Atropellament","2","Can Rosés","818460009","Ajuntament de Rubí","Matí (06 a 14)",,,
"126/2017","2017-03-28","2017","3","Dimarts","11:35:00","Xoc sense sortida de via","2","Zona Desconeguda","818460009","Ajuntament de Rubí","Matí (06 a 14)",,,
"127/2017","2017-03-28","2017","3","Dimarts","19:26:00","Fregament negatiu (mateix sentit)","2","Centre","818460009","Ajuntament de Rubí","Tarda (14 a 22)","41.4928515538","2.0338717503","MULTILINESTRING ((419355.01869108924 4593921.096654619, 419354.8187214523 4593921.100139492))"
"128/2017","2017-03-29","2017","3","Dimecres","08:10:00","Encalç","3","Plana de Can Bertran","818460009","Ajuntament de Rubí","Matí (06 a 14)","41.4924556662","2.0385026981","MULTILINESTRING ((419740.99512209196 4593872.738096393, 419740.98692945595 4593872.937928525))"
"129/2017","2017-03-29","2017","3","Dimecres","12:35:00","Atropellament","3","Zona Nord - La Serreta","818460009","Ajuntament de Rubí","Matí (06 a 14)",,,
"130/2017","2017-03-31","2017","3","Divendres","20:30:00","Envestida","2","Centre","818460009","Ajuntament de Rubí","Tarda (14 a 22)",,,
"131/2017","2017-03-31","2017","3","Divendres","22:45:00","Encalç","2","Zona Nord - La Serreta","818460009","Ajuntament de Rubí","Nit (22 a 06)","41.4995424596","2.0379378339","MULTILINESTRING ((419702.59360000025 4594660.245500001, 419702.59360000025 4594660.045499999))"
"132/2017","2017-04-01","2017","4","Dissabte","12:45:00","Encalç","2","Centre","818460009","Ajuntament de Rubí","Matí (06 a 14)","41.4923455905","2.0304975494","MULTILINESTRING ((419072.7327910896 4593868.07645462, 419072.5328214528 4593868.079939492))"
"133/2017","2017-04-03","2017","4","Dilluns","08:00:00","Envestida","2","Can Vallhonrat","818460009","Ajuntament de Rubí","Matí (06 a 14)","41.4742422353","2.0323846158","MULTILINESTRING ((419207.76816625404 4591856.461261167, 419207.5682883387 4591856.468248223))"
"134/2017","2017-04-03","2017","4","Dilluns","15:46:00","Encalç","2","Centre","818460009","Ajuntament de Rubí","Tarda (14 a 22)","41.4959839966","2.0311058114","MULTILINESTRING ((419127.93827843864 4594271.548523326, 419127.9278045847 4594271.348797768))"
"135/2017","2017-04-03","2017","4","Dilluns","16:40:00","Encalç","2","Sector Z","818460009","Ajuntament de Rubí","Tarda (14 a 22)",,,
"136/2017","2017-04-04","2017","4","Dimarts","17:00:00","Envestida","2","Sector Z","818460009","Ajuntament de Rubí","Tarda (14 a 22)",,,
"137/2017","2017-04-05","2017","4","Dimecres","07:00:00","Xoc sense sortida de via","1","Centre","818460009","Ajuntament de Rubí","Matí (06 a 14)",,,
"138/2017","2017-04-05","2017","4","Dimecres","13:20:00","Encalç","2","Zona Desconeguda","818460009","Ajuntament de Rubí","Matí (06 a 14)",,,
"140/2017","2017-04-05","2017","4","Dimecres","20:45:00","Xoc sense sortida de via","1","Zona Desconeguda","818460009","Ajuntament de Rubí","Tarda (14 a 22)",,,
"139/2017","2017-04-05","2017","4","Dimecres","21:00:00","Fregament negatiu (mateix sentit)","2","Can Fatjó","818460009","Ajuntament de Rubí","Tarda (14 a 22)","41.4825836547","2.0238861296","MULTILINESTRING ((418508.6100876547 4592790.468771762, 418508.42585020635 4592790.5465956805))"
"143/2017","2017-04-06","2017","4","Dijous","06:20:00","Fregament negatiu (mateix sentit)","2","Ca n'Oriol","818460009","Ajuntament de Rubí","Matí (06 a 14)","41.5027748654","2.0476548667","MULTILINESTRING ((420517.55368583114 4595009.934546751, 420517.5997811081 4595010.129162335))"
"141/2017","2017-04-06","2017","4","Dijous","07:05:00","Sortida de via amb caiguda, bolcada, xoc","2","Zona Nord - La Serreta","818460009","Ajuntament de Rubí","Matí (06 a 14)","41.5003506681","2.0379012754","MULTILINESTRING ((419700.55209630623 4594749.808299493, 419700.5293284082 4594750.006999325))"
"142/2017","2017-04-06","2017","4","Dijous","08:30:00","Fregament negatiu (mateix sentit)","2","Plana de Can Bertran","818460009","Ajuntament de Rubí","Matí (06 a 14)",,,
"144/2017","2017-04-08","2017","4","Dissabte","11:40:00","Envestida","2","Zona Desconeguda","818460009","Ajuntament de Rubí","Matí (06 a 14)",,,
"145/2017","2017-04-08","2017","4","Dissabte","14:20:00","Xoc sense sortida de via","1","Plana de Can Bertran","818460009","Ajuntament de Rubí","Tarda (14 a 22)",,,
"147/2017","2017-04-08","2017","4","Dissabte","16:05:00","Fregament negatiu (mateix sentit)","2","Castellnou - Can Mir","818460009","Ajuntament de Rubí","Tarda (14 a 22)","41.536463493","1.9921910103","MULTILINESTRING ((415932.0509090723 4598802.725622374, 415932.22347876284 4598802.624529835))"
"148/2017","2017-04-09","2017","4","Diumenge","06:55:00","Xoc sense sortida de via","1","Can Fatjó","818460009","Ajuntament de Rubí","Matí (06 a 14)","41.482151009","2.0259271128","MULTILINESTRING ((418678.46447680274 4592740.591580263, 418678.2791690703 4592740.516340352))"
"149/2017","2017-04-09","2017","4","Diumenge","10:30:00","Xoc sense sortida de via","2","Centre","818460009","Ajuntament de Rubí","Matí (06 a 14)","41.4924219461","2.0302836294","MULTILINESTRING ((419054.7711089103 4593876.75724538, 419054.9710785472 4593876.7537605055))"
"150/2017","2017-04-09","2017","4","Diumenge","15:13:00","Envestida","2","El Mercat","818460009","Ajuntament de Rubí","Tarda (14 a 22)",,,
"151/2017","2017-04-10","2017","4","Dilluns","09:30:00","Xoc sense sortida de via","2","Els Avets","818460009","Ajuntament de Rubí","Matí (06 a 14)","41.4876644087","2.0154367592","MULTILINESTRING ((417809.62980607967 4593362.573698947, 417809.4298081062 4593362.572798596))"
"153/2017","2017-04-12","2017","4","Dimecres","08:40:00","Envestida","2","Centre","818460009","Ajuntament de Rubí","Matí (06 a 14)",,,
"152/2017","2017-04-13","2017","4","Dijous","14:30:00","Xoc sense sortida de via","2","Zona Nord - La Serreta","818460009","Ajuntament de Rubí","Tarda (14 a 22)","41.4972087997","2.0327286939","MULTILINESTRING ((419264.8966282507 4594405.812724497, 419264.9338376676 4594406.009232664))"
"154/2017","2017-04-14","2017","4","Divendres","09:00:00","Atropellament","2","Can Fatjó","818460009","Ajuntament de Rubí","Matí (06 a 14)","41.4904669881","2.0258845023","MULTILINESTRING ((418685.1142260092 4593663.829235302, 418685.31273467897 4593663.853613734))"
"156/2017","2017-04-14","2017","4","Divendres","23:35:00","Envestida","2","Centre","818460009","Ajuntament de Rubí","Nit (22 a 06)",,,
"155/2017","2017-04-15","2017","4","Dissabte","05:14:00","Xoc sense sortida de via","1","Zona Desconeguda","818460009","Ajuntament de Rubí","Nit (22 a 06)",,,
"157/2017","2017-04-15","2017","4","Dissabte","16:10:00","Xoc sense sortida de via","2","Zona Desconeguda","818460009","Ajuntament de Rubí","Tarda (14 a 22)",,,
"158/2017","2017-04-19","2017","4","Dimecres","20:00:00","Xoc sense sortida de via","2","Zona Nord - La Serreta","818460009","Ajuntament de Rubí","Tarda (14 a 22)","41.4954738919","2.0377398531","MULTILINESTRING ((419681.13043823047 4594208.679891795, 419680.9540843073 4594208.585555725))"
"159/2017","2017-04-20","2017","4","Dijous","07:30:00","Múltiple","3","Ca n'Oriol","818460009","Ajuntament de Rubí","Matí (06 a 14)","41.4959010801","2.0415797322","MULTILINESTRING ((420001.9856360313 4594252.476175981, 420002.17994804156 4594252.523534643))"
"160/2017","2017-04-20","2017","4","Dijous","12:30:00","Col·lisió frontal","2","Sant Muç","818460009","Ajuntament de Rubí","Matí (06 a 14)",,,
"161/2017","2017-04-20","2017","4","Dijous","12:40:00","Xoc sense sortida de via","1","Can Fatjó","818460009","Ajuntament de Rubí","Matí (06 a 14)","41.4900400284","2.0246500327","MULTILINESTRING ((418581.66323587066 4593617.695670014, 418581.5960478276 4593617.507293351))"
"162/2017","2017-04-22","2017","4","Dissabte","10:30:00","Envestida","2","El Mercat","818460009","Ajuntament de Rubí","Matí (06 a 14)",,,
"163/2017","2017-04-22","2017","4","Dissabte","20:17:00","Sortida de via amb caiguda, bolcada, xoc","1","Centre","818460009","Ajuntament de Rubí","Tarda (14 a 22)","41.4947389309","2.0320685741","MULTILINESTRING ((419206.84686625353 4594132.316661167, 419206.64698833815 4594132.323648224))"
"164/2017","2017-04-23","2017","4","Diumenge","19:00:00","Atropellament","3","Les Torres","818460009","Ajuntament de Rubí","Tarda (14 a 22)","41.4853310401","2.0328897718","MULTILINESTRING ((419263.710524669 4593087.061290435, 419263.51419955876 4593087.099453913))"
"165/2017","2017-04-25","2017","4","Dimarts","05:10:00","Sortida de via amb caiguda, bolcada, xoc","1","Plana del Castell","818460009","Ajuntament de Rubí","Nit (22 a 06)",,,
"166/2017","2017-04-27","2017","4","Dijous","07:35:00","Col·lisió frontal","2","Can Fatjó","818460009","Ajuntament de Rubí","Matí (06 a 14)",,,
"167/2017","2017-04-27","2017","4","Dijous","13:25:00","Atropellament","2","Centre","818460009","Ajuntament de Rubí","Matí (06 a 14)",,,
"170/2017","2017-04-28","2017","4","Divendres","13:30:00","Fregament negatiu (mateix sentit)","4","Can Rosés","818460009","Ajuntament de Rubí","Matí (06 a 14)","41.5077531664","2.0379268487","MULTILINESTRING ((419711.89798370865 4595571.781432657, 419711.74344494473 4595571.654476875))"
"169/2017","2017-04-29","2017","4","Dissabte","08:10:00","Xoc sense sortida de via","2","Zona Nord - La Serreta","818460009","Ajuntament de Rubí","Matí (06 a 14)",,,
"168/2017","2017-04-29","2017","4","Dissabte","11:05:00","Atropellament","2","Sant Muç","818460009","Ajuntament de Rubí","Matí (06 a 14)",,,
"171/2017","2017-05-01","2017","5","Dilluns","10:46:00","Col·lisió frontal","2","Zona Desconeguda","818460009","Ajuntament de Rubí","Matí (06 a 14)",,,
"172/2017","2017-05-02","2017","5","Dimarts","14:00:00","Envestida","2","Zona Desconeguda","818460009","Ajuntament de Rubí","Tarda (14 a 22)",,,
"173/2017","2017-05-03","2017","5","Dimecres","14:15:00","Encalç","3","Zona Desconeguda","818460009","Ajuntament de Rubí","Tarda (14 a 22)",,,
"174/2017","2017-05-05","2017","5","Divendres","16:20:00","Sortida de via amb caiguda, bolcada, xoc","1","Can Fatjó","818460009","Ajuntament de Rubí","Tarda (14 a 22)",,,
"175/2017","2017-05-06","2017","5","Dissabte","11:05:00","Envestida","2","Sector Z","818460009","Ajuntament de Rubí","Matí (06 a 14)",,,
"176/2017","2017-05-06","2017","5","Dissabte","20:05:00","Xoc sense sortida de via","2","El Progrés - Rubí 2000","818460009","Ajuntament de Rubí","Tarda (14 a 22)","41.4857188599","2.0338422272","MULTILINESTRING ((419343.58818480844 4593129.149576426, 419343.62634641124 4593129.345901899))"
"177/2017","2017-05-07","2017","5","Diumenge","15:45:00","Envestida","2","Ca n'Oriol","818460009","Ajuntament de Rubí","Tarda (14 a 22)",,,
"178/2017","2017-05-07","2017","5","Diumenge","15:46:00","Envestida","2","Centre","818460009","Ajuntament de Rubí","Tarda (14 a 22)",,,
"179/2017","2017-05-08","2017","5","Dilluns","14:10:00","Envestida","2","Can Vallhonrat","818460009","Ajuntament de Rubí","Tarda (14 a 22)","41.4741889365","2.0311625954","MULTILINESTRING ((419105.6664662536 4591851.686061168, 419105.4665883382 4591851.693048223))"
"180/2017","2017-05-09","2017","5","Dimarts","20:55:00","Xoc sense sortida de via","2","El Progrés - Rubí 2000","818460009","Ajuntament de Rubí","Tarda (14 a 22)",,,
"181/2017","2017-05-10","2017","5","Dimecres","08:05:00","Atropellament","2","Centre","818460009","Ajuntament de Rubí","Matí (06 a 14)","41.4906686711","2.0295508025","MULTILINESTRING ((418991.4147337463 4593682.794938832, 418991.6146116617 4593682.787951777))"
"183/2017","2017-05-10","2017","5","Dimecres","10:20:00","Envestida","2","El Progrés - Rubí 2000","818460009","Ajuntament de Rubí","Matí (06 a 14)",,,
"182/2017","2017-05-10","2017","5","Dimecres","11:35:00","Sortida de via amb caiguda, bolcada, xoc","3","Can Barceló - Vallespark","818460009","Ajuntament de Rubí","Matí (06 a 14)",,,
"184/2017","2017-05-11","2017","5","Dijous","08:10:00","Encalç","2","Can Vallhonrat","818460009","Ajuntament de Rubí","Matí (06 a 14)","41.4741889365","2.0311625954","MULTILINESTRING ((419105.6664662536 4591851.686061168, 419105.4665883382 4591851.693048223))"
"185/2017","2017-05-11","2017","5","Dijous","10:30:00","Fregament negatiu (mateix sentit)","2","Centre","818460009","Ajuntament de Rubí","Matí (06 a 14)","41.4906648983","2.0307577914","MULTILINESTRING ((419092.22903310746 4593681.14924352, 419092.30071080977 4593681.335958026))"
"187/2017","2017-05-12","2017","5","Divendres","11:15:00","Col·lisió frontal","2","Centre","818460009","Ajuntament de Rubí","Matí (06 a 14)","41.4943117924","2.0332587305","MULTILINESTRING ((419305.65732428245 4594083.811639973, 419305.4632657098 4594083.763253297))"
"186/2017","2017-05-12","2017","5","Divendres","16:20:00","Col·lisió frontal","2","Zona Desconeguda","818460009","Ajuntament de Rubí","Tarda (14 a 22)",,,
"195/2017","2017-05-12","2017","5","Divendres","16:30:00","Sortida de via amb caiguda, bolcada, xoc","1","Centre","818460009","Ajuntament de Rubí","Tarda (14 a 22)",,,
"189/2017","2017-05-13","2017","5","Dissabte","09:45:00","Encalç","2","Centre","818460009","Ajuntament de Rubí","Matí (06 a 14)",,,
"190/2017","2017-05-13","2017","5","Dissabte","12:00:00","Sortida de via amb caiguda, bolcada, xoc","1","Sant Muç","818460009","Ajuntament de Rubí","Matí (06 a 14)",,,
"188/2017","2017-05-13","2017","5","Dissabte","21:45:00","Encalç","2","Zona Desconeguda","818460009","Ajuntament de Rubí","Tarda (14 a 22)",,,
"192/2017","2017-05-14","2017","5","Diumenge","02:55:00","Xoc sense sortida de via","3","Zona Nord - La Serreta","818460009","Ajuntament de Rubí","Nit (22 a 06)","41.4993372415","2.0379458183","MULTILINESTRING ((419702.9983169626 4594637.254886222, 419703.01468928356 4594637.454214963))"
"191/2017","2017-05-14","2017","5","Diumenge","12:40:00","Xoc sense sortida de via","1","Sant Muç","818460009","Ajuntament de Rubí","Matí (06 a 14)","41.5080172026","2.0142346424","MULTILINESTRING ((417734.8391291502 4595623.3195791645, 417735.0375722002 4595623.294672219))"
"193/2017","2017-05-15","2017","5","Dilluns","20:50:00","Múltiple","3","Centre","818460009","Ajuntament de Rubí","Tarda (14 a 22)","41.4958348845","2.0322351448","MULTILINESTRING ((419222.07682471373 4594253.7618243825, 419221.9482662848 4594253.91503251))"
"194/2017","2017-05-16","2017","5","Dimarts","08:40:00","Fregament negatiu (mateix sentit)","2","Ca n'Alzamora","818460009","Ajuntament de Rubí","Matí (06 a 14)",,,
"196/2017","2017-05-16","2017","5","Dimarts","12:28:00","Fregament negatiu (mateix sentit)","2","Zona Desconeguda","818460009","Ajuntament de Rubí","Matí (06 a 14)",,,
"197/2017","2017-05-19","2017","5","Divendres","13:35:00","Encalç","2","Zona Desconeguda","818460009","Ajuntament de Rubí","Matí (06 a 14)",,,
"198/2017","2017-05-20","2017","5","Dissabte","12:45:00","Xoc sense sortida de via","3","Zona Nord - La Serreta","818460009","Ajuntament de Rubí","Matí (06 a 14)",,,
"199/2017","2017-05-20","2017","5","Dissabte","14:30:00","Encalç","3","Zona Desconeguda","818460009","Ajuntament de Rubí","Tarda (14 a 22)",,,
"200/2017","2017-05-21","2017","5","Diumenge","11:45:00","Sortida de via amb caiguda, bolcada, xoc","1","Zona Desconeguda","818460009","Ajuntament de Rubí","Matí (06 a 14)",,,
"201/2017","2017-05-21","2017","5","Diumenge","17:00:00","Sortida de via amb caiguda, bolcada, xoc","2","Zona Desconeguda","818460009","Ajuntament de Rubí","Tarda (14 a 22)",,,
"202/2017","2017-05-21","2017","5","Diumenge","17:10:00","Encalç","2","Zona Nord - La Serreta","818460009","Ajuntament de Rubí","Tarda (14 a 22)","41.4980158915","2.038188177","MULTILINESTRING ((419721.6060238327 4594490.331848338, 419721.60023177695 4594490.5317644505))"
"203/2017","2017-05-22","2017","5","Dilluns","09:10:00","Fregament negatiu (mateix sentit)","2","Zona Nord - La Serreta","818460009","Ajuntament de Rubí","Matí (06 a 14)",,,
"204/2017","2017-05-22","2017","5","Dilluns","21:15:00","Altres (incendi, explosió, esllavissada, etc.)","1","Can Rosés","818460009","Ajuntament de Rubí","Tarda (14 a 22)",,,
"205/2017","2017-05-24","2017","5","Dimecres","09:55:00","Xoc sense sortida de via","2","Can Rosés","818460009","Ajuntament de Rubí","Matí (06 a 14)",,,
"207/2017","2017-05-25","2017","5","Dijous","20:05:00","Fregament negatiu (mateix sentit)","2","Ca n'Alzamora","818460009","Ajuntament de Rubí","Tarda (14 a 22)","41.479931161","2.0313956878","MULTILINESTRING ((419132.0707757175 4592489.001539973, 419132.26483429 4592488.953153296))"
"206/2017","2017-05-26","2017","5","Divendres","01:30:00","Xoc sense sortida de via","2","Can Vallhonrat","818460009","Ajuntament de Rubí","Nit (22 a 06)","41.4741889365","2.0311625954","MULTILINESTRING ((419105.6664662536 4591851.686061168, 419105.4665883382 4591851.693048223))"
"208/2017","2017-05-26","2017","5","Divendres","07:30:00","Xoc sense sortida de via","2","Can Rosés","818460009","Ajuntament de Rubí","Matí (06 a 14)","41.5071480969","2.0369940603","MULTILINESTRING ((419633.30448370794 4595505.472632656, 419633.1499449439 4595505.345676874))"
"209/2017","2017-05-26","2017","5","Divendres","11:15:00","Atropellament","2","Centre","818460009","Ajuntament de Rubí","Matí (06 a 14)",,,
"210/2017","2017-05-26","2017","5","Divendres","14:40:00","Envestida","2","Plana de Can Bertran","818460009","Ajuntament de Rubí","Tarda (14 a 22)","41.490773378","2.0386248097","MULTILINESTRING ((419749.11082899256 4593685.855518689, 419749.1047053232 4593686.055424918))"
"213/2017","2017-05-26","2017","5","Divendres","19:00:00","Xoc sense sortida de via","3","Zona Nord - La Serreta","818460009","Ajuntament de Rubí","Tarda (14 a 22)","41.4966687308","2.031948553","MULTILINESTRING ((419199.1342462706 4594346.780461559, 419199.1202950275 4594346.580948745))"
"211/2017","2017-05-27","2017","5","Dissabte","16:20:00","Envestida","2","Zona Desconeguda","818460009","Ajuntament de Rubí","Tarda (14 a 22)",,,
"212/2017","2017-05-28","2017","5","Diumenge","10:20:00","Encalç","2","Centre","818460009","Ajuntament de Rubí","Matí (06 a 14)",,,
"217/2017","2017-05-29","2017","5","Dilluns","09:00:00","Xoc sense sortida de via","1","Centre","818460009","Ajuntament de Rubí","Matí (06 a 14)",,,
"214/2017","2017-05-29","2017","5","Dilluns","16:50:00","Atropellament","2","Sector Z","818460009","Ajuntament de Rubí","Tarda (14 a 22)",,,
"215/2017","2017-05-29","2017","5","Dilluns","21:05:00","Fregament negatiu (mateix sentit)","2","Sector Z","818460009","Ajuntament de Rubí","Tarda (14 a 22)","41.4891796563","2.0396206879","MULTILINESTRING ((419830.2422333016 4593508.189886241, 419830.30734440195 4593508.000781655))"
"218/2017","2017-05-30","2017","5","Dimarts","16:15:00","Fregament negatiu (mateix sentit)","2","El Mercat","818460009","Ajuntament de Rubí","Tarda (14 a 22)","41.4880868485","2.0386270165","MULTILINESTRING ((419745.9554458259 4593387.594688811, 419745.99702776794 4593387.790318416))"
"216/2017","2017-05-30","2017","5","Dimarts","18:50:00","Fregament positiu (diferent sentit)","2","Zona Desconeguda","818460009","Ajuntament de Rubí","Tarda (14 a 22)",,,
"219/2017","2017-05-31","2017","5","Dimecres","07:35:00","Xoc sense sortida de via","1","Centre","818460009","Ajuntament de Rubí","Matí (06 a 14)","41.4899673548","2.0344607159","MULTILINESTRING ((419400.41304352 4593600.306933105, 419400.59975802666 4593600.378610809))"
"220/2017","2017-05-31","2017","5","Dimecres","08:15:00","Envestida","2","Ca n'Alzamora","818460009","Ajuntament de Rubí","Matí (06 a 14)",,,
"221/2017","2017-06-01","2017","6","Dijous","09:55:00","Envestida","2","Sant Jordi Parc","818460009","Ajuntament de Rubí","Matí (06 a 14)",,,
"524/2017","2017-06-02","2017","6","Divendres","12:30:00","Xoc sense sortida de via","2","Sector Z","818460009","Ajuntament de Rubí","Matí (06 a 14)",,,
"222/2017","2017-06-02","2017","6","Divendres","20:30:00","Atropellament","2","Zona Desconeguda","818460009","Ajuntament de Rubí","Tarda (14 a 22)",,,
"223/2017","2017-06-04","2017","6","Diumenge","21:50:00","Envestida","2","Centre","818460009","Ajuntament de Rubí","Tarda (14 a 22)",,,
"224/2017","2017-06-05","2017","6","Dilluns","16:00:00","Xoc sense sortida de via","2","Centre","818460009","Ajuntament de Rubí","Tarda (14 a 22)","41.4874702092","2.0307393512","MULTILINESTRING ((419086.8500614123 4593326.575551634, 419086.65054854983 4593326.589502179))"
"225/2017","2017-06-06","2017","6","Dimarts","10:30:00","Xoc sense sortida de via","3","Can Fatjó","818460009","Ajuntament de Rubí","Matí (06 a 14)","41.4628764173","2.0069557178","MULTILINESTRING ((417070.0377804147 4590618.697745259, 417069.8390072195 4590618.675627011))"
"226/2017","2017-06-06","2017","6","Dimarts","14:20:00","Col·lisió frontal","2","Can Rosés","818460009","Ajuntament de Rubí","Tarda (14 a 22)","41.5109512816","2.0360799735","MULTILINESTRING ((419561.6191486223 4595928.398730034, 419561.6813648297 4595928.588806712))"
"227/2017","2017-06-06","2017","6","Dimarts","21:50:00","Envestida","2","El Mercat","818460009","Ajuntament de Rubí","Tarda (14 a 22)",,,
"228/2017","2017-06-07","2017","6","Dimecres","09:00:00","Fregament negatiu (mateix sentit)","2","Zona Desconeguda","818460009","Ajuntament de Rubí","Matí (06 a 14)",,,
"230/2017","2017-06-08","2017","6","Dijous","10:20:00","Envestida","2","Centre","818460009","Ajuntament de Rubí","Matí (06 a 14)",,,
"236/2017","2017-06-09","2017","6","Divendres","09:15:00","Envestida","2","Can Rosés","818460009","Ajuntament de Rubí","Matí (06 a 14)","41.5035659483","2.0347303519","MULTILINESTRING ((419439.80708097987 4595109.743000393, 419439.93064130645 4595109.90026719))"
"229/2017","2017-06-09","2017","6","Divendres","15:00:00","Envestida","3","Can Serrafossà - La Perla","818460009","Ajuntament de Rubí","Tarda (14 a 22)",,,
"231/2017","2017-06-10","2017","6","Dissabte","09:30:00","Xoc sense sortida de via","1","Can Rosés","818460009","Ajuntament de Rubí","Matí (06 a 14)","41.5028341962","2.040907477","MULTILINESTRING ((419954.4487890136 4595022.76366951, 419954.5678186849 4595022.924392681))"
"232/2017","2017-06-11","2017","6","Diumenge","19:35:00","Xoc sense sortida de via","2","Centre","818460009","Ajuntament de Rubí","Tarda (14 a 22)",,,
"233/2017","2017-06-12","2017","6","Dilluns","07:10:00","Envestida","2","Can Fatjó","818460009","Ajuntament de Rubí","Matí (06 a 14)","41.4656379289","2.0072843382","MULTILINESTRING ((417100.8997999998 4590925.056300002, 417100.8997999998 4590924.856300001))"
"234/2017","2017-06-14","2017","6","Dimecres","01:50:00","Xoc sense sortida de via","3","Zona Nord - La Serreta","818460009","Ajuntament de Rubí","Nit (22 a 06)","41.4992237393","2.0329399701","MULTILINESTRING ((419285.0764904092 4594629.511463315, 419285.0275205458 4594629.317551086))"
"235/2017","2017-06-14","2017","6","Dimecres","05:40:00","Xoc sense sortida de via","1","Centre","818460009","Ajuntament de Rubí","Nit (22 a 06)","41.4947444437","2.0308555234","MULTILINESTRING ((419105.4978789628 4594133.966345606, 419105.50057195046 4594134.166327475))"
"238/2017","2017-06-14","2017","6","Dimecres","10:30:00","Envestida","2","Centre","818460009","Ajuntament de Rubí","Matí (06 a 14)",,,
"237/2017","2017-06-15","2017","6","Dijous","19:01:00","Envestida","2","Can Fatjó","818460009","Ajuntament de Rubí","Tarda (14 a 22)",,,
"240/2017","2017-06-16","2017","6","Divendres","11:30:00","Xoc sense sortida de via","2","Centre","818460009","Ajuntament de Rubí","Matí (06 a 14)",,,
"241/2017","2017-06-16","2017","6","Divendres","22:45:00","Envestida","2","Centre","818460009","Ajuntament de Rubí","Nit (22 a 06)",,,
"239/2017","2017-06-17","2017","6","Dissabte","01:50:00","Sortida de via amb caiguda, bolcada, xoc","1","Sant Muç","818460009","Ajuntament de Rubí","Nit (22 a 06)","41.5144547148","2.010338977","MULTILINESTRING ((417418.0624613563 4596341.637116314, 417417.9617151418 4596341.80988842))"
"242/2017","2017-06-18","2017","6","Diumenge","05:00:00","Col·lisió frontal","2","Zona Desconeguda","818460009","Ajuntament de Rubí","Nit (22 a 06)",,,
"243/2017","2017-06-18","2017","6","Diumenge","14:05:00","Xoc sense sortida de via","2","Zona Desconeguda","818460009","Ajuntament de Rubí","Tarda (14 a 22)",,,
"246/2017","2017-06-20","2017","6","Dimarts","12:50:00","Xoc sense sortida de via","0","Can Rosés","818460009","Ajuntament de Rubí","Matí (06 a 14)",,,
"245/2017","2017-06-20","2017","6","Dimarts","13:15:00","Xoc sense sortida de via","2","25 de Setembre","818460009","Ajuntament de Rubí","Matí (06 a 14)","41.4846136142","2.0410685978","MULTILINESTRING ((419945.4504681137 4592999.8973486405, 419945.5949908183 4592999.759098186))"
"244/2017","2017-06-20","2017","6","Dimarts","15:02:00","Xoc sense sortida de via","1","El Progrés - Rubí 2000","818460009","Ajuntament de Rubí","Tarda (14 a 22)","41.4870307891","2.0368122323","MULTILINESTRING ((419593.2621997303 4593272.088201456, 419593.08399964054 4593272.17900194))"
"255/2017","2017-06-21","2017","6","Dimecres","12:45:00","Xoc sense sortida de via","2","Can Rosés","818460009","Ajuntament de Rubí","Matí (06 a 14)","41.5035659483","2.0347303519","MULTILINESTRING ((419439.80708097987 4595109.743000393, 419439.93064130645 4595109.90026719))"
"247/2017","2017-06-22","2017","6","Dijous","11:10:00","Envestida","2","Zona Desconeguda","818460009","Ajuntament de Rubí","Matí (06 a 14)",,,
"248/2017","2017-06-26","2017","6","Dilluns","01:00:00","Sortida de via amb caiguda, bolcada, xoc","1","Can Rosés","818460009","Ajuntament de Rubí","Nit (22 a 06)",,,
"249/2017","2017-06-26","2017","6","Dilluns","12:10:00","Xoc sense sortida de via","2","Centre","818460009","Ajuntament de Rubí","Matí (06 a 14)","41.4929278999","2.0333710513","MULTILINESTRING ((419313.1184089107 4593930.043245378, 419313.3183785476 4593930.039760505))"
"252/2017","2017-06-26","2017","6","Dilluns","13:20:00","Xoc sense sortida de via","2","Zona Desconeguda","818460009","Ajuntament de Rubí","Matí (06 a 14)",,,
"251/2017","2017-06-27","2017","6","Dimarts","07:45:00","Xoc sense sortida de via","1","Centre","818460009","Ajuntament de Rubí","Matí (06 a 14)","41.492344352","2.0301754523","MULTILINESTRING ((419045.8444910899 4593868.24045462, 419045.644521453 4593868.243939492))"
"250/2017","2017-06-27","2017","6","Dimarts","15:50:00","Envestida","2","Centre","818460009","Ajuntament de Rubí","Tarda (14 a 22)",,,
"253/2017","2017-06-28","2017","6","Dimecres","15:35:00","Fregament negatiu (mateix sentit)","2","Centre","818460009","Ajuntament de Rubí","Tarda (14 a 22)","41.4930100568","2.0340746072","MULTILINESTRING ((419372.04668412777 4593938.406408395, 419372.05017883703 4593938.606377859))"
"254/2017","2017-06-30","2017","6","Divendres","01:30:00","Sortida de via amb caiguda, bolcada, xoc","1","Can Fatjó","818460009","Ajuntament de Rubí","Nit (22 a 06)",,,
"256/2017","2017-06-30","2017","6","Divendres","17:33:00","Envestida","2","Centre","818460009","Ajuntament de Rubí","Tarda (14 a 22)",,,
"257/2017","2017-06-30","2017","6","Divendres","21:00:00","Col·lisió frontal","2","Can Barceló - Vallespark","818460009","Ajuntament de Rubí","Tarda (14 a 22)","41.5291016366","1.9937862734","MULTILINESTRING ((416055.66976210073 4597983.89429517, 416055.71404946776 4597983.699260226))"
"258/2017","2017-07-01","2017","7","Dissabte","19:10:00","Sortida de via amb caiguda, bolcada, xoc","1","Can Fatjó","818460009","Ajuntament de Rubí","Tarda (14 a 22)",,,
"259/2017","2017-07-02","2017","7","Diumenge","17:30:00","Xoc sense sortida de via","2","Castellnou - Can Mir","818460009","Ajuntament de Rubí","Tarda (14 a 22)","41.5215057532","1.9965700733","MULTILINESTRING ((416278.2057834224 4597137.709447985, 416278.0817778965 4597137.866363982))"
"260/2017","2017-07-03","2017","7","Dilluns","05:25:00","Xoc sense sortida de via","1","Castellnou - Can Mir","818460009","Ajuntament de Rubí","Nit (22 a 06)",,,
"264/2017","2017-07-03","2017","7","Dilluns","08:20:00","Atropellament","2","Zona Nord - La Serreta","818460009","Ajuntament de Rubí","Matí (06 a 14)","41.494209114","2.0378275319","MULTILINESTRING ((419686.70202485117 4594068.161245957, 419686.8946664684 4594068.1074946085))"
"261/2017","2017-07-03","2017","7","Dilluns","12:20:00","Encalç","2","El Progrés - Rubí 2000","818460009","Ajuntament de Rubí","Matí (06 a 14)",,,
"262/2017","2017-07-03","2017","7","Dilluns","14:15:00","Envestida","2","Can Fatjó","818460009","Ajuntament de Rubí","Tarda (14 a 22)",,,
"263/2017","2017-07-04","2017","7","Dimarts","17:30:00","Xoc sense sortida de via","1","Centre","818460009","Ajuntament de Rubí","Tarda (14 a 22)",,,
"265/2017","2017-07-05","2017","7","Dimecres","09:30:00","Fregament negatiu (mateix sentit)","2","Can Fatjó","818460009","Ajuntament de Rubí","Matí (06 a 14)","41.4784659243","2.0247825026","MULTILINESTRING ((418578.12238033494 4592332.574455758, 418578.27500711323 4592332.445207674))"
"266/2017","2017-07-05","2017","7","Dimecres","18:20:00","Col·lisió frontal","2","Ca n'Alzamora","818460009","Ajuntament de Rubí","Tarda (14 a 22)","41.4800228053","2.036031821","MULTILINESTRING ((419519.30363710504 4592494.915069137, 419519.4003828068 4592494.740025515))"
"267/2017","2017-07-06","2017","7","Dijous","04:50:00","Envestida","2","Zona Desconeguda","818460009","Ajuntament de Rubí","Nit (22 a 06)",,,
"268/2017","2017-07-06","2017","7","Dijous","11:00:00","Sortida de via amb caiguda, bolcada, xoc","1","25 de Setembre","818460009","Ajuntament de Rubí","Matí (06 a 14)","41.4853687558","2.0411422213","MULTILINESTRING ((419952.6851332738 4593083.54640284, 419952.5120443649 4593083.646603786))"
"269/2017","2017-07-06","2017","7","Dijous","19:50:00","Encalç","2","Les Torres","818460009","Ajuntament de Rubí","Tarda (14 a 22)",,,
"270/2017","2017-07-07","2017","7","Divendres","12:50:00","Xoc sense sortida de via","1","Les Torres","818460009","Ajuntament de Rubí","Matí (06 a 14)",,,
"271/2017","2017-07-07","2017","7","Divendres","12:55:00","Col·lisió frontal","2","Sant Muç","818460009","Ajuntament de Rubí","Matí (06 a 14)","41.509077176","2.0119828304","MULTILINESTRING ((417548.45706047036 4595743.158629603, 417548.2641806271 4595743.105739469))"
"272/2017","2017-07-07","2017","7","Divendres","13:50:00","Envestida","2","Can Fatjó","818460009","Ajuntament de Rubí","Matí (06 a 14)",,,
"273/2017","2017-07-07","2017","7","Divendres","14:40:00","Xoc sense sortida de via","1","Els Avets","818460009","Ajuntament de Rubí","Tarda (14 a 22)","41.4880666862","2.0198546025","MULTILINESTRING ((418178.87999045465 4593402.954379588, 418178.7962539396 4593403.136006116))"
"275/2017","2017-07-08","2017","7","Dissabte","12:30:00","Atropellament","2","Plana de Can Bertran","818460009","Ajuntament de Rubí","Matí (06 a 14)",,,
"274/2017","2017-07-08","2017","7","Dissabte","13:30:00","Xoc sense sortida de via","2","Can Fatjó","818460009","Ajuntament de Rubí","Matí (06 a 14)","41.4900973504","2.0253033968","MULTILINESTRING ((418636.2567017298 4593623.251532304, 418636.22786897304 4593623.449443072))"
"276/2017","2017-07-10","2017","7","Dilluns","16:46:00","Envestida","2","Can Rosés","818460009","Ajuntament de Rubí","Tarda (14 a 22)",,,
"277/2017","2017-07-11","2017","7","Dimarts","13:56:00","Col·lisió frontal","2","Plana del Castell","818460009","Ajuntament de Rubí","Matí (06 a 14)",,,
"278/2017","2017-07-11","2017","7","Dimarts","16:00:00","Xoc sense sortida de via","4","Can Fatjó","818460009","Ajuntament de Rubí","Tarda (14 a 22)",,,
"279/2017","2017-07-12","2017","7","Dimecres","19:20:00","Fregament positiu (diferent sentit)","2","El Progrés - Rubí 2000","818460009","Ajuntament de Rubí","Tarda (14 a 22)","41.4875757075","2.0365344983","MULTILINESTRING ((419570.6146565608 4593332.800882578, 419570.70854208124 4593332.977476771))"
"280/2017","2017-07-12","2017","7","Dimecres","20:35:00","Sortida de via amb caiguda, bolcada, xoc","2","Plana de Can Bertran","818460009","Ajuntament de Rubí","Tarda (14 a 22)","41.4920694317","2.0364716098","MULTILINESTRING ((419570.93751199177 4593831.750567739, 419571.0031493223 4593831.9394903155))"
"281/2017","2017-07-14","2017","7","Divendres","10:15:00","Envestida","2","Centre","818460009","Ajuntament de Rubí","Matí (06 a 14)",,,
"282/2017","2017-07-14","2017","7","Divendres","12:45:00","Envestida","2","Zona Desconeguda","818460009","Ajuntament de Rubí","Matí (06 a 14)",,,
"283/2017","2017-07-14","2017","7","Divendres","14:00:00","Fregament negatiu (mateix sentit)","3","Can Rosés","818460009","Ajuntament de Rubí","Tarda (14 a 22)","41.5086055908","2.0383197967","MULTILINESTRING ((419745.66669999994 4595665.890299999, 419745.66669999994 4595666.090299999))"
"284/2017","2017-07-14","2017","7","Divendres","18:25:00","Encalç","3","Zona Desconeguda","818460009","Ajuntament de Rubí","Tarda (14 a 22)",,,
"285/2017","2017-07-14","2017","7","Divendres","21:10:00","Fregament negatiu (mateix sentit)","2","Zona Desconeguda","818460009","Ajuntament de Rubí","Tarda (14 a 22)",,,
"286/2017","2017-07-15","2017","7","Dissabte","06:10:00","Xoc sense sortida de via","1","Castellnou - Can Mir","818460009","Ajuntament de Rubí","Matí (06 a 14)",,,
"287/2017","2017-07-17","2017","7","Dilluns","17:20:00","Envestida","2","Zona Nord - La Serreta","818460009","Ajuntament de Rubí","Tarda (14 a 22)","41.4948157961","2.038359038","MULTILINESTRING ((419731.9169011865 4594134.895366689, 419731.90930158197 4594135.0952222515))"
"288/2017","2017-07-17","2017","7","Dilluns","17:45:00","Atropellament","2","Plana de Can Bertran","818460009","Ajuntament de Rubí","Tarda (14 a 22)","41.4933463839","2.0372604263","MULTILINESTRING ((419638.4289000097 4593972.974080027, 419638.3605000128 4593972.786140035))"
"289/2017","2017-07-18","2017","7","Dimarts","20:15:00","Altres (incendi, explosió, esllavissada, etc.)","3","Zona Nord - La Serreta","818460009","Ajuntament de Rubí","Tarda (14 a 22)","41.4999018891","2.0337548136","MULTILINESTRING ((419353.88978979416 4594703.844168546, 419353.91921972553 4594704.041991393))"
"290/2017","2017-07-19","2017","7","Dimecres","07:40:00","Xoc sense sortida de via","1","Centre","818460009","Ajuntament de Rubí","Matí (06 a 14)","41.49205388","2.0315245564","MULTILINESTRING ((419157.9950622178 4593834.631633708, 419158.0020496237 4593834.831511612))"
"291/2017","2017-07-19","2017","7","Dimecres","09:45:00","Atropellament","2","Centre","818460009","Ajuntament de Rubí","Matí (06 a 14)","41.4924321157","2.0317252312","MULTILINESTRING ((419175.12003479514 4593876.5395688685, 419175.31991306023 4593876.532591826))"
"292/2017","2017-07-19","2017","7","Dimecres","13:30:00","Xoc sense sortida de via","2","Ca n'Alzamora","818460009","Ajuntament de Rubí","Matí (06 a 14)","41.481187115","2.0360329046","MULTILINESTRING ((419520.79751082155 4592624.037367574, 419520.9687144287 4592624.1407567635))"
"293/2017","2017-07-19","2017","7","Dimecres","15:15:00","Fregament negatiu (mateix sentit)","2","Zona Desconeguda","818460009","Ajuntament de Rubí","Tarda (14 a 22)",,,
"294/2017","2017-07-19","2017","7","Dimecres","17:05:00","Xoc sense sortida de via","1","Sant Muç","818460009","Ajuntament de Rubí","Tarda (14 a 22)","41.5178043408","2.0099661951","MULTILINESTRING ((417391.1428037127 4596714.05786592, 417391.1866049502 4596713.862721224))"
"295/2017","2017-07-19","2017","7","Dimecres","20:35:00","Encalç","2","Sector Z","818460009","Ajuntament de Rubí","Tarda (14 a 22)",,,
"296/2017","2017-07-20","2017","7","Dijous","08:15:00","Envestida","2","Zona Desconeguda","818460009","Ajuntament de Rubí","Matí (06 a 14)",,,
"297/2017","2017-07-20","2017","7","Dijous","11:50:00","Altres (incendi, explosió, esllavissada, etc.)","2","Les Torres","818460009","Ajuntament de Rubí","Matí (06 a 14)",,,
"298/2017","2017-07-20","2017","7","Dijous","16:40:00","Envestida","2","Zona Desconeguda","818460009","Ajuntament de Rubí","Tarda (14 a 22)",,,
"299/2017","2017-07-21","2017","7","Divendres","14:00:00","Xoc sense sortida de via","2","Ca n'Oriol","818460009","Ajuntament de Rubí","Tarda (14 a 22)","41.5017724823","2.0461694817","MULTILINESTRING ((420392.3786958961 4594900.212824337, 420392.376894528 4594900.01283245))"
"300/2017","2017-07-24","2017","7","Dilluns","19:45:00","Xoc sense sortida de via","1","Sector Z","818460009","Ajuntament de Rubí","Tarda (14 a 22)","41.4886932516","2.0455411548","MULTILINESTRING ((420323.955835484 4593448.534669712, 420323.86051397875 4593448.710492948))"
"301/2017","2017-07-26","2017","7","Dimecres","19:20:00","Fregament negatiu (mateix sentit)","2","Plana de Can Bertran","818460009","Ajuntament de Rubí","Tarda (14 a 22)",,,
"302/2017","2017-07-26","2017","7","Dimecres","20:50:00","Fregament negatiu (mateix sentit)","3","Zona Desconeguda","818460009","Ajuntament de Rubí","Tarda (14 a 22)",,,
"303/2017","2017-07-27","2017","7","Dijous","07:30:00","Atropellament","2","Els Avets","818460009","Ajuntament de Rubí","Matí (06 a 14)",,,
"304/2017","2017-07-28","2017","7","Divendres","05:20:00","Envestida","2","Can Fatjó","818460009","Ajuntament de Rubí","Nit (22 a 06)","41.4748293614","2.0258373081","MULTILINESTRING ((418661.7160028798 4591927.683714565, 418661.72317050624 4591927.883586085))"
"305/2017","2017-07-29","2017","7","Dissabte","13:50:00","Atropellament","2","Ca n'Oriol","818460009","Ajuntament de Rubí","Matí (06 a 14)","41.4981211636","2.0425858778","MULTILINESTRING ((420088.8685041889 4594498.112582041, 420088.72033891856 4594497.978242722))"
"306/2017","2017-07-30","2017","7","Diumenge","02:00:00","Xoc sense sortida de via","1","Sant Muç","818460009","Ajuntament de Rubí","Nit (22 a 06)",,,
"312/2017","2017-07-31","2017","7","Dilluns","13:48:00","Fregament negatiu (mateix sentit)","2","Centre","818460009","Ajuntament de Rubí","Matí (06 a 14)",,,
"308/2017","2017-08-01","2017","8","Dimarts","10:00:00","Fregament negatiu (mateix sentit)","2","Zona Desconeguda","818460009","Ajuntament de Rubí","Matí (06 a 14)",,,
"309/2017","2017-08-01","2017","8","Dimarts","12:00:00","Xoc sense sortida de via","2","Can Fatjó","818460009","Ajuntament de Rubí","Matí (06 a 14)",,,
"307/2017","2017-08-01","2017","8","Dimarts","13:00:00","Atropellament","2","Centre","818460009","Ajuntament de Rubí","Matí (06 a 14)",,,
"310/2017","2017-08-01","2017","8","Dimarts","15:49:00","Sortida de via amb caiguda, bolcada, xoc","1","Can Fatjó","818460009","Ajuntament de Rubí","Tarda (14 a 22)","41.4791349621","2.0233242227","MULTILINESTRING ((418457.35911966464 4592408.096044242, 418457.2064928864 4592408.225292323))"
"311/2017","2017-08-01","2017","8","Dimarts","18:41:00","Sortida de via amb caiguda, bolcada, xoc","1","Centre","818460009","Ajuntament de Rubí","Tarda (14 a 22)",,,
"313/2017","2017-08-03","2017","8","Dijous","09:40:00","Envestida","2","Castellnou - Can Mir","818460009","Ajuntament de Rubí","Matí (06 a 14)",,,
"318/2017","2017-08-03","2017","8","Dijous","14:15:00","Col·lisió frontal","2","Plana de Can Bertran","818460009","Ajuntament de Rubí","Tarda (14 a 22)",,,
"319/2017","2017-08-04","2017","8","Divendres","09:29:00","Envestida","2","Zona Desconeguda","818460009","Ajuntament de Rubí","Matí (06 a 14)",,,
"314/2017","2017-08-06","2017","8","Diumenge","16:32:00","Xoc sense sortida de via","1","Can Fatjó","818460009","Ajuntament de Rubí","Tarda (14 a 22)","41.4909869177","2.0277077051","MULTILINESTRING ((418838.0243458398 4593719.757229477, 418838.0898277863 4593719.946205969))"
"315/2017","2017-08-07","2017","8","Dilluns","08:30:00","Envestida","2","Zona Nord - La Serreta","818460009","Ajuntament de Rubí","Matí (06 a 14)","41.500971066","2.0325941962","MULTILINESTRING ((419258.3465451294 4594823.826256243, 419258.3783935058 4594823.628808323))"
"316/2017","2017-08-07","2017","8","Dilluns","19:20:00","Xoc sense sortida de via","2","Can Serrafossà - La Perla","818460009","Ajuntament de Rubí","Tarda (14 a 22)","41.4888602558","2.0111977756","MULTILINESTRING ((417457.14237105235 4593499.280908991, 417457.2113280699 4593499.468645321))"
"317/2017","2017-08-08","2017","8","Dimarts","09:00:00","Envestida","2","Centre","818460009","Ajuntament de Rubí","Matí (06 a 14)",,,
"320/2017","2017-08-09","2017","8","Dimecres","13:30:00","Encalç","2","Zona Desconeguda","818460009","Ajuntament de Rubí","Matí (06 a 14)",,,
"321/2017","2017-08-11","2017","8","Divendres","00:30:00","Sortida de via amb caiguda, bolcada, xoc","1","Zona Desconeguda","818460009","Ajuntament de Rubí","Nit (22 a 06)",,,
"322/2017","2017-08-11","2017","8","Divendres","09:05:00","Xoc sense sortida de via","1","Centre","818460009","Ajuntament de Rubí","Matí (06 a 14)",,,
"323/2017","2017-08-11","2017","8","Divendres","22:30:00","Sortida de via amb caiguda, bolcada, xoc","1","Zona Desconeguda","818460009","Ajuntament de Rubí","Nit (22 a 06)",,,
"324/2017","2017-08-12","2017","8","Dissabte","16:30:00","Xoc sense sortida de via","1","Castellnou - Can Mir","818460009","Ajuntament de Rubí","Tarda (14 a 22)","41.5291137555","1.9958121745","MULTILINESTRING ((416224.65207539586 4597983.247264189, 416224.7926005279 4597983.1049522525))"
"325/2017","2017-08-14","2017","8","Dilluns","09:30:00","Xoc sense sortida de via","1","Centre","818460009","Ajuntament de Rubí","Matí (06 a 14)","41.4915531049","2.0339360351","MULTILINESTRING ((419358.74121761596 4593776.809083275, 419358.60739015474 4593776.9577110335))"
"327/2017","2017-08-23","2017","8","Dimecres","12:05:00","Fregament negatiu (mateix sentit)","2","Centre","818460009","Ajuntament de Rubí","Matí (06 a 14)",,,
"326/2017","2017-08-23","2017","8","Dimecres","15:00:00","Envestida","2","Zona Nord - La Serreta","818460009","Ajuntament de Rubí","Tarda (14 a 22)","41.4944055552","2.0382878469","MULTILINESTRING ((419725.4262113672 4594089.423510377, 419725.50211515615 4594089.608547172))"
"328/2017","2017-08-23","2017","8","Dimecres","15:45:00","Envestida","2","Zona Desconeguda","818460009","Ajuntament de Rubí","Tarda (14 a 22)",,,
"329/2017","2017-08-24","2017","8","Dijous","12:30:00","Encalç","4","Zona Desconeguda","818460009","Ajuntament de Rubí","Matí (06 a 14)",,,
"330/2017","2017-08-27","2017","8","Diumenge","12:15:00","Fregament negatiu (mateix sentit)","2","Zona Desconeguda","818460009","Ajuntament de Rubí","Matí (06 a 14)",,,
"331/2017","2017-08-28","2017","8","Dilluns","00:00:00","Xoc sense sortida de via","1","25 de Setembre","818460009","Ajuntament de Rubí","Nit (22 a 06)",,,
"332/2017","2017-08-28","2017","8","Dilluns","16:04:00","Fregament negatiu (mateix sentit)","2","Zona Desconeguda","818460009","Ajuntament de Rubí","Tarda (14 a 22)",,,
"333/2017","2017-08-29","2017","8","Dimarts","13:30:00","Xoc sense sortida de via","3","Can Fatjó","818460009","Ajuntament de Rubí","Matí (06 a 14)","41.4813492322","2.0250194217","MULTILINESTRING ((418601.6426843793 4592652.477519914, 418601.5329791722 4592652.310293218))"
"334/2017","2017-08-30","2017","8","Dimecres","21:20:00","Envestida","2","Zona Desconeguda","818460009","Ajuntament de Rubí","Tarda (14 a 22)",,,
"335/2017","2017-09-02","2017","9","Dissabte","12:50:00","Xoc sense sortida de via","1","Zona Desconeguda","818460009","Ajuntament de Rubí","Matí (06 a 14)",,,
"336/2017","2017-09-03","2017","9","Diumenge","15:55:00","Envestida","2","Sector Z","818460009","Ajuntament de Rubí","Tarda (14 a 22)",,,
"337/2017","2017-09-07","2017","9","Dijous","01:25:00","Xoc sense sortida de via","3","El Progrés - Rubí 2000","818460009","Ajuntament de Rubí","Nit (22 a 06)",,,
"341/2017","2017-09-07","2017","9","Dijous","19:00:00","Fregament negatiu (mateix sentit)","2","Sector Z","818460009","Ajuntament de Rubí","Tarda (14 a 22)",,,
"340/2017","2017-09-09","2017","9","Dissabte","13:45:00","Xoc sense sortida de via","2","Ca n'Alzamora","818460009","Ajuntament de Rubí","Matí (06 a 14)",,,
"339/2017","2017-09-11","2017","9","Dilluns","00:20:00","Xoc sense sortida de via","4","El Mercat","818460009","Ajuntament de Rubí","Nit (22 a 06)","41.4880150794","2.037382668","MULTILINESTRING ((419642.05376005813 4593380.970031985, 419641.96608007746 4593380.79027598))"
"342/2017","2017-09-11","2017","9","Dilluns","11:00:00","Encalç","2","Zona Desconeguda","818460009","Ajuntament de Rubí","Matí (06 a 14)",,,
"343/2017","2017-09-12","2017","9","Dimarts","11:15:00","Encalç","2","Sant Jordi Parc","818460009","Ajuntament de Rubí","Matí (06 a 14)",,,
"344/2017","2017-09-14","2017","9","Dijous","11:00:00","Xoc sense sortida de via","1","Centre","818460009","Ajuntament de Rubí","Matí (06 a 14)",,,
"345/2017","2017-09-15","2017","9","Divendres","06:30:00","Xoc sense sortida de via","1","Can Rosés","818460009","Ajuntament de Rubí","Matí (06 a 14)",,,
"346/2017","2017-09-15","2017","9","Divendres","20:50:00","Col·lisió frontal","2","Sant Muç","818460009","Ajuntament de Rubí","Tarda (14 a 22)",,,
"347/2017","2017-09-15","2017","9","Divendres","21:15:00","Envestida","2","El Mercat","818460009","Ajuntament de Rubí","Tarda (14 a 22)",,,
"348/2017","2017-09-18","2017","9","Dilluns","12:30:00","Col·lisió frontal","2","Zona Nord - La Serreta","818460009","Ajuntament de Rubí","Matí (06 a 14)","41.5006443244","2.0354299642","MULTILINESTRING ((419494.6152600274 4594784.710875718, 419494.6636467034 4594784.904934289))"
"349/2017","2017-09-19","2017","9","Dimarts","08:15:00","Envestida","2","Can Fatjó","818460009","Ajuntament de Rubí","Matí (06 a 14)",,,
"350/2017","2017-09-20","2017","9","Dimecres","06:30:00","Fregament negatiu (mateix sentit)","2","Can Vallhonrat","818460009","Ajuntament de Rubí","Matí (06 a 14)","41.474318599","2.034395491","MULTILINESTRING ((419375.76549531193 4591863.069677482, 419375.5655937493 4591863.063403308))"
"351/2017","2017-09-21","2017","9","Dijous","13:30:00","Xoc sense sortida de via","2","El Mercat","818460009","Ajuntament de Rubí","Matí (06 a 14)",,,
"352/2017","2017-09-24","2017","9","Diumenge","03:00:00","Xoc sense sortida de via","2","Zona Nord - La Serreta","818460009","Ajuntament de Rubí","Nit (22 a 06)","41.4968059647","2.0349279825","MULTILINESTRING ((419447.93413067906 4594359.051030869, 419448.03767423885 4594359.222141157))"
"353/2017","2017-09-24","2017","9","Diumenge","03:30:00","Xoc sense sortida de via","5","Can Solà","818460009","Ajuntament de Rubí","Nit (22 a 06)","41.5308772635","2.0090845523","MULTILINESTRING ((417334.18268432014 4598166.100136014, 417334.3000457601 4598166.262081351))"
"354/2017","2017-09-24","2017","9","Diumenge","04:15:00","Xoc sense sortida de via","1","Zona Desconeguda","818460009","Ajuntament de Rubí","Nit (22 a 06)",,,
"355/2017","2017-09-26","2017","9","Dimarts","11:50:00","Xoc sense sortida de via","2","Ca n'Alzamora","818460009","Ajuntament de Rubí","Matí (06 a 14)","41.4788509504","2.0369185709","MULTILINESTRING ((419591.90562378214 4592363.99724244, 419591.9704983762 4592363.808056586))"
"356/2017","2017-09-26","2017","9","Dimarts","16:00:00","Atropellament","2","Plana de Can Bertran","818460009","Ajuntament de Rubí","Tarda (14 a 22)","41.4938540536","2.0379425744","MULTILINESTRING ((419696.0000276966 4594028.701093061, 419695.92510359536 4594028.515657415))"
"357/2017","2017-09-26","2017","9","Dimarts","19:05:00","Xoc sense sortida de via","1","El Mercat","818460009","Ajuntament de Rubí","Tarda (14 a 22)","41.4888777326","2.0347604694","MULTILINESTRING ((419424.1250675999 4593479.00819721, 419424.23239013314 4593479.176962946))"
"358/2017","2017-09-27","2017","9","Dimecres","17:45:00","Atropellament","2","El Progrés - Rubí 2000","818460009","Ajuntament de Rubí","Tarda (14 a 22)",,,
"359/2017","2017-09-28","2017","9","Dijous","10:05:00","Sortida de via amb caiguda, bolcada, xoc","1","Zona Desconeguda","818460009","Ajuntament de Rubí","Matí (06 a 14)",,,
"360/2017","2017-09-28","2017","9","Dijous","12:20:00","Col·lisió frontal","2","Plana del Castell","818460009","Ajuntament de Rubí","Matí (06 a 14)",,,
"361/2017","2017-09-28","2017","9","Dijous","13:31:00","Fregament negatiu (mateix sentit)","2","Can Rosés","818460009","Ajuntament de Rubí","Matí (06 a 14)","41.505255395","2.0385997141","MULTILINESTRING ((419764.95749322587 4595293.861675459, 419764.8230909678 4595293.713567277))"
"362/2017","2017-09-29","2017","9","Divendres","14:12:00","Xoc sense sortida de via","2","Plana de Can Bertran","818460009","Ajuntament de Rubí","Tarda (14 a 22)","41.49166881","2.0385475435","MULTILINESTRING ((419743.7662289924 4593785.338918688, 419743.76010532316 4593785.538824917))"
"363/2017","2017-09-29","2017","9","Divendres","15:15:00","Encalç","2","Zona Desconeguda","818460009","Ajuntament de Rubí","Tarda (14 a 22)",,,
"364/2017","2017-09-29","2017","9","Divendres","17:30:00","Atropellament","2","Can Fatjó","818460009","Ajuntament de Rubí","Tarda (14 a 22)","41.4714193709","2.0219570002","MULTILINESTRING ((418333.38641871547 4591552.780524755, 418333.5072916207 4591552.939866341))"
"365/2017","2017-10-01","2017","10","Diumenge","10:45:00","Atropellament","2","Can Fatjó","818460009","Ajuntament de Rubí","Matí (06 a 14)",,,
"366/2017","2017-10-01","2017","10","Diumenge","17:45:00","Sortida de via amb caiguda, bolcada, xoc","1","Plana de Can Bertran","818460009","Ajuntament de Rubí","Tarda (14 a 22)","41.4905154014","2.0355692755","MULTILINESTRING ((419493.6475220665 4593660.090743442, 419493.8011294218 4593660.21882459))"
"367/2017","2017-10-02","2017","10","Dilluns","10:08:00","Xoc sense sortida de via","2","Can Fatjó","818460009","Ajuntament de Rubí","Matí (06 a 14)","41.4746198154","2.0193116857","MULTILINESTRING ((418116.6885717914 4591910.674781421, 418116.4885957219 4591910.67787523))"
"368/2017","2017-10-02","2017","10","Dilluns","20:35:00","Fregament negatiu (mateix sentit)","2","Plana de Can Bertran","818460009","Ajuntament de Rubí","Tarda (14 a 22)",,,
"369/2017","2017-10-03","2017","10","Dimarts","14:00:00","Fregament negatiu (mateix sentit)","2","Can Rosés","818460009","Ajuntament de Rubí","Tarda (14 a 22)","41.5071333339","2.0345776971","MULTILINESTRING ((419431.643851583 4595505.981757614, 419431.45853544417 4595506.056976817))"
"370/2017","2017-10-04","2017","10","Dimecres","06:10:00","Atropellament","2","Can Rosés","818460009","Ajuntament de Rubí","Matí (06 a 14)",,,
"371/2017","2017-10-04","2017","10","Dimecres","11:36:00","Xoc sense sortida de via","2","Centre","818460009","Ajuntament de Rubí","Matí (06 a 14)","41.4940478104","2.0308504253","MULTILINESTRING ((419104.20336116786 4594056.630233744, 419104.21034822374 4594056.83011166))"
"372/2017","2017-10-04","2017","10","Dimecres","14:15:00","Atropellament","2","Zona Desconeguda","818460009","Ajuntament de Rubí","Tarda (14 a 22)",,,
"373/2017","2017-10-04","2017","10","Dimecres","20:35:00","Sortida de via amb caiguda, bolcada, xoc","2","El Progrés - Rubí 2000","818460009","Ajuntament de Rubí","Tarda (14 a 22)",,,
"374/2017","2017-10-06","2017","10","Divendres","06:00:00","Encalç","2","Zona Desconeguda","818460009","Ajuntament de Rubí","Matí (06 a 14)",,,
"375/2017","2017-10-06","2017","10","Divendres","09:30:00","Fregament negatiu (mateix sentit)","2","Sant Muç","818460009","Ajuntament de Rubí","Matí (06 a 14)",,,
"376/2017","2017-10-06","2017","10","Divendres","09:45:00","Sortida de via amb caiguda, bolcada, xoc","4","Zona Nord - La Serreta","818460009","Ajuntament de Rubí","Matí (06 a 14)","41.4992237393","2.0329399701","MULTILINESTRING ((419285.0764904092 4594629.511463315, 419285.0275205458 4594629.317551086))"
"377/2017","2017-10-06","2017","10","Divendres","17:45:00","Envestida","2","Centre","818460009","Ajuntament de Rubí","Tarda (14 a 22)",,,
"384/2017","2017-10-06","2017","10","Divendres","21:40:00","Fregament negatiu (mateix sentit)","2","Sant Muç","818460009","Ajuntament de Rubí","Tarda (14 a 22)",,,
"378/2017","2017-10-07","2017","10","Dissabte","10:40:00","Xoc sense sortida de via","1","Plana de Can Bertran","818460009","Ajuntament de Rubí","Matí (06 a 14)","41.4915815951","2.0377149628","MULTILINESTRING ((419674.0648345642 4593776.570772263, 419674.24677941884 4593776.487729684))"
"379/2017","2017-10-07","2017","10","Dissabte","12:30:00","Xoc sense sortida de via","1","Can Fatjó","818460009","Ajuntament de Rubí","Matí (06 a 14)","41.4907364709","2.0274222331","MULTILINESTRING ((418813.84489217296 4593692.242906632, 418813.9838228973 4593692.38677551))"
"380/2017","2017-10-08","2017","10","Diumenge","21:45:00","Xoc sense sortida de via","1","Centre","818460009","Ajuntament de Rubí","Tarda (14 a 22)","41.4929278999","2.0333710513","MULTILINESTRING ((419313.1184089107 4593930.043245378, 419313.3183785476 4593930.039760505))"
"381/2017","2017-10-10","2017","10","Dimarts","16:00:00","Envestida","3","Plana de Can Bertran","818460009","Ajuntament de Rubí","Tarda (14 a 22)","41.4927355961","2.0363980654","MULTILINESTRING ((419565.560313388 4593905.902619285, 419565.7504845174 4593905.840692381))"
"382/2017","2017-10-10","2017","10","Dimarts","18:15:00","Altres (incendi, explosió, esllavissada, etc.)","2","Centre","818460009","Ajuntament de Rubí","Tarda (14 a 22)",,,
"383/2017","2017-10-11","2017","10","Dimecres","11:55:00","Altres (incendi, explosió, esllavissada, etc.)","1","Can Fatjó","818460009","Ajuntament de Rubí","Matí (06 a 14)",,,
"385/2017","2017-10-11","2017","10","Dimecres","17:20:00","Fregament negatiu (mateix sentit)","2","Zona Desconeguda","818460009","Ajuntament de Rubí","Tarda (14 a 22)",,,
"386/2017","2017-10-12","2017","10","Dijous","08:00:00","Sortida de via amb caiguda, bolcada, xoc","2","Centre","818460009","Ajuntament de Rubí","Matí (06 a 14)","41.49499725","2.0360734032","MULTILINESTRING ((419541.25572026696 4594157.244790481, 419541.45169368916 4594157.2847206425))"
"387/2017","2017-10-13","2017","10","Divendres","13:05:00","Envestida","2","El Progrés - Rubí 2000","818460009","Ajuntament de Rubí","Matí (06 a 14)",,,
"388/2017","2017-10-13","2017","10","Divendres","14:05:00","Xoc sense sortida de via","2","Zona Nord - La Serreta","818460009","Ajuntament de Rubí","Tarda (14 a 22)","41.5004236237","2.0333487668","MULTILINESTRING ((419320.68750321737 4594762.342065633, 419320.63583762303 4594762.148854179))"
"389/2017","2017-10-13","2017","10","Divendres","17:00:00","Encalç","2","Ca n'Oriol","818460009","Ajuntament de Rubí","Tarda (14 a 22)","41.4979422142","2.0430681759","MULTILINESTRING ((420128.87859124487 4594477.645032758, 420128.7820883264 4594477.820210344))"
"390/2017","2017-10-14","2017","10","Dissabte","06:20:00","Xoc sense sortida de via","2","El Mercat","818460009","Ajuntament de Rubí","Matí (06 a 14)","41.4885466377","2.0370890489","MULTILINESTRING ((419618.0667002693 4593440.212498546, 419618.24490035896 4593440.121698061))"
"392/2017","2017-10-14","2017","10","Dissabte","12:45:00","Envestida","2","Zona Nord - La Serreta","818460009","Ajuntament de Rubí","Matí (06 a 14)","41.4987312436","2.0319077213","MULTILINESTRING ((419198.31571480946 4594575.795722954, 419198.25008641265 4594575.606797271))"
"391/2017","2017-10-16","2017","10","Dilluns","13:00:00","Envestida","2","Can Vallhonrat","818460009","Ajuntament de Rubí","Matí (06 a 14)","41.4741889365","2.0311625954","MULTILINESTRING ((419105.6664662536 4591851.686061168, 419105.4665883382 4591851.693048223))"
"393/2017","2017-10-17","2017","10","Dimarts","05:05:00","Encalç","2","25 de Setembre","818460009","Ajuntament de Rubí","Nit (22 a 06)","41.4855570467","2.0406774371","MULTILINESTRING ((419914.11543327395 4593104.880902839, 419913.9423443652 4593104.9811037835))"
"394/2017","2017-10-17","2017","10","Dimarts","07:30:00","Múltiple","3","Centre","818460009","Ajuntament de Rubí","Matí (06 a 14)","41.4928472564","2.0332558038","MULTILINESTRING ((419303.59796155867 4593921.188953729, 419303.398448745 4593921.202904972))"
"395/2017","2017-10-17","2017","10","Dimarts","12:00:00","Fregament positiu (diferent sentit)","2","Sant Muç","818460009","Ajuntament de Rubí","Matí (06 a 14)",,,
"396/2017","2017-10-19","2017","10","Dijous","15:07:00","Envestida","2","Les Torres","818460009","Ajuntament de Rubí","Tarda (14 a 22)",,,
"397/2017","2017-10-20","2017","10","Divendres","12:40:00","Encalç","2","Zona Desconeguda","818460009","Ajuntament de Rubí","Matí (06 a 14)",,,
"399/2017","2017-10-20","2017","10","Divendres","21:52:00","Sortida de via amb caiguda, bolcada, xoc","1","Sant Muç","818460009","Ajuntament de Rubí","Tarda (14 a 22)","41.5188062979","2.0097489971","MULTILINESTRING ((417374.33771545615 4596825.50434963, 417374.29408727476 4596825.3091661725))"
"398/2017","2017-10-21","2017","10","Dissabte","13:20:00","Envestida","2","Centre","818460009","Ajuntament de Rubí","Matí (06 a 14)","41.4885553366","2.0295645293","MULTILINESTRING ((418989.92801841575 4593448.162924814, 418990.1272578878 4593448.145499751))"
"400/2017","2017-10-23","2017","10","Dilluns","10:19:00","Xoc sense sortida de via","2","El Progrés - Rubí 2000","818460009","Ajuntament de Rubí","Matí (06 a 14)","41.4855082731","2.0341729857","MULTILINESTRING ((419370.98293997254 4593105.656824283, 419370.93455329654 4593105.462765709))"
"401/2017","2017-10-23","2017","10","Dilluns","12:00:00","Xoc sense sortida de via","1","El Progrés - Rubí 2000","818460009","Ajuntament de Rubí","Matí (06 a 14)","41.4869359568","2.0335851108","MULTILINESTRING ((419323.65421534725 4593264.710691612, 419323.65072046313 4593264.51072215))"
"402/2017","2017-10-24","2017","10","Dimarts","15:12:00","Envestida","2","Centre","818460009","Ajuntament de Rubí","Tarda (14 a 22)",,,
"403/2017","2017-10-25","2017","10","Dimecres","05:05:00","Xoc sense sortida de via","1","Can Rosés","818460009","Ajuntament de Rubí","Nit (22 a 06)","41.5035659483","2.0347303519","MULTILINESTRING ((419439.80708097987 4595109.743000393, 419439.93064130645 4595109.90026719))"
"405/2017","2017-10-25","2017","10","Dimecres","10:05:00","Envestida","2","Can Fatjó","818460009","Ajuntament de Rubí","Matí (06 a 14)","41.4887150747","2.0240603151","MULTILINESTRING ((418530.774714155 4593471.153641457, 418530.70868554007 4593470.964855277))"
"404/2017","2017-10-25","2017","10","Dimecres","17:15:00","Encalç","2","Ca n'Oriol","818460009","Ajuntament de Rubí","Tarda (14 a 22)","41.4958340511","2.0391161351","MULTILINESTRING ((419796.36849712016 4594247.240514565, 419796.3613294937 4594247.440386086))"
"408/2017","2017-10-26","2017","10","Dijous","22:15:00","Envestida","2","Centre","818460009","Ajuntament de Rubí","Nit (22 a 06)",,,
"406/2017","2017-10-27","2017","10","Divendres","06:05:00","Atropellament","2","El Progrés - Rubí 2000","818460009","Ajuntament de Rubí","Matí (06 a 14)",,,
"407/2017","2017-10-27","2017","10","Divendres","15:10:00","Encalç","2","Centre","818460009","Ajuntament de Rubí","Tarda (14 a 22)",,,
"409/2017","2017-10-28","2017","10","Dissabte","01:30:00","Múltiple","12","Les Torres","818460009","Ajuntament de Rubí","Nit (22 a 06)",,,
"411/2017","2017-10-28","2017","10","Dissabte","05:35:00","Envestida","2","Can Fatjó","818460009","Ajuntament de Rubí","Nit (22 a 06)",,,
"410/2017","2017-10-28","2017","10","Dissabte","08:45:00","Atropellament","2","El Mercat","818460009","Ajuntament de Rubí","Matí (06 a 14)","41.4882461226","2.0344372045","MULTILINESTRING ((419396.462690986 4593409.3569911895, 419396.3575546481 4593409.186854919))"
"412/2017","2017-10-29","2017","10","Diumenge","20:10:00","Xoc sense sortida de via","2","Can Rosés","818460009","Ajuntament de Rubí","Tarda (14 a 22)",,,
"413/2017","2017-10-30","2017","10","Dilluns","07:00:00","Atropellament","2","Zona Nord - La Serreta","818460009","Ajuntament de Rubí","Matí (06 a 14)",,,
"414/2017","2017-10-30","2017","10","Dilluns","15:10:00","Encalç","2","Sector Z","818460009","Ajuntament de Rubí","Tarda (14 a 22)",,,
"416/2017","2017-10-31","2017","10","Dimarts","06:30:00","Fregament positiu (diferent sentit)","3","Ca n'Alzamora","818460009","Ajuntament de Rubí","Matí (06 a 14)",,,
"415/2017","2017-10-31","2017","10","Dimarts","15:15:00","Fregament negatiu (mateix sentit)","2","Les Torres","818460009","Ajuntament de Rubí","Tarda (14 a 22)","41.4855674767","2.0316591226","MULTILINESTRING ((419161.14538164425 4593114.381919496, 419161.19037552574 4593114.576792662))"
"418/2017","2017-11-02","2017","11","Dijous","02:20:00","Encalç","2","Sant Muç","818460009","Ajuntament de Rubí","Nit (22 a 06)",,,
"417/2017","2017-11-02","2017","11","Dijous","08:35:00","Xoc sense sortida de via","1","Castellnou - Can Mir","818460009","Ajuntament de Rubí","Matí (06 a 14)",,,
"419/2017","2017-11-02","2017","11","Dijous","17:00:00","Atropellament","2","Centre","818460009","Ajuntament de Rubí","Tarda (14 a 22)","41.4956828369","2.0315747156","MULTILINESTRING ((419166.69249154674 4594237.475278246, 419166.70295539557 4594237.675004328))"
"421/2017","2017-11-03","2017","11","Divendres","13:00:00","Xoc sense sortida de via","0","Zona Desconeguda","818460009","Ajuntament de Rubí","Matí (06 a 14)",,,
"420/2017","2017-11-03","2017","11","Divendres","21:05:00","Atropellament","3","Can Rosés","818460009","Ajuntament de Rubí","Tarda (14 a 22)",,,
"422/2017","2017-11-04","2017","11","Dissabte","17:20:00","Xoc sense sortida de via","3","Sant Muç","818460009","Ajuntament de Rubí","Tarda (14 a 22)",,,
"423/2017","2017-11-04","2017","11","Dissabte","18:30:00","Envestida","2","Sant Muç","818460009","Ajuntament de Rubí","Tarda (14 a 22)",,,
"424/2017","2017-11-05","2017","11","Diumenge","06:45:00","Sortida de via amb caiguda, bolcada, xoc","1","Sector Z","818460009","Ajuntament de Rubí","Matí (06 a 14)","41.4853674638","2.0417543996","MULTILINESTRING ((420003.6109481213 4593082.924524705, 420003.79603082826 4593082.848732942))"
"425/2017","2017-11-06","2017","11","Dilluns","11:00:00","Encalç","2","Sant Jordi Parc","818460009","Ajuntament de Rubí","Matí (06 a 14)","41.4903320045","2.0201675395","MULTILINESTRING ((418207.90425375063 4593654.284477548, 418207.7188383342 4593654.2095033955))"
"427/2017","2017-11-06","2017","11","Dilluns","20:40:00","Encalç","2","Can Vallhonrat","818460009","Ajuntament de Rubí","Tarda (14 a 22)","41.4741889365","2.0311625954","MULTILINESTRING ((419105.6664662536 4591851.686061168, 419105.4665883382 4591851.693048223))"
"426/2017","2017-11-07","2017","11","Dimarts","09:05:00","Altres (incendi, explosió, esllavissada, etc.)","1","Centre","818460009","Ajuntament de Rubí","Matí (06 a 14)",,,
"430/2017","2017-11-08","2017","11","Dimecres","15:20:00","Envestida","2","Centre","818460009","Ajuntament de Rubí","Tarda (14 a 22)","41.4930504823","2.0308736464","MULTILINESTRING ((419104.9007311311 4593945.884134794, 419104.90770817467 4593946.084013059))"
"429/2017","2017-11-09","2017","11","Dijous","07:55:00","Envestida","2","El Progrés - Rubí 2000","818460009","Ajuntament de Rubí","Matí (06 a 14)",,,
"428/2017","2017-11-09","2017","11","Dijous","08:10:00","Fregament negatiu (mateix sentit)","2","Zona Desconeguda","818460009","Ajuntament de Rubí","Matí (06 a 14)",,,
"431/2017","2017-11-10","2017","11","Divendres","16:00:00","Envestida","2","Plana de Can Bertran","818460009","Ajuntament de Rubí","Tarda (14 a 22)","41.4942739383","2.0353138334","MULTILINESTRING ((419477.05419574946 4594077.769000762, 419477.05786099925 4594077.569034349))"
"432/2017","2017-11-10","2017","11","Divendres","19:40:00","Xoc sense sortida de via","2","Centre","818460009","Ajuntament de Rubí","Tarda (14 a 22)",,,
"433/2017","2017-11-10","2017","11","Divendres","22:30:00","Xoc sense sortida de via","1","Sant Muç","818460009","Ajuntament de Rubí","Nit (22 a 06)","41.504187714","2.0143641466","MULTILINESTRING ((417740.96715596074 4595198.101927573, 417740.83020794793 4595197.956170096))"
"434/2017","2017-11-13","2017","11","Dilluns","07:00:00","Encalç","2","Zona Nord - La Serreta","818460009","Ajuntament de Rubí","Matí (06 a 14)",,,
"436/2017","2017-11-13","2017","11","Dilluns","07:00:00","Xoc sense sortida de via","2","Zona Desconeguda","818460009","Ajuntament de Rubí","Matí (06 a 14)",,,
"435/2017","2017-11-14","2017","11","Dimarts","10:30:00","Atropellament","2","Les Torres","818460009","Ajuntament de Rubí","Matí (06 a 14)",,,
"437/2017","2017-11-14","2017","11","Dimarts","12:50:00","Xoc sense sortida de via","1","Sant Muç","818460009","Ajuntament de Rubí","Matí (06 a 14)",,,
"438/2017","2017-11-14","2017","11","Dimarts","16:48:00","Envestida","2","Zona Desconeguda","818460009","Ajuntament de Rubí","Tarda (14 a 22)",,,
"439/2017","2017-11-15","2017","11","Dimecres","06:40:00","Envestida","2","Centre","818460009","Ajuntament de Rubí","Matí (06 a 14)",,,
"440/2017","2017-11-15","2017","11","Dimecres","07:40:00","Envestida","2","Centre","818460009","Ajuntament de Rubí","Matí (06 a 14)",,,
"441/2017","2017-11-15","2017","11","Dimecres","08:30:00","Xoc sense sortida de via","1","Can Rosés","818460009","Ajuntament de Rubí","Matí (06 a 14)","41.5035659483","2.0347303519","MULTILINESTRING ((419439.80708097987 4595109.743000393, 419439.93064130645 4595109.90026719))"
"442/2017","2017-11-15","2017","11","Dimecres","13:45:00","Atropellament","2","Zona Nord - La Serreta","818460009","Ajuntament de Rubí","Matí (06 a 14)",,,
"443/2017","2017-11-15","2017","11","Dimecres","15:34:00","Encalç","2","El Progrés - Rubí 2000","818460009","Ajuntament de Rubí","Tarda (14 a 22)",,,
"445/2017","2017-11-16","2017","11","Dijous","13:20:00","Encalç","2","Can Rosés","818460009","Ajuntament de Rubí","Matí (06 a 14)",,,
"444/2017","2017-11-16","2017","11","Dijous","20:30:00","Xoc sense sortida de via","1","El Pinar","818460009","Ajuntament de Rubí","Tarda (14 a 22)",,,
"446/2017","2017-11-17","2017","11","Divendres","13:15:00","Envestida","2","Centre","818460009","Ajuntament de Rubí","Matí (06 a 14)",,,
"447/2017","2017-11-18","2017","11","Dissabte","16:00:00","Sortida de via amb caiguda, bolcada, xoc","1","Can Fatjó","818460009","Ajuntament de Rubí","Tarda (14 a 22)","41.4904669881","2.0258845023","MULTILINESTRING ((418685.1142260092 4593663.829235302, 418685.31273467897 4593663.853613734))"
"448/2017","2017-11-18","2017","11","Dissabte","20:50:00","Fregament negatiu (mateix sentit)","2","Sector Z","818460009","Ajuntament de Rubí","Tarda (14 a 22)",,,
"449/2017","2017-11-20","2017","11","Dilluns","05:30:00","Envestida","2","Can Vallhonrat","818460009","Ajuntament de Rubí","Nit (22 a 06)","41.4741889365","2.0311625954","MULTILINESTRING ((419105.6664662536 4591851.686061168, 419105.4665883382 4591851.693048223))"
"450/2017","2017-11-20","2017","11","Dilluns","08:45:00","Envestida","2","Can Vallhonrat","818460009","Ajuntament de Rubí","Matí (06 a 14)","41.4741889365","2.0311625954","MULTILINESTRING ((419105.6664662536 4591851.686061168, 419105.4665883382 4591851.693048223))"
"451/2017","2017-11-21","2017","11","Dimarts","07:45:00","Envestida","3","Centre","818460009","Ajuntament de Rubí","Matí (06 a 14)",,,
"452/2017","2017-11-21","2017","11","Dimarts","13:50:00","Fregament negatiu (mateix sentit)","2","Ca n'Oriol","818460009","Ajuntament de Rubí","Matí (06 a 14)",,,
"453/2017","2017-11-21","2017","11","Dimarts","18:30:00","Sortida de via amb caiguda, bolcada, xoc","1","Can Fatjó","818460009","Ajuntament de Rubí","Tarda (14 a 22)",,,
"454/2017","2017-11-22","2017","11","Dimecres","13:40:00","Atropellament","2","Zona Nord - La Serreta","818460009","Ajuntament de Rubí","Matí (06 a 14)","41.4979801322","2.0352691771","MULTILINESTRING ((419477.9176336489 4594489.2760839015, 419477.9209781987 4594489.07611187))"
"455/2017","2017-11-22","2017","11","Dimecres","16:00:00","Atropellament","2","Zona Desconeguda","818460009","Ajuntament de Rubí","Tarda (14 a 22)",,,
"456/2017","2017-11-22","2017","11","Dimecres","19:20:00","Xoc sense sortida de via","3","Centre","818460009","Ajuntament de Rubí","Tarda (14 a 22)","41.4928472564","2.0332558038","MULTILINESTRING ((419303.59796155867 4593921.188953729, 419303.398448745 4593921.202904972))"
"457/2017","2017-11-22","2017","11","Dimecres","20:00:00","Xoc sense sortida de via","2","Zona Desconeguda","818460009","Ajuntament de Rubí","Tarda (14 a 22)",,,
"465/2017","2017-11-23","2017","11","Dijous","16:45:00","Xoc sense sortida de via","1","Can Fatjó","818460009","Ajuntament de Rubí","Tarda (14 a 22)",,,
"459/2017","2017-11-23","2017","11","Dijous","21:45:00","Envestida","2","Centre","818460009","Ajuntament de Rubí","Tarda (14 a 22)","41.49499725","2.0360734032","MULTILINESTRING ((419541.25572026696 4594157.244790481, 419541.45169368916 4594157.2847206425))"
"460/2017","2017-11-24","2017","11","Divendres","13:52:00","Envestida","2","Centre","818460009","Ajuntament de Rubí","Matí (06 a 14)",,,
"461/2017","2017-11-24","2017","11","Divendres","14:40:00","Fregament negatiu (mateix sentit)","2","Can Rosés","818460009","Ajuntament de Rubí","Tarda (14 a 22)","41.5077531664","2.0379268487","MULTILINESTRING ((419711.89798370865 4595571.781432657, 419711.74344494473 4595571.654476875))"
"458/2017","2017-11-24","2017","11","Divendres","20:12:00","Xoc sense sortida de via","1","Can Ximelis - D4","818460009","Ajuntament de Rubí","Tarda (14 a 22)",,,
"462/2017","2017-11-25","2017","11","Dissabte","09:30:00","Encalç","2","Centre","818460009","Ajuntament de Rubí","Matí (06 a 14)","41.4954977333","2.0311047974","MULTILINESTRING ((419127.2487084536 4594217.564021753, 419127.23824460467 4594217.364295673))"
"463/2017","2017-11-25","2017","11","Dissabte","10:08:00","Xoc sense sortida de via","2","El Progrés - Rubí 2000","818460009","Ajuntament de Rubí","Matí (06 a 14)",,,
"464/2017","2017-11-25","2017","11","Dissabte","17:20:00","Atropellament","2","El Progrés - Rubí 2000","818460009","Ajuntament de Rubí","Tarda (14 a 22)","41.4851885513","2.0358684989","MULTILINESTRING ((419512.1302997463 4593068.582457751, 419512.08833299513 4593068.386910337))"
"466/2017","2017-11-27","2017","11","Dilluns","16:48:00","Atropellament","2","El Mercat","818460009","Ajuntament de Rubí","Tarda (14 a 22)",,,
"467/2017","2017-11-28","2017","11","Dimarts","08:30:00","Envestida","2","Sector Z","818460009","Ajuntament de Rubí","Matí (06 a 14)",,,
"468/2017","2017-11-30","2017","11","Dijous","12:10:00","Envestida","2","Can Vallhonrat","818460009","Ajuntament de Rubí","Matí (06 a 14)","41.4741889365","2.0311625954","MULTILINESTRING ((419105.6664662536 4591851.686061168, 419105.4665883382 4591851.693048223))"
"469/2017","2017-11-30","2017","11","Dijous","12:40:00","Fregament negatiu (mateix sentit)","2","Can Fatjó","818460009","Ajuntament de Rubí","Matí (06 a 14)",,,
"472/2017","2017-11-30","2017","11","Dijous","12:40:00","Fregament negatiu (mateix sentit)","2","Can Fatjó","818460009","Ajuntament de Rubí","Matí (06 a 14)",,,
"470/2017","2017-11-30","2017","11","Dijous","18:35:00","Xoc sense sortida de via","2","Can Rosés","818460009","Ajuntament de Rubí","Tarda (14 a 22)","41.5008969887","2.0401478506","MULTILINESTRING ((419888.6391714978 4594808.533117045, 419888.80426199717 4594808.4202227285))"
"471/2017","2017-11-30","2017","11","Dijous","21:40:00","Fregament positiu (diferent sentit)","2","Plana de Can Bertran","818460009","Ajuntament de Rubí","Tarda (14 a 22)",,,
"473/2017","2017-12-01","2017","12","Divendres","07:10:00","Envestida","2","Zona Desconeguda","818460009","Ajuntament de Rubí","Matí (06 a 14)",,,
"474/2017","2017-12-02","2017","12","Dissabte","01:40:00","Xoc sense sortida de via","1","Zona Desconeguda","818460009","Ajuntament de Rubí","Nit (22 a 06)",,,
"475/2017","2017-12-02","2017","12","Dissabte","20:30:00","Envestida","2","Sector Z","818460009","Ajuntament de Rubí","Tarda (14 a 22)",,,
"476/2017","2017-12-04","2017","12","Dilluns","07:00:00","Encalç","2","Zona Desconeguda","818460009","Ajuntament de Rubí","Matí (06 a 14)",,,
"487/2017","2017-12-04","2017","12","Dilluns","22:35:00","Envestida","2","El Mercat","818460009","Ajuntament de Rubí","Nit (22 a 06)",,,
"477/2017","2017-12-05","2017","12","Dimarts","11:30:00","Col·lisió frontal","2","El Mercat","818460009","Ajuntament de Rubí","Matí (06 a 14)",,,
"478/2017","2017-12-05","2017","12","Dimarts","18:40:00","Fregament negatiu (mateix sentit)","2","Can Ximelis - D4","818460009","Ajuntament de Rubí","Tarda (14 a 22)",,,
"479/2017","2017-12-06","2017","12","Dimecres","07:30:00","Atropellament","2","El Progrés - Rubí 2000","818460009","Ajuntament de Rubí","Matí (06 a 14)",,,
"480/2017","2017-12-06","2017","12","Dimecres","11:30:00","Xoc sense sortida de via","2","Can Rosés","818460009","Ajuntament de Rubí","Matí (06 a 14)","41.5043338991","2.035522619","MULTILINESTRING ((419506.8777505466 4595194.2661442915, 419507.0069340621 4595194.418825721))"
"482/2017","2017-12-06","2017","12","Dimecres","13:35:00","Atropellament","2","Zona Nord - La Serreta","818460009","Ajuntament de Rubí","Matí (06 a 14)",,,
"481/2017","2017-12-06","2017","12","Dimecres","13:40:00","Sortida de via amb caiguda, bolcada, xoc","1","Zona Desconeguda","818460009","Ajuntament de Rubí","Matí (06 a 14)",,,
"483/2017","2017-12-07","2017","12","Dijous","09:56:00","Xoc sense sortida de via","1","Sant Muç","818460009","Ajuntament de Rubí","Matí (06 a 14)",,,
"484/2017","2017-12-10","2017","12","Diumenge","10:30:00","Xoc sense sortida de via","1","Can Fatjó","818460009","Ajuntament de Rubí","Matí (06 a 14)",,,
"485/2017","2017-12-10","2017","12","Diumenge","16:30:00","Col·lisió frontal","2","Can Fatjó","818460009","Ajuntament de Rubí","Tarda (14 a 22)",,,
"486/2017","2017-12-11","2017","12","Dilluns","05:25:00","Xoc sense sortida de via","4","Zona Nord - La Serreta","818460009","Ajuntament de Rubí","Nit (22 a 06)",,,
"488/2017","2017-12-11","2017","12","Dilluns","06:15:00","Envestida","2","Centre","818460009","Ajuntament de Rubí","Matí (06 a 14)",,,
"489/2017","2017-12-11","2017","12","Dilluns","11:05:00","Xoc sense sortida de via","1","Can Rosés","818460009","Ajuntament de Rubí","Matí (06 a 14)","41.5035659483","2.0347303519","MULTILINESTRING ((419439.80708097987 4595109.743000393, 419439.93064130645 4595109.90026719))"
"490/2017","2017-12-11","2017","12","Dilluns","11:40:00","Xoc sense sortida de via","1","Centre","818460009","Ajuntament de Rubí","Matí (06 a 14)","41.4944198787","2.0303453329","MULTILINESTRING ((419062.5125377823 4594098.610166291, 419062.5055503764 4594098.410288387))"
"491/2017","2017-12-12","2017","12","Dimarts","08:00:00","Fregament negatiu (mateix sentit)","2","Can Rosés","818460009","Ajuntament de Rubí","Matí (06 a 14)","41.5077531664","2.0379268487","MULTILINESTRING ((419711.89798370865 4595571.781432657, 419711.74344494473 4595571.654476875))"
"492/2017","2017-12-12","2017","12","Dimarts","15:44:00","Xoc sense sortida de via","2","Zona Nord - La Serreta","818460009","Ajuntament de Rubí","Tarda (14 a 22)",,,
"493/2017","2017-12-13","2017","12","Dimecres","13:00:00","Xoc sense sortida de via","1","Zona Desconeguda","818460009","Ajuntament de Rubí","Matí (06 a 14)",,,
"494/2017","2017-12-14","2017","12","Dijous","06:15:00","Envestida","2","Centre","818460009","Ajuntament de Rubí","Matí (06 a 14)",,,
"496/2017","2017-12-14","2017","12","Dijous","17:10:00","Atropellament","2","Zona Desconeguda","818460009","Ajuntament de Rubí","Tarda (14 a 22)",,,
"497/2017","2017-12-14","2017","12","Dijous","18:45:00","Xoc sense sortida de via","2","Can Fatjó","818460009","Ajuntament de Rubí","Tarda (14 a 22)",,,
"498/2017","2017-12-15","2017","12","Divendres","11:15:00","Fregament negatiu (mateix sentit)","2","Zona Desconeguda","818460009","Ajuntament de Rubí","Matí (06 a 14)",,,
"523/2017","2017-12-15","2017","12","Divendres","12:40:00","Col·lisió frontal","2","Centre","818460009","Ajuntament de Rubí","Matí (06 a 14)","41.4940869037","2.0356529163","MULTILINESTRING ((419505.22671567515 4594056.605909237, 419505.0297542336 4594056.571178982))"
"495/2017","2017-12-15","2017","12","Divendres","14:30:00","Envestida","2","Can Serrafossà - La Perla","818460009","Ajuntament de Rubí","Tarda (14 a 22)",,,
"499/2017","2017-12-15","2017","12","Divendres","19:00:00","Envestida","2","Centre","818460009","Ajuntament de Rubí","Tarda (14 a 22)",,,
"500/2017","2017-12-15","2017","12","Divendres","20:00:00","Envestida","3","Sant Muç","818460009","Ajuntament de Rubí","Tarda (14 a 22)",,,
"501/2017","2017-12-18","2017","12","Dilluns","21:20:00","Encalç","2","Can Fatjó","818460009","Ajuntament de Rubí","Tarda (14 a 22)","41.473369306","2.0190856087","MULTILINESTRING ((418096.03757905285 4591772.058786415, 418096.23757207056 4591772.05711522))"
"503/2017","2017-12-19","2017","12","Dimarts","07:30:00","Encalç","3","Zona Desconeguda","818460009","Ajuntament de Rubí","Matí (06 a 14)",,,
"502/2017","2017-12-19","2017","12","Dimarts","08:15:00","Atropellament","2","Plana de Can Bertran","818460009","Ajuntament de Rubí","Matí (06 a 14)","41.4942739383","2.0353138334","MULTILINESTRING ((419477.05419574946 4594077.769000762, 419477.05786099925 4594077.569034349))"
"505/2017","2017-12-20","2017","12","Dimecres","09:20:00","Encalç","2","Ca n'Oriol","818460009","Ajuntament de Rubí","Matí (06 a 14)","41.4940986312","2.0388067681","MULTILINESTRING ((419768.42601047247 4594055.056085383, 419768.3749472968 4594054.862713845))"
"504/2017","2017-12-20","2017","12","Dimecres","13:15:00","Encalç","2","Zona Desconeguda","818460009","Ajuntament de Rubí","Matí (06 a 14)",,,
"506/2017","2017-12-20","2017","12","Dimecres","17:50:00","Xoc sense sortida de via","3","Les Torres","818460009","Ajuntament de Rubí","Tarda (14 a 22)",,,
"507/2017","2017-12-20","2017","12","Dimecres","20:00:00","Encalç","3","Plana de Can Bertran","818460009","Ajuntament de Rubí","Tarda (14 a 22)","41.4929049654","2.0384729936","MULTILINESTRING ((419739.0702220919 4593922.647296394, 419739.06202945585 4593922.847128525))"
"508/2017","2017-12-21","2017","12","Dijous","15:50:00","Encalç","4","Zona Nord - La Serreta","818460009","Ajuntament de Rubí","Tarda (14 a 22)","41.4995424596","2.0379378339","MULTILINESTRING ((419702.59360000025 4594660.245500001, 419702.59360000025 4594660.045499999))"
"511/2017","2017-12-22","2017","12","Divendres","11:43:00","Envestida","2","Castellnou - Can Mir","818460009","Ajuntament de Rubí","Matí (06 a 14)",,,
"509/2017","2017-12-22","2017","12","Divendres","13:45:00","Xoc sense sortida de via","2","Els Avets","818460009","Ajuntament de Rubí","Matí (06 a 14)","41.4875675039","2.0215097522","MULTILINESTRING ((418316.47628966713 4593346.026626482, 418316.28835288953 4593346.095035307))"
"512/2017","2017-12-23","2017","12","Dissabte","14:15:00","Col·lisió frontal","2","Les Torres","818460009","Ajuntament de Rubí","Tarda (14 a 22)",,,
"513/2017","2017-12-23","2017","12","Dissabte","15:30:00","Encalç","2","Zona Desconeguda","818460009","Ajuntament de Rubí","Tarda (14 a 22)",,,
"514/2017","2017-12-23","2017","12","Dissabte","16:30:00","Sortida de via amb caiguda, bolcada, xoc","1","Sant Muç","818460009","Ajuntament de Rubí","Tarda (14 a 22)",,,
"515/2017","2017-12-25","2017","12","Dilluns","18:05:00","Fregament positiu (diferent sentit)","2","Zona Desconeguda","818460009","Ajuntament de Rubí","Tarda (14 a 22)",,,
"516/2017","2017-12-26","2017","12","Dimarts","09:25:00","Xoc sense sortida de via","3","Zona Nord - La Serreta","818460009","Ajuntament de Rubí","Matí (06 a 14)","41.4958953572","2.0366464989","MULTILINESTRING ((419590.24718459166 4594256.524547945, 419590.3553127889 4594256.356297262))"
"521/2017","2017-12-30","2017","12","Dissabte","12:40:00","Xoc sense sortida de via","1","Sant Muç","818460009","Ajuntament de Rubí","Matí (06 a 14)","41.5105138493","2.0187866144","MULTILINESTRING ((418117.9105926953 4595896.250361802, 418118.0190902604 4595896.082349069))"
"520/2017","2017-12-30","2017","12","Dissabte","13:07:00","Atropellament","2","Sant Muç","818460009","Ajuntament de Rubí","Matí (06 a 14)","41.5055783781","2.0043227979","MULTILINESTRING ((416904.5827608409 4595362.1097719325, 416904.69038112124 4595361.941195913))"
"517/2017","2017-12-30","2017","12","Dissabte","18:40:00","Xoc sense sortida de via","2","Zona Nord - La Serreta","818460009","Ajuntament de Rubí","Tarda (14 a 22)","41.5008337527","2.0340426804","MULTILINESTRING ((419379.061100356 4594807.034553102, 419379.11286714126 4594807.22773747))"
"519/2017","2017-12-30","2017","12","Dissabte","22:02:00","Envestida","2","Zona Desconeguda","818460009","Ajuntament de Rubí","Nit (22 a 06)",,,
"518/2017","2017-12-31","2017","12","Diumenge","11:10:00","Atropellament","2","Can Rosés","818460009","Ajuntament de Rubí","Matí (06 a 14)","41.5030879474","2.0339034337","MULTILINESTRING ((419370.1985984403 4595057.446582553, 419370.32446458697 4595057.602010069))"
"522/2017","2017-12-31","2017","12","Diumenge","16:41:00","Xoc sense sortida de via","1","Centre","818460009","Ajuntament de Rubí","Tarda (14 a 22)",,,
