"ID","DATA_ACCIDENT",ANY_ACCIDENT,MES_ACCIDENT,"DIA_SETMANA_ACCIDENT","HORA_ACCIDENT","TIPUS_ACCIDENT",N_IMPLICATS,"ZONA","CODI_ENS","NOM_ENS","TRAM_HORARI",LATITUD,LONGITUD,"PUNT_ACCIDENT"
"1/2018","2018-01-01","2018","1","Dilluns","09:30:00","Xoc sense sortida de via","2","Ca n'Alzamora","818460009","Ajuntament de Rubí","Matí (06 a 14)",,,
"2/2018","2018-01-02","2018","1","Dimarts","12:00:00","Col·lisió frontal","1","Les Torres","818460009","Ajuntament de Rubí","Matí (06 a 14)","41.4844523549","2.0305839525","MULTILINESTRING ((419070.1093963406 4592991.63454897, 419069.93459512084 4592991.73173196))"
"3/2018","2018-01-03","2018","1","Dimecres","02:40:00","Sortida de via amb caiguda, bolcada, xoc","1","Sector Z","818460009","Ajuntament de Rubí","Nit (22 a 06)","41.4853674638","2.0417543996","MULTILINESTRING ((420003.6109481213 4593082.924524705, 420003.79603082826 4593082.848732942))"
"4/2018","2018-01-03","2018","1","Dimecres","02:40:00","Xoc sense sortida de via","1","Sector Z","818460009","Ajuntament de Rubí","Nit (22 a 06)",,,
"5/2018","2018-01-03","2018","1","Dimecres","14:30:00","Envestida","2","Centre","818460009","Ajuntament de Rubí","Tarda (14 a 22)","41.4949282584","2.0310805266","MULTILINESTRING ((419124.5143784389 4594154.363023326, 419124.5039045849 4594154.163297769))"
"6/2018","2018-01-05","2018","1","Divendres","11:00:00","Encalç","2","El Progrés - Rubí 2000","818460009","Ajuntament de Rubí","Matí (06 a 14)",,,
"7/2018","2018-01-05","2018","1","Divendres","13:32:00","Xoc sense sortida de via","2","El Progrés - Rubí 2000","818460009","Ajuntament de Rubí","Matí (06 a 14)","41.4859291962","2.0343012131","MULTILINESTRING ((419382.2095399724 4593152.268524281, 419382.16115329665 4593152.07446571))"
"8/2018","2018-01-07","2018","1","Diumenge","10:49:00","Xoc sense sortida de via","1","Plana del Castell","818460009","Ajuntament de Rubí","Matí (06 a 14)","41.492856285","2.0278103531","MULTILINESTRING ((418848.9433521365 4593927.195614358, 418848.9746361822 4593927.393152477))"
"9/2018","2018-01-07","2018","1","Diumenge","15:30:00","Encalç","2","Ca n'Oriol","818460009","Ajuntament de Rubí","Tarda (14 a 22)","41.4961048959","2.0421398407","MULTILINESTRING ((420049.03848000563 4594274.697929883, 420049.132373341 4594274.521339846))"
"10/2018","2018-01-07","2018","1","Diumenge","18:20:00","Fregament negatiu (mateix sentit)","2","Zona Desconeguda","818460009","Ajuntament de Rubí","Tarda (14 a 22)",,,
"11/2018","2018-01-08","2018","1","Dilluns","20:00:00","Xoc sense sortida de via","1","Plana de Can Bertran","818460009","Ajuntament de Rubí","Tarda (14 a 22)","41.4919001336","2.0385436029","MULTILINESTRING ((419743.7221837576 4593811.024324372, 419743.71734500997 4593811.22426583))"
"12/2018","2018-01-10","2018","1","Dimecres","12:15:00","Atropellament","2","El Progrés - Rubí 2000","818460009","Ajuntament de Rubí","Matí (06 a 14)",,,
"14/2018","2018-01-11","2018","1","Dijous","12:35:00","Envestida","2","Can Fatjó","818460009","Ajuntament de Rubí","Matí (06 a 14)",,,
"13/2018","2018-01-11","2018","1","Dijous","14:30:00","Envestida","2","Zona Nord - La Serreta","818460009","Ajuntament de Rubí","Tarda (14 a 22)","41.4949568689","2.0356084481","MULTILINESTRING ((419502.39359632327 4594153.214000617, 419502.59359509754 4594153.214700823))"
"15/2018","2018-01-12","2018","1","Divendres","14:00:00","Fregament negatiu (mateix sentit)","2","Plana del Castell","818460009","Ajuntament de Rubí","Tarda (14 a 22)",,,
"16/2018","2018-01-12","2018","1","Divendres","18:30:00","Fregament negatiu (mateix sentit)","2","Ca n'Oriol","818460009","Ajuntament de Rubí","Tarda (14 a 22)",,,
"17/2018","2018-01-12","2018","1","Divendres","21:30:00","Envestida","2","Centre","818460009","Ajuntament de Rubí","Tarda (14 a 22)",,,
"18/2018","2018-01-13","2018","1","Dissabte","09:00:00","Col·lisió frontal","2","Can Solà","818460009","Ajuntament de Rubí","Matí (06 a 14)","41.5314064245","2.0095917377","MULTILINESTRING ((417377.2144534164 4598224.543678488, 417377.23857122194 4598224.345137985))"
"19/2018","2018-01-13","2018","1","Dissabte","15:10:00","Xoc sense sortida de via","2","Ca n'Alzamora","818460009","Ajuntament de Rubí","Tarda (14 a 22)",,,
"20/2018","2018-01-15","2018","1","Dilluns","06:45:00","Envestida","2","Zona Desconeguda","818460009","Ajuntament de Rubí","Matí (06 a 14)",,,
"21/2018","2018-01-15","2018","1","Dilluns","12:35:00","Xoc sense sortida de via","2","El Mercat","818460009","Ajuntament de Rubí","Matí (06 a 14)","41.4881455488","2.0395892329","MULTILINESTRING ((419826.4646139737 4593393.359231946, 419826.283351965 4593393.274709262))"
"22/2018","2018-01-16","2018","1","Dimarts","07:30:00","Xoc sense sortida de via","2","Plana de Can Bertran","818460009","Ajuntament de Rubí","Matí (06 a 14)","41.4942739383","2.0353138334","MULTILINESTRING ((419477.05419574946 4594077.769000762, 419477.05786099925 4594077.569034349))"
"24/2018","2018-01-17","2018","1","Dimecres","05:00:00","Atropellament","2","Centre","818460009","Ajuntament de Rubí","Nit (22 a 06)",,,
"25/2018","2018-01-17","2018","1","Dimecres","14:05:00","Xoc sense sortida de via","2","Can Fatjó","818460009","Ajuntament de Rubí","Tarda (14 a 22)","41.4855712348","2.0226637648","MULTILINESTRING ((418410.2483279316 4593123.438140059, 418410.1816372422 4593123.249586747))"
"23/2018","2018-01-17","2018","1","Dimecres","18:30:00","Encalç","3","Zona Nord - La Serreta","818460009","Ajuntament de Rubí","Tarda (14 a 22)",,,
"26/2018","2018-01-18","2018","1","Dijous","08:10:00","Envestida","2","Centre","818460009","Ajuntament de Rubí","Matí (06 a 14)",,,
"27/2018","2018-01-18","2018","1","Dijous","17:35:00","Encalç","2","Zona Desconeguda","818460009","Ajuntament de Rubí","Tarda (14 a 22)",,,
"28/2018","2018-01-19","2018","1","Divendres","07:50:00","Sortida de via amb caiguda, bolcada, xoc","2","Zona Desconeguda","818460009","Ajuntament de Rubí","Matí (06 a 14)",,,
"29/2018","2018-01-19","2018","1","Divendres","14:10:00","Sortida de via amb caiguda, bolcada, xoc","1","Can Vallhonrat","818460009","Ajuntament de Rubí","Tarda (14 a 22)","41.4741889365","2.0311625954","MULTILINESTRING ((419105.6664662536 4591851.686061168, 419105.4665883382 4591851.693048223))"
"30/2018","2018-01-19","2018","1","Divendres","14:10:00","Sortida de via amb caiguda, bolcada, xoc","1","Can Vallhonrat","818460009","Ajuntament de Rubí","Tarda (14 a 22)","41.4741889365","2.0311625954","MULTILINESTRING ((419105.6664662536 4591851.686061168, 419105.4665883382 4591851.693048223))"
"32/2018","2018-01-20","2018","1","Dissabte","17:40:00","Encalç","2","Centre","818460009","Ajuntament de Rubí","Tarda (14 a 22)",,,
"31/2018","2018-01-20","2018","1","Dissabte","18:10:00","Xoc sense sortida de via","1","Centre","818460009","Ajuntament de Rubí","Tarda (14 a 22)","41.4875588534","2.0305755733","MULTILINESTRING ((419073.088636345 4593336.584116305, 419073.28814846 4593336.570155074))"
"33/2018","2018-01-22","2018","1","Dilluns","16:45:00","Encalç","2","Plana de Can Bertran","818460009","Ajuntament de Rubí","Tarda (14 a 22)","41.4913652329","2.0379059399","MULTILINESTRING ((419689.9210139741 4593752.288868052, 419689.7397519654 4593752.373390737))"
"34/2018","2018-01-24","2018","1","Dimecres","11:22:00","Envestida","2","Can Rosés","818460009","Ajuntament de Rubí","Matí (06 a 14)",,,
"35/2018","2018-01-24","2018","1","Dimecres","19:10:00","Envestida","2","Sant Jordi Parc","818460009","Ajuntament de Rubí","Tarda (14 a 22)","41.489985693","2.0209256276","MULTILINESTRING ((418270.6985319252 4593614.990564073, 418270.6193425671 4593615.174218765))"
"36/2018","2018-01-25","2018","1","Dijous","22:20:00","Envestida","2","Sant Muç","818460009","Ajuntament de Rubí","Nit (22 a 06)",,,
"38/2018","2018-01-26","2018","1","Divendres","14:30:00","Atropellament","2","Plana de Can Bertran","818460009","Ajuntament de Rubí","Tarda (14 a 22)","41.4942739383","2.0353138334","MULTILINESTRING ((419477.05419574946 4594077.769000762, 419477.05786099925 4594077.569034349))"
"39/2018","2018-01-26","2018","1","Divendres","15:50:00","Xoc sense sortida de via","0","Can Rosés","818460009","Ajuntament de Rubí","Tarda (14 a 22)","41.5069165199","2.0453713355","MULTILINESTRING ((420332.1691007642 4595471.94319575, 420331.96913435217 4595471.946860999))"
"37/2018","2018-01-26","2018","1","Divendres","16:00:00","Xoc sense sortida de via","2","Les Torres","818460009","Ajuntament de Rubí","Tarda (14 a 22)","41.4846516644","2.0334599241","MULTILINESTRING ((419310.35001982236 4593011.024955303, 419310.38499309646 4593011.221873739))"
"40/2018","2018-01-27","2018","1","Dissabte","08:10:00","Fregament negatiu (mateix sentit)","2","Can Ximelis - D4","818460009","Ajuntament de Rubí","Matí (06 a 14)","41.4948267633","2.0055983993","MULTILINESTRING ((416997.3962050114 4594167.237908779, 416997.33570668177 4594167.047278373))"
"41/2018","2018-01-28","2018","1","Diumenge","01:30:00","Sortida de via amb caiguda, bolcada, xoc","1","El Progrés - Rubí 2000","818460009","Ajuntament de Rubí","Nit (22 a 06)",,,
"54/2018","2018-01-28","2018","1","Diumenge","11:10:00","Envestida","2","Centre","818460009","Ajuntament de Rubí","Matí (06 a 14)",,,
"42/2018","2018-01-30","2018","1","Dimarts","08:20:00","Sortida de via amb caiguda, bolcada, xoc","1","Plana del Castell","818460009","Ajuntament de Rubí","Matí (06 a 14)","41.4960114489","2.0287011787","MULTILINESTRING ((418927.2166745926 4594276.655528585, 418927.2913327899 4594276.841071446))"
"45/2018","2018-01-30","2018","1","Dimarts","13:45:00","Xoc sense sortida de via","1","Centre","818460009","Ajuntament de Rubí","Matí (06 a 14)","41.4916469213","2.0315038569","MULTILINESTRING ((419155.76116221753 4593789.470033709, 419155.76814962336 4593789.669911613))"
"43/2018","2018-01-30","2018","1","Dimarts","15:15:00","Fregament positiu (diferent sentit)","2","25 de Setembre","818460009","Ajuntament de Rubí","Tarda (14 a 22)","41.4826641155","2.0398069543","MULTILINESTRING ((419837.83097022097 4592784.469491525, 419837.75472696126 4592784.6543887))"
"44/2018","2018-01-30","2018","1","Dimarts","15:15:00","Encalç","2","Plana del Castell","818460009","Ajuntament de Rubí","Tarda (14 a 22)","41.4944368426","2.028087038","MULTILINESTRING ((418874.01148144406 4594102.411109714, 418874.04277525865 4594102.608646286))"
"46/2018","2018-01-31","2018","1","Dimecres","12:50:00","Encalç","2","Sector Z","818460009","Ajuntament de Rubí","Matí (06 a 14)",,,
"49/2018","2018-02-01","2018","2","Dijous","11:02:00","Encalç","3","Can Vallhonrat","818460009","Ajuntament de Rubí","Matí (06 a 14)","41.4745885576","2.0332950874","MULTILINESTRING ((419284.01997824677 4591894.058491548, 419284.2197043288 4591894.068955397))"
"47/2018","2018-02-01","2018","2","Dijous","16:10:00","Xoc sense sortida de via","4","Can Rosés","818460009","Ajuntament de Rubí","Tarda (14 a 22)",,,
"50/2018","2018-02-01","2018","2","Dijous","17:50:00","Atropellament","2","El Mercat","818460009","Ajuntament de Rubí","Tarda (14 a 22)","41.489510259","2.0354279041","MULTILINESTRING ((419480.66679864837 4593548.793885425, 419480.6900981978 4593548.595247232))"
"48/2018","2018-02-02","2018","2","Divendres","07:30:00","Encalç","2","Zona Nord - La Serreta","818460009","Ajuntament de Rubí","Matí (06 a 14)","41.5025271468","2.0337074243","MULTILINESTRING ((419353.14136674366 4594995.370643417, 419353.2719556583 4594995.522124557))"
"51/2018","2018-02-02","2018","2","Divendres","15:05:00","Envestida","2","Centre","818460009","Ajuntament de Rubí","Tarda (14 a 22)",,,
"52/2018","2018-02-04","2018","2","Diumenge","17:05:00","Xoc sense sortida de via","1","Can Fatjó","818460009","Ajuntament de Rubí","Tarda (14 a 22)",,,
"53/2018","2018-02-04","2018","2","Diumenge","19:25:00","Encalç","2","Zona Desconeguda","818460009","Ajuntament de Rubí","Tarda (14 a 22)",,,
"55/2018","2018-02-04","2018","2","Diumenge","21:40:00","Xoc sense sortida de via","2","Les Torres","818460009","Ajuntament de Rubí","Tarda (14 a 22)",,,
"57/2018","2018-02-05","2018","2","Dilluns","11:00:00","Altres (incendi, explosió, esllavissada, etc.)","1","Zona Desconeguda","818460009","Ajuntament de Rubí","Matí (06 a 14)",,,
"56/2018","2018-02-05","2018","2","Dilluns","12:05:00","Atropellament","2","El Progrés - Rubí 2000","818460009","Ajuntament de Rubí","Matí (06 a 14)",,,
"59/2018","2018-02-05","2018","2","Dilluns","12:33:00","Envestida","2","Zona Desconeguda","818460009","Ajuntament de Rubí","Matí (06 a 14)",,,
"61/2018","2018-02-05","2018","2","Dilluns","19:30:00","Xoc sense sortida de via","1","Zona Desconeguda","818460009","Ajuntament de Rubí","Tarda (14 a 22)",,,
"58/2018","2018-02-05","2018","2","Dilluns","21:00:00","Envestida","2","Sector Z","818460009","Ajuntament de Rubí","Tarda (14 a 22)",,,
"62/2018","2018-02-06","2018","2","Dimarts","08:40:00","Encalç","2","Can Rosés","818460009","Ajuntament de Rubí","Matí (06 a 14)",,,
"60/2018","2018-02-06","2018","2","Dimarts","08:45:00","Xoc sense sortida de via","8","Zona Nord - La Serreta","818460009","Ajuntament de Rubí","Matí (06 a 14)",,,
"63/2018","2018-02-06","2018","2","Dimarts","18:25:00","Xoc sense sortida de via","1","Can Rosés","818460009","Ajuntament de Rubí","Tarda (14 a 22)","41.5077531664","2.0379268487","MULTILINESTRING ((419711.89798370865 4595571.781432657, 419711.74344494473 4595571.654476875))"
"64/2018","2018-02-07","2018","2","Dimecres","23:10:00","Xoc sense sortida de via","2","Zona Desconeguda","818460009","Ajuntament de Rubí","Nit (22 a 06)",,,
"65/2018","2018-02-08","2018","2","Dijous","08:00:00","Xoc sense sortida de via","2","Plana de Can Bertran","818460009","Ajuntament de Rubí","Matí (06 a 14)","41.4914228633","2.0377322193","MULTILINESTRING ((419675.4908255087 4593758.848392787, 419675.30956734496 4593758.932923718))"
"66/2018","2018-02-08","2018","2","Dijous","20:00:00","Xoc sense sortida de via","2","Les Torres","818460009","Ajuntament de Rubí","Tarda (14 a 22)","41.4844677619","2.0305456917","MULTILINESTRING ((419066.93439634086 4592993.380848969, 419066.7595951212 4592993.478031959))"
"67/2018","2018-02-09","2018","2","Divendres","07:10:00","Encalç","2","Can Rosés","818460009","Ajuntament de Rubí","Matí (06 a 14)","41.5050050534","2.0377187982","MULTILINESTRING ((419690.9953082672 4595266.737763664, 419691.1285110227 4595266.886951553))"
"68/2018","2018-02-09","2018","2","Divendres","08:40:00","Atropellament","2","El Mercat","818460009","Ajuntament de Rubí","Matí (06 a 14)","41.4890621069","2.0371928171","MULTILINESTRING ((419627.54449973075 4593497.253101454, 419627.3662996411 4593497.343901941))"
"69/2018","2018-02-09","2018","2","Divendres","10:45:00","Xoc sense sortida de via","1","El Progrés - Rubí 2000","818460009","Ajuntament de Rubí","Matí (06 a 14)",,,
"70/2018","2018-02-09","2018","2","Divendres","12:40:00","Sortida de via amb caiguda, bolcada, xoc","1","Can Fatjó","818460009","Ajuntament de Rubí","Matí (06 a 14)",,,
"73/2018","2018-02-10","2018","2","Dissabte","19:04:00","Xoc sense sortida de via","1","El Progrés - Rubí 2000","818460009","Ajuntament de Rubí","Tarda (14 a 22)",,,
"71/2018","2018-02-12","2018","2","Dilluns","08:40:00","Envestida","2","Centre","818460009","Ajuntament de Rubí","Matí (06 a 14)",,,
"72/2018","2018-02-12","2018","2","Dilluns","09:05:00","Encalç","2","Can Vallhonrat","818460009","Ajuntament de Rubí","Matí (06 a 14)","41.4741889365","2.0311625954","MULTILINESTRING ((419105.6664662536 4591851.686061168, 419105.4665883382 4591851.693048223))"
"74/2018","2018-02-12","2018","2","Dilluns","19:35:00","Atropellament","2","Zona Nord - La Serreta","818460009","Ajuntament de Rubí","Tarda (14 a 22)",,,
"75/2018","2018-02-13","2018","2","Dimarts","10:10:00","Envestida","2","El Progrés - Rubí 2000","818460009","Ajuntament de Rubí","Matí (06 a 14)",,,
"78/2018","2018-02-13","2018","2","Dimarts","12:00:00","Xoc sense sortida de via","2","Zona Nord - La Serreta","818460009","Ajuntament de Rubí","Matí (06 a 14)","41.5008077226","2.0368982444","MULTILINESTRING ((419617.40119906666 4594801.579020085, 419617.3772 4594801.5858))"
"76/2018","2018-02-13","2018","2","Dimarts","17:10:00","Xoc sense sortida de via","1","Centre","818460009","Ajuntament de Rubí","Tarda (14 a 22)","41.4865877264","2.0322417453","MULTILINESTRING ((419211.0951329645 4593227.301736962, 419211.0535106193 4593227.106115949))"
"77/2018","2018-02-14","2018","2","Dimecres","06:15:00","Envestida","2","Centre","818460009","Ajuntament de Rubí","Matí (06 a 14)",,,
"79/2018","2018-02-14","2018","2","Dimecres","21:35:00","Atropellament","2","Centre","818460009","Ajuntament de Rubí","Tarda (14 a 22)",,,
"80/2018","2018-02-16","2018","2","Divendres","04:30:00","Sortida de via amb caiguda, bolcada, xoc","2","Zona Nord - La Serreta","818460009","Ajuntament de Rubí","Nit (22 a 06)","41.500971066","2.0325941962","MULTILINESTRING ((419258.3465451294 4594823.826256243, 419258.3783935058 4594823.628808323))"
"82/2018","2018-02-16","2018","2","Divendres","11:25:00","Fregament negatiu (mateix sentit)","2","Ca n'Oriol","818460009","Ajuntament de Rubí","Matí (06 a 14)","41.4983375761","2.038971886","MULTILINESTRING ((419787.41705327976 4594525.318271665, 419787.4104377063 4594525.518162222))"
"81/2018","2018-02-16","2018","2","Divendres","12:00:00","Fregament negatiu (mateix sentit)","2","El Mercat","818460009","Ajuntament de Rubí","Matí (06 a 14)",,,
"83/2018","2018-02-16","2018","2","Divendres","21:50:00","Fregament negatiu (mateix sentit)","2","Zona Desconeguda","818460009","Ajuntament de Rubí","Tarda (14 a 22)",,,
"84/2018","2018-02-17","2018","2","Dissabte","12:25:00","Encalç","2","Centre","818460009","Ajuntament de Rubí","Matí (06 a 14)","41.4877408911","2.0294266373","MULTILINESTRING ((418977.51568212267 4593357.9619411295, 418977.4878428302 4593357.763888172))"
"85/2018","2018-02-18","2018","2","Diumenge","10:50:00","Envestida","2","Zona Desconeguda","818460009","Ajuntament de Rubí","Matí (06 a 14)",,,
"86/2018","2018-02-18","2018","2","Diumenge","14:10:00","Col·lisió frontal","2","Can Ximelis - D4","818460009","Ajuntament de Rubí","Tarda (14 a 22)",,,
"87/2018","2018-02-19","2018","2","Dilluns","07:15:00","Envestida","2","Can Vallhonrat","818460009","Ajuntament de Rubí","Matí (06 a 14)","41.4741889365","2.0311625954","MULTILINESTRING ((419105.6664662536 4591851.686061168, 419105.4665883382 4591851.693048223))"
"88/2018","2018-02-19","2018","2","Dilluns","08:25:00","Fregament negatiu (mateix sentit)","2","Can Serrafossà - La Perla","818460009","Ajuntament de Rubí","Matí (06 a 14)","41.4882297335","2.010902572","MULTILINESTRING ((417431.69882648083 4593429.561410334, 417431.76723530784 4593429.749347111))"
"89/2018","2018-02-20","2018","2","Dimarts","07:40:00","Encalç","2","Ca n'Oriol","818460009","Ajuntament de Rubí","Matí (06 a 14)",,,
"90/2018","2018-02-20","2018","2","Dimarts","12:30:00","Fregament negatiu (mateix sentit)","2","Zona Desconeguda","818460009","Ajuntament de Rubí","Matí (06 a 14)",,,
"91/2018","2018-02-21","2018","2","Dimecres","15:30:00","Envestida","2","Centre","818460009","Ajuntament de Rubí","Tarda (14 a 22)",,,
"92/2018","2018-02-21","2018","2","Dimecres","16:50:00","Fregament negatiu (mateix sentit)","2","Zona Desconeguda","818460009","Ajuntament de Rubí","Tarda (14 a 22)",,,
"94/2018","2018-02-22","2018","2","Dijous","08:17:00","Encalç","3","El Progrés - Rubí 2000","818460009","Ajuntament de Rubí","Matí (06 a 14)",,,
"93/2018","2018-02-23","2018","2","Divendres","08:15:00","Xoc sense sortida de via","2","El Mercat","818460009","Ajuntament de Rubí","Matí (06 a 14)","41.4896458704","2.0359557907","MULTILINESTRING ((419525.0130443793 4593563.260102512, 419524.8130591725 4593563.257670016))"
"95/2018","2018-02-23","2018","2","Divendres","16:45:00","Fregament negatiu (mateix sentit)","2","El Progrés - Rubí 2000","818460009","Ajuntament de Rubí","Tarda (14 a 22)",,,
"96/2018","2018-02-26","2018","2","Dilluns","06:10:00","Xoc sense sortida de via","2","Can Fatjó","818460009","Ajuntament de Rubí","Matí (06 a 14)","41.4735948998","2.0210798291","MULTILINESTRING ((418262.8362314315 4591795.204184782, 418263.03450857545 4591795.230379707))"
"97/2018","2018-02-28","2018","2","Dimecres","21:10:00","Atropellament","2","Ca n'Alzamora","818460009","Ajuntament de Rubí","Tarda (14 a 22)","41.4805482925","2.0346646529","MULTILINESTRING ((419405.7728108219 4592554.388867572, 419405.9440144291 4592554.492256764))"
"98/2018","2018-03-01","2018","3","Dijous","03:00:00","Envestida","2","Les Torres","818460009","Ajuntament de Rubí","Nit (22 a 06)",,,
"100/2018","2018-03-02","2018","3","Divendres","08:10:00","Xoc sense sortida de via","1","Can Fatjó","818460009","Ajuntament de Rubí","Matí (06 a 14)","41.4714024834","2.0197943","MULTILINESTRING ((418152.8790686731 4591553.120452732, 418152.796991564 4591552.938070308))"
"104/2018","2018-03-02","2018","3","Divendres","12:50:00","Envestida","2","El Mercat","818460009","Ajuntament de Rubí","Matí (06 a 14)",,,
"99/2018","2018-03-02","2018","3","Divendres","14:20:00","Encalç","2","Can Fatjó","818460009","Ajuntament de Rubí","Tarda (14 a 22)",,,
"101/2018","2018-03-02","2018","3","Divendres","21:30:00","Xoc sense sortida de via","1","Centre","818460009","Ajuntament de Rubí","Tarda (14 a 22)","41.4861306215","2.0323539394","MULTILINESTRING ((419219.78517468786 4593176.399419393, 419219.96009958384 4593176.3024591915))"
"102/2018","2018-03-03","2018","3","Dissabte","11:45:00","Envestida","2","El Progrés - Rubí 2000","818460009","Ajuntament de Rubí","Matí (06 a 14)",,,
"103/2018","2018-03-04","2018","3","Diumenge","00:30:00","Fregament negatiu (mateix sentit)","2","Zona Nord - La Serreta","818460009","Ajuntament de Rubí","Nit (22 a 06)","41.5014750686","2.0331596224","MULTILINESTRING ((419306.21384166984 4594879.248818775, 419306.1468888932 4594879.060358365))"
"105/2018","2018-03-05","2018","3","Dilluns","07:00:00","Envestida","2","Can Ximelis - D4","818460009","Ajuntament de Rubí","Matí (06 a 14)","41.4967462408","2.0093856424","MULTILINESTRING ((417316.0318866399 4594376.608485458, 417315.8325488531 4594376.624747278))"
"106/2018","2018-03-06","2018","3","Dimarts","07:29:00","Envestida","2","Centre","818460009","Ajuntament de Rubí","Matí (06 a 14)",,,
"107/2018","2018-03-06","2018","3","Dimarts","19:20:00","Atropellament","2","Centre","818460009","Ajuntament de Rubí","Tarda (14 a 22)",,,
"109/2018","2018-03-06","2018","3","Dimarts","20:50:00","Encalç","2","Zona Desconeguda","818460009","Ajuntament de Rubí","Tarda (14 a 22)",,,
"108/2018","2018-03-06","2018","3","Dimarts","21:15:00","Xoc sense sortida de via","2","El Progrés - Rubí 2000","818460009","Ajuntament de Rubí","Tarda (14 a 22)",,,
"110/2018","2018-03-07","2018","3","Dimecres","07:50:00","Envestida","2","Zona Desconeguda","818460009","Ajuntament de Rubí","Matí (06 a 14)",,,
"111/2018","2018-03-08","2018","3","Dijous","17:10:00","Envestida","2","El Progrés - Rubí 2000","818460009","Ajuntament de Rubí","Tarda (14 a 22)","41.4854383459","2.0359172854","MULTILINESTRING ((419516.5122935757 4593096.269459077, 419516.47032476764 4593096.073912103))"
"112/2018","2018-03-09","2018","3","Divendres","08:40:00","Fregament negatiu (mateix sentit)","1","Ca n'Oriol","818460009","Ajuntament de Rubí","Matí (06 a 14)",,,
"115/2018","2018-03-10","2018","3","Dissabte","03:15:00","Envestida","2","Can Rosés","818460009","Ajuntament de Rubí","Nit (22 a 06)",,,
"113/2018","2018-03-10","2018","3","Dissabte","09:50:00","Envestida","2","Zona Desconeguda","818460009","Ajuntament de Rubí","Matí (06 a 14)",,,
"114/2018","2018-03-10","2018","3","Dissabte","14:25:00","Xoc sense sortida de via","1","El Progrés - Rubí 2000","818460009","Ajuntament de Rubí","Tarda (14 a 22)","41.4877137779","2.0349327141","MULTILINESTRING ((419437.2045059348 4593349.66341363, 419437.0263079131 4593349.754218172))"
"116/2018","2018-03-10","2018","3","Dissabte","21:00:00","Envestida","2","El Progrés - Rubí 2000","818460009","Ajuntament de Rubí","Tarda (14 a 22)",,,
"117/2018","2018-03-12","2018","3","Dilluns","08:10:00","Encalç","2","Ca n'Alzamora","818460009","Ajuntament de Rubí","Matí (06 a 14)","41.482202699","2.0310244304","MULTILINESTRING ((419104.09602189896 4592741.524675639, 419103.89752919873 4592741.50016752))"
"118/2018","2018-03-12","2018","3","Dilluns","09:30:00","Xoc sense sortida de via","1","Centre","818460009","Ajuntament de Rubí","Matí (06 a 14)",,,
"119/2018","2018-03-12","2018","3","Dilluns","17:15:00","Atropellament","2","El Progrés - Rubí 2000","818460009","Ajuntament de Rubí","Tarda (14 a 22)",,,
"122/2018","2018-03-12","2018","3","Dilluns","20:35:00","Atropellament","2","Centre","818460009","Ajuntament de Rubí","Tarda (14 a 22)","41.49499725","2.0360734032","MULTILINESTRING ((419541.25572026696 4594157.244790481, 419541.45169368916 4594157.2847206425))"
"120/2018","2018-03-13","2018","3","Dimarts","05:10:00","Envestida","2","Centre","818460009","Ajuntament de Rubí","Nit (22 a 06)",,,
"121/2018","2018-03-13","2018","3","Dimarts","11:00:00","Encalç","2","Ca n'Alzamora","818460009","Ajuntament de Rubí","Matí (06 a 14)","41.482202699","2.0310244304","MULTILINESTRING ((419104.09602189896 4592741.524675639, 419103.89752919873 4592741.50016752))"
"123/2018","2018-03-14","2018","3","Dimecres","09:10:00","Envestida","2","Centre","818460009","Ajuntament de Rubí","Matí (06 a 14)",,,
"125/2018","2018-03-15","2018","3","Dijous","08:00:00","Atropellament","2","Plana del Castell","818460009","Ajuntament de Rubí","Matí (06 a 14)","41.4960114489","2.0287011787","MULTILINESTRING ((418927.2166745926 4594276.655528585, 418927.2913327899 4594276.841071446))"
"124/2018","2018-03-15","2018","3","Dijous","08:45:00","Envestida","2","Zona Desconeguda","818460009","Ajuntament de Rubí","Matí (06 a 14)",,,
"126/2018","2018-03-15","2018","3","Dijous","13:30:00","Encalç","2","Can Fatjó","818460009","Ajuntament de Rubí","Matí (06 a 14)",,,
"127/2018","2018-03-15","2018","3","Dijous","17:00:00","Envestida","2","Centre","818460009","Ajuntament de Rubí","Tarda (14 a 22)","41.49499725","2.0360734032","MULTILINESTRING ((419541.25572026696 4594157.244790481, 419541.45169368916 4594157.2847206425))"
"131/2018","2018-03-15","2018","3","Dijous","20:45:00","Xoc sense sortida de via","2","Plana del Castell","818460009","Ajuntament de Rubí","Tarda (14 a 22)","41.4948998057","2.0281524209","MULTILINESTRING ((418880.0477927638 4594153.748257055, 418880.07702368515 4594153.946109408))"
"128/2018","2018-03-15","2018","3","Dijous","21:00:00","Envestida","2","Plana de Can Bertran","818460009","Ajuntament de Rubí","Tarda (14 a 22)",,,
"129/2018","2018-03-15","2018","3","Dijous","21:18:00","Atropellament","2","Plana de Can Bertran","818460009","Ajuntament de Rubí","Tarda (14 a 22)","41.4915075333","2.0379402588","MULTILINESTRING ((419692.77994593827 4593768.139097187, 419692.96189458435 4593768.056062915))"
"130/2018","2018-03-16","2018","3","Divendres","10:40:00","Xoc sense sortida de via","2","Centre","818460009","Ajuntament de Rubí","Matí (06 a 14)","41.4954977333","2.0311047974","MULTILINESTRING ((419127.2487084536 4594217.564021753, 419127.23824460467 4594217.364295673))"
"132/2018","2018-03-17","2018","3","Dissabte","10:45:00","Xoc sense sortida de via","2","Zona Desconeguda","818460009","Ajuntament de Rubí","Matí (06 a 14)",,,
"135/2018","2018-03-17","2018","3","Dissabte","13:30:00","Encalç","2","Plana de Can Bertran","818460009","Ajuntament de Rubí","Matí (06 a 14)","41.4942739383","2.0353138334","MULTILINESTRING ((419477.05419574946 4594077.769000762, 419477.05786099925 4594077.569034349))"
"133/2018","2018-03-17","2018","3","Dissabte","18:05:00","Encalç","3","Zona Nord - La Serreta","818460009","Ajuntament de Rubí","Tarda (14 a 22)","41.5013097991","2.0328280337","MULTILINESTRING ((419278.2664583302 4594861.021481226, 419278.3334111067 4594861.209941635))"
"134/2018","2018-03-18","2018","3","Diumenge","13:22:00","Xoc sense sortida de via","2","Centre","818460009","Ajuntament de Rubí","Matí (06 a 14)",,,
"136/2018","2018-03-20","2018","3","Dimarts","07:40:00","Envestida","2","Zona Desconeguda","818460009","Ajuntament de Rubí","Matí (06 a 14)",,,
"137/2018","2018-03-20","2018","3","Dimarts","08:00:00","Envestida","2","Can Vallhonrat","818460009","Ajuntament de Rubí","Matí (06 a 14)","41.4741889365","2.0311625954","MULTILINESTRING ((419105.6664662536 4591851.686061168, 419105.4665883382 4591851.693048223))"
"140/2018","2018-03-20","2018","3","Dimarts","11:10:00","Xoc sense sortida de via","2","Centre","818460009","Ajuntament de Rubí","Matí (06 a 14)",,,
"138/2018","2018-03-20","2018","3","Dimarts","19:35:00","Xoc sense sortida de via","1","Can Fatjó","818460009","Ajuntament de Rubí","Tarda (14 a 22)",,,
"139/2018","2018-03-21","2018","3","Dimecres","06:53:00","Encalç","2","Can Vallhonrat","818460009","Ajuntament de Rubí","Matí (06 a 14)","41.4741889365","2.0311625954","MULTILINESTRING ((419105.6664662536 4591851.686061168, 419105.4665883382 4591851.693048223))"
"142/2018","2018-03-23","2018","3","Divendres","14:20:00","Xoc sense sortida de via","1","Sant Muç","818460009","Ajuntament de Rubí","Tarda (14 a 22)",,,
"141/2018","2018-03-23","2018","3","Divendres","19:10:00","Atropellament","2","El Progrés - Rubí 2000","818460009","Ajuntament de Rubí","Tarda (14 a 22)",,,
"143/2018","2018-03-24","2018","3","Dissabte","01:30:00","Encalç","2","Sant Muç","818460009","Ajuntament de Rubí","Nit (22 a 06)",,,
"144/2018","2018-03-24","2018","3","Dissabte","03:50:00","Xoc sense sortida de via","1","El Progrés - Rubí 2000","818460009","Ajuntament de Rubí","Nit (22 a 06)",,,
"145/2018","2018-03-24","2018","3","Dissabte","07:30:00","Envestida","2","Sector Z","818460009","Ajuntament de Rubí","Matí (06 a 14)",,,
"146/2018","2018-03-24","2018","3","Dissabte","19:15:00","Xoc sense sortida de via","2","Can Fatjó","818460009","Ajuntament de Rubí","Tarda (14 a 22)",,,
"148/2018","2018-03-25","2018","3","Diumenge","10:50:00","Fregament negatiu (mateix sentit)","2","Zona Nord - La Serreta","818460009","Ajuntament de Rubí","Matí (06 a 14)",,,
"147/2018","2018-03-25","2018","3","Diumenge","17:40:00","Xoc sense sortida de via","2","Zona Desconeguda","818460009","Ajuntament de Rubí","Tarda (14 a 22)",,,
"149/2018","2018-03-26","2018","3","Dilluns","06:30:00","Envestida","2","Can Fatjó","818460009","Ajuntament de Rubí","Matí (06 a 14)",,,
"150/2018","2018-03-26","2018","3","Dilluns","13:40:00","Xoc sense sortida de via","2","Ca n'Oriol","818460009","Ajuntament de Rubí","Matí (06 a 14)","41.4985343277","2.0389585933","MULTILINESTRING ((419786.55035327957 4594547.174171665, 419786.54373770615 4594547.3740622215))"
"151/2018","2018-03-26","2018","3","Dilluns","17:45:00","Encalç","2","Sant Muç","818460009","Ajuntament de Rubí","Tarda (14 a 22)",,,
"152/2018","2018-03-27","2018","3","Dimarts","12:40:00","Altres (incendi, explosió, esllavissada, etc.)","2","Centre","818460009","Ajuntament de Rubí","Matí (06 a 14)","41.4900207508","2.0346411705","MULTILINESTRING ((419415.5430435202 4593606.066833108, 419415.7297580267 4593606.138510809))"
"153/2018","2018-03-28","2018","3","Dimecres","08:30:00","Envestida","2","Zona Nord - La Serreta","818460009","Ajuntament de Rubí","Matí (06 a 14)",,,
"154/2018","2018-03-28","2018","3","Dimecres","18:15:00","Fregament negatiu (mateix sentit)","2","Ca n'Alzamora","818460009","Ajuntament de Rubí","Tarda (14 a 22)","41.4814020018","2.0332823089","MULTILINESTRING ((419291.45098422986 4592650.591891145, 419291.56287897326 4592650.426121526))"
"155/2018","2018-03-29","2018","3","Dijous","10:00:00","Atropellament","2","Centre","818460009","Ajuntament de Rubí","Matí (06 a 14)",,,
"156/2018","2018-03-30","2018","3","Divendres","04:30:00","Xoc sense sortida de via","4","Sector Z","818460009","Ajuntament de Rubí","Nit (22 a 06)",,,
"157/2018","2018-03-31","2018","3","Dissabte","22:00:00","Xoc sense sortida de via","2","Zona Nord - La Serreta","818460009","Ajuntament de Rubí","Nit (22 a 06)",,,
"158/2018","2018-04-02","2018","4","Dilluns","11:05:00","Envestida","2","El Mercat","818460009","Ajuntament de Rubí","Matí (06 a 14)",,,
"160/2018","2018-04-04","2018","4","Dimecres","13:25:00","Xoc sense sortida de via","2","Sector Z","818460009","Ajuntament de Rubí","Matí (06 a 14)",,,
"161/2018","2018-04-04","2018","4","Dimecres","13:40:00","Envestida","2","Les Torres","818460009","Ajuntament de Rubí","Matí (06 a 14)",,,
"159/2018","2018-04-04","2018","4","Dimecres","14:00:00","Fregament positiu (diferent sentit)","2","Sector Z","818460009","Ajuntament de Rubí","Tarda (14 a 22)",,,
"162/2018","2018-04-05","2018","4","Dijous","03:20:00","Xoc sense sortida de via","3","Can Rosés","818460009","Ajuntament de Rubí","Nit (22 a 06)","41.5039516576","2.04548653","MULTILINESTRING ((420337.9765253111 4595142.606883294, 420338.120300415 4595142.745911059))"
"176/2018","2018-04-05","2018","4","Dijous","06:10:00","Xoc sense sortida de via","1","Zona Desconeguda","818460009","Ajuntament de Rubí","Matí (06 a 14)",,,
"163/2018","2018-04-05","2018","4","Dijous","18:15:00","Xoc sense sortida de via","1","Can Fatjó","818460009","Ajuntament de Rubí","Tarda (14 a 22)",,,
"164/2018","2018-04-05","2018","4","Dijous","19:03:00","Encalç","2","Zona Desconeguda","818460009","Ajuntament de Rubí","Tarda (14 a 22)",,,
"165/2018","2018-04-07","2018","4","Dissabte","13:00:00","Envestida","2","Can Fatjó","818460009","Ajuntament de Rubí","Matí (06 a 14)",,,
"166/2018","2018-04-08","2018","4","Diumenge","09:15:00","Envestida","2","Centre","818460009","Ajuntament de Rubí","Matí (06 a 14)",,,
"167/2018","2018-04-08","2018","4","Diumenge","20:15:00","Encalç","2","Zona Desconeguda","818460009","Ajuntament de Rubí","Tarda (14 a 22)",,,
"168/2018","2018-04-09","2018","4","Dilluns","17:15:00","Atropellament","2","Centre","818460009","Ajuntament de Rubí","Tarda (14 a 22)",,,
"169/2018","2018-04-10","2018","4","Dimarts","13:45:00","Xoc sense sortida de via","2","Can Fatjó","818460009","Ajuntament de Rubí","Matí (06 a 14)","41.4878050648","2.0231052377","MULTILINESTRING ((418449.9682102082 4593370.902886984, 418449.77531361073 4593370.9557159785))"
"170/2018","2018-04-11","2018","4","Dimecres","09:30:00","Xoc sense sortida de via","2","Zona Desconeguda","818460009","Ajuntament de Rubí","Matí (06 a 14)",,,
"171/2018","2018-04-11","2018","4","Dimecres","13:35:00","Xoc sense sortida de via","2","El Mercat","818460009","Ajuntament de Rubí","Matí (06 a 14)","41.486736708","2.0380994352","MULTILINESTRING ((419700.1776940652 4593238.333886371, 419700.35589208687 4593238.243081827))"
"173/2018","2018-04-11","2018","4","Dimecres","16:45:00","Envestida","2","Zona Desconeguda","818460009","Ajuntament de Rubí","Tarda (14 a 22)",,,
"172/2018","2018-04-11","2018","4","Dimecres","17:20:00","Envestida","2","Can Fatjó","818460009","Ajuntament de Rubí","Tarda (14 a 22)",,,
"174/2018","2018-04-12","2018","4","Dijous","07:35:00","Atropellament","2","Can Rosés","818460009","Ajuntament de Rubí","Matí (06 a 14)","41.5054828253","2.0396153685","MULTILINESTRING ((419849.8466079484 4595318.142317807, 419850.02287726454 4595318.047823741))"
"175/2018","2018-04-13","2018","4","Divendres","04:45:00","Envestida","2","Can Fatjó","818460009","Ajuntament de Rubí","Nit (22 a 06)",,,
"177/2018","2018-04-13","2018","4","Divendres","18:25:00","Fregament positiu (diferent sentit)","2","Centre","818460009","Ajuntament de Rubí","Tarda (14 a 22)",,,
"178/2018","2018-04-14","2018","4","Dissabte","11:30:00","Xoc sense sortida de via","1","Zona Nord - La Serreta","818460009","Ajuntament de Rubí","Matí (06 a 14)","41.4970119243","2.0356983839","MULTILINESTRING ((419512.6394820708 4594381.252155296, 419512.4505760944 4594381.317840392))"
"179/2018","2018-04-14","2018","4","Dissabte","11:50:00","Xoc sense sortida de via","1","Can Fatjó","818460009","Ajuntament de Rubí","Matí (06 a 14)",,,
"180/2018","2018-04-14","2018","4","Dissabte","14:10:00","Xoc sense sortida de via","2","Les Torres","818460009","Ajuntament de Rubí","Tarda (14 a 22)",,,
"181/2018","2018-04-14","2018","4","Dissabte","17:15:00","Envestida","2","Centre","818460009","Ajuntament de Rubí","Tarda (14 a 22)",,,
"182/2018","2018-04-14","2018","4","Dissabte","18:15:00","Col·lisió frontal","2","Zona Desconeguda","818460009","Ajuntament de Rubí","Tarda (14 a 22)",,,
"183/2018","2018-04-15","2018","4","Diumenge","08:00:00","Altres (incendi, explosió, esllavissada, etc.)","2","Sant Muç","818460009","Ajuntament de Rubí","Matí (06 a 14)","41.5048953206","2.0321202467","MULTILINESTRING ((419223.66781003744 4595259.74673091, 419223.6975467167 4595259.94450788))"
"184/2018","2018-04-15","2018","4","Diumenge","10:30:00","Encalç","2","El Mercat","818460009","Ajuntament de Rubí","Matí (06 a 14)","41.4868152457","2.0378818079","MULTILINESTRING ((419682.1069002691 4593247.255298545, 419682.2851003588 4593247.164498059))"
"185/2018","2018-04-17","2018","4","Dimarts","09:15:00","Encalç","3","Sector Z","818460009","Ajuntament de Rubí","Matí (06 a 14)","41.4853674638","2.0417543996","MULTILINESTRING ((420003.6109481213 4593082.924524705, 420003.79603082826 4593082.848732942))"
"186/2018","2018-04-17","2018","4","Dimarts","10:15:00","Atropellament","2","Zona Desconeguda","818460009","Ajuntament de Rubí","Matí (06 a 14)",,,
"187/2018","2018-04-17","2018","4","Dimarts","13:20:00","Sortida de via amb caiguda, bolcada, xoc","2","Ca n'Oriol","818460009","Ajuntament de Rubí","Matí (06 a 14)",,,
"188/2018","2018-04-17","2018","4","Dimarts","18:00:00","Xoc sense sortida de via","2","El Progrés - Rubí 2000","818460009","Ajuntament de Rubí","Tarda (14 a 22)",,,
"189/2018","2018-04-18","2018","4","Dimecres","05:55:00","Encalç","2","Zona Desconeguda","818460009","Ajuntament de Rubí","Nit (22 a 06)",,,
"191/2018","2018-04-18","2018","4","Dimecres","14:20:00","Envestida","2","Can Fatjó","818460009","Ajuntament de Rubí","Tarda (14 a 22)","41.4812721149","2.0246494998","MULTILINESTRING ((418570.55231562094 4592644.096880085, 418570.6620208279 4592644.264106781))"
"190/2018","2018-04-18","2018","4","Dimecres","21:20:00","Envestida","2","Centre","818460009","Ajuntament de Rubí","Tarda (14 a 22)",,,
"192/2018","2018-04-19","2018","4","Dijous","12:15:00","Atropellament","2","Ca n'Oriol","818460009","Ajuntament de Rubí","Matí (06 a 14)","41.5000678796","2.0406056427","MULTILINESTRING ((419925.9620303726 4594716.088782433, 419925.8560404966 4594715.9191765785))"
"193/2018","2018-04-21","2018","4","Dissabte","15:00:00","Col·lisió frontal","2","Zona Nord - La Serreta","818460009","Ajuntament de Rubí","Tarda (14 a 22)",,,
"194/2018","2018-04-22","2018","4","Diumenge","21:00:00","Envestida","2","Sector Z","818460009","Ajuntament de Rubí","Tarda (14 a 22)",,,
"195/2018","2018-04-23","2018","4","Dilluns","08:15:00","Encalç","2","Zona Desconeguda","818460009","Ajuntament de Rubí","Matí (06 a 14)",,,
"196/2018","2018-04-23","2018","4","Dilluns","13:45:00","Xoc sense sortida de via","1","Can Fatjó","818460009","Ajuntament de Rubí","Matí (06 a 14)","41.4900400284","2.0246500327","MULTILINESTRING ((418581.66323587066 4593617.695670014, 418581.5960478276 4593617.507293351))"
"197/2018","2018-04-23","2018","4","Dilluns","15:20:00","Fregament negatiu (mateix sentit)","2","Zona Desconeguda","818460009","Ajuntament de Rubí","Tarda (14 a 22)",,,
"198/2018","2018-04-24","2018","4","Dimarts","07:44:00","Sortida de via amb caiguda, bolcada, xoc","1","Zona Desconeguda","818460009","Ajuntament de Rubí","Matí (06 a 14)",,,
"200/2018","2018-04-24","2018","4","Dimarts","12:00:00","Encalç","2","Can Rosés","818460009","Ajuntament de Rubí","Matí (06 a 14)",,,
"199/2018","2018-04-24","2018","4","Dimarts","15:20:00","Encalç","2","Can Rosés","818460009","Ajuntament de Rubí","Tarda (14 a 22)",,,
"201/2018","2018-04-24","2018","4","Dimarts","18:32:00","Fregament positiu (diferent sentit)","2","Centre","818460009","Ajuntament de Rubí","Tarda (14 a 22)",,,
"202/2018","2018-04-25","2018","4","Dimecres","12:40:00","Xoc sense sortida de via","2","Zona Nord - La Serreta","818460009","Ajuntament de Rubí","Matí (06 a 14)","41.4963930151","2.0333823154","MULTILINESTRING ((419318.3771924608 4594314.674244097, 419318.54102328094 4594314.788958799))"
"205/2018","2018-04-26","2018","4","Dijous","07:15:00","Fregament negatiu (mateix sentit)","2","El Progrés - Rubí 2000","818460009","Ajuntament de Rubí","Matí (06 a 14)",,,
"206/2018","2018-04-26","2018","4","Dijous","09:20:00","Xoc sense sortida de via","1","Can Rosés","818460009","Ajuntament de Rubí","Matí (06 a 14)",,,
"204/2018","2018-04-26","2018","4","Dijous","10:20:00","Envestida","2","Zona Desconeguda","818460009","Ajuntament de Rubí","Matí (06 a 14)",,,
"203/2018","2018-04-26","2018","4","Dijous","18:00:00","Atropellament","2","Zona Nord - La Serreta","818460009","Ajuntament de Rubí","Tarda (14 a 22)",,,
"207/2018","2018-04-27","2018","4","Divendres","09:15:00","Atropellament","3","Centre","818460009","Ajuntament de Rubí","Matí (06 a 14)",,,
"208/2018","2018-04-28","2018","4","Dissabte","20:50:00","Envestida","2","Plana de Can Bertran","818460009","Ajuntament de Rubí","Tarda (14 a 22)",,,
"211/2018","2018-04-29","2018","4","Diumenge","08:35:00","Xoc sense sortida de via","1","Can Fatjó","818460009","Ajuntament de Rubí","Matí (06 a 14)",,,
"209/2018","2018-04-29","2018","4","Diumenge","09:00:00","Envestida","2","Sector Z","818460009","Ajuntament de Rubí","Matí (06 a 14)",,,
"210/2018","2018-04-29","2018","4","Diumenge","21:05:00","Xoc sense sortida de via","1","Zona Desconeguda","818460009","Ajuntament de Rubí","Tarda (14 a 22)",,,
"212/2018","2018-04-30","2018","4","Dilluns","06:50:00","Xoc sense sortida de via","1","Can Fatjó","818460009","Ajuntament de Rubí","Matí (06 a 14)","41.4822459837","2.0264317616","MULTILINESTRING ((418720.71487680305 4592750.661380264, 418720.5295690706 4592750.586140352))"
"213/2018","2018-04-30","2018","4","Dilluns","16:47:00","Xoc sense sortida de via","1","Zona Nord - La Serreta","818460009","Ajuntament de Rubí","Tarda (14 a 22)",,,
"217/2018","2018-05-01","2018","5","Dimarts","17:40:00","Xoc sense sortida de via","1","Centre","818460009","Ajuntament de Rubí","Tarda (14 a 22)",,,
"214/2018","2018-05-02","2018","5","Dimecres","18:25:00","Encalç","2","Zona Nord - La Serreta","818460009","Ajuntament de Rubí","Tarda (14 a 22)","41.4944055552","2.0382878469","MULTILINESTRING ((419725.4262113672 4594089.423510377, 419725.50211515615 4594089.608547172))"
"215/2018","2018-05-03","2018","5","Dijous","17:00:00","Xoc sense sortida de via","2","Zona Desconeguda","818460009","Ajuntament de Rubí","Tarda (14 a 22)",,,
"216/2018","2018-05-03","2018","5","Dijous","19:20:00","Fregament negatiu (mateix sentit)","2","Centre","818460009","Ajuntament de Rubí","Tarda (14 a 22)",,,
"218/2018","2018-05-03","2018","5","Dijous","19:20:00","Xoc sense sortida de via","2","Sector Z","818460009","Ajuntament de Rubí","Tarda (14 a 22)",,,
"219/2018","2018-05-05","2018","5","Dissabte","13:15:00","Encalç","2","Sector Z","818460009","Ajuntament de Rubí","Matí (06 a 14)",,,
"220/2018","2018-05-08","2018","5","Dimarts","09:50:00","Xoc sense sortida de via","2","Centre","818460009","Ajuntament de Rubí","Matí (06 a 14)","41.4940028805","2.029198278","MULTILINESTRING ((418966.23813949025 4594053.189096844, 418966.2478193204 4594053.388862461))"
"221/2018","2018-05-09","2018","5","Dimecres","18:15:00","Col·lisió frontal","3","Centre","818460009","Ajuntament de Rubí","Tarda (14 a 22)",,,
"224/2018","2018-05-09","2018","5","Dimecres","18:15:00","Col·lisió frontal","3","Centre","818460009","Ajuntament de Rubí","Tarda (14 a 22)",,,
"223/2018","2018-05-12","2018","5","Dissabte","18:09:00","Col·lisió frontal","2","Can Rosés","818460009","Ajuntament de Rubí","Tarda (14 a 22)",,,
"222/2018","2018-05-13","2018","5","Diumenge","06:00:00","Xoc sense sortida de via","1","Can Ximelis - D4","818460009","Ajuntament de Rubí","Matí (06 a 14)",,,
"225/2018","2018-05-14","2018","5","Dilluns","10:30:00","Xoc sense sortida de via","1","Zona Desconeguda","818460009","Ajuntament de Rubí","Matí (06 a 14)",,,
"226/2018","2018-05-15","2018","5","Dimarts","07:00:00","Sortida de via amb caiguda, bolcada, xoc","1","Zona Desconeguda","818460009","Ajuntament de Rubí","Matí (06 a 14)",,,
"227/2018","2018-05-15","2018","5","Dimarts","16:00:00","Xoc sense sortida de via","2","Zona Desconeguda","818460009","Ajuntament de Rubí","Tarda (14 a 22)",,,
"228/2018","2018-05-17","2018","5","Dijous","10:00:00","Atropellament","2","Centre","818460009","Ajuntament de Rubí","Matí (06 a 14)","41.4911829087","2.0326962523","MULTILINESTRING ((419254.69103330106 4593736.84621376, 419254.7561444015 4593737.035318346))"
"230/2018","2018-05-18","2018","5","Divendres","18:50:00","Envestida","2","Centre","818460009","Ajuntament de Rubí","Tarda (14 a 22)",,,
"229/2018","2018-05-18","2018","5","Divendres","20:15:00","Envestida","2","El Mercat","818460009","Ajuntament de Rubí","Tarda (14 a 22)",,,
"231/2018","2018-05-18","2018","5","Divendres","21:59:00","Xoc sense sortida de via","3","Zona Desconeguda","818460009","Ajuntament de Rubí","Tarda (14 a 22)",,,
"232/2018","2018-05-19","2018","5","Dissabte","15:20:00","Fregament positiu (diferent sentit)","2","El Mercat","818460009","Ajuntament de Rubí","Tarda (14 a 22)","41.4893132122","2.0382358054","MULTILINESTRING ((419714.7749440992 4593524.125692461, 419714.8896587988 4593524.289523281))"
"233/2018","2018-05-23","2018","5","Dimecres","14:45:00","Atropellament","2","Can Barceló - Vallespark","818460009","Ajuntament de Rubí","Tarda (14 a 22)","41.5304869972","1.9924032925","MULTILINESTRING ((415942.178181105 4598138.875809237, 415942.03677480656 4598139.017245649))"
"234/2018","2018-05-23","2018","5","Dimecres","15:15:00","Xoc sense sortida de via","1","Zona Desconeguda","818460009","Ajuntament de Rubí","Tarda (14 a 22)",,,
"235/2018","2018-05-23","2018","5","Dimecres","16:05:00","Fregament negatiu (mateix sentit)","2","Zona Desconeguda","818460009","Ajuntament de Rubí","Tarda (14 a 22)",,,
"236/2018","2018-05-23","2018","5","Dimecres","17:20:00","Envestida","2","Can Vallhonrat","818460009","Ajuntament de Rubí","Tarda (14 a 22)","41.4741889365","2.0311625954","MULTILINESTRING ((419105.6664662536 4591851.686061168, 419105.4665883382 4591851.693048223))"
"237/2018","2018-05-23","2018","5","Dimecres","19:30:00","Atropellament","2","Ca n'Oriol","818460009","Ajuntament de Rubí","Tarda (14 a 22)","41.4959725436","2.0388078783","MULTILINESTRING ((419770.88484604855 4594263.063221565, 419770.7266947314 4594262.940795421))"
"239/2018","2018-05-24","2018","5","Dijous","06:50:00","Encalç","2","Sector Z","818460009","Ajuntament de Rubí","Matí (06 a 14)",,,
"238/2018","2018-05-24","2018","5","Dijous","18:15:00","Atropellament","2","Ca n'Oriol","818460009","Ajuntament de Rubí","Tarda (14 a 22)","41.4981211636","2.0425858778","MULTILINESTRING ((420088.8685041889 4594498.112582041, 420088.72033891856 4594497.978242722))"
"241/2018","2018-05-24","2018","5","Dijous","19:50:00","Fregament negatiu (mateix sentit)","3","Centre","818460009","Ajuntament de Rubí","Tarda (14 a 22)","41.4959350338","2.0311035652","MULTILINESTRING ((419127.68987843866 4594266.114723326, 419127.6794045848 4594265.914997769))"
"242/2018","2018-05-25","2018","5","Divendres","08:30:00","Fregament negatiu (mateix sentit)","2","Plana de Can Bertran","818460009","Ajuntament de Rubí","Matí (06 a 14)","41.4934243467","2.0371290831","MULTILINESTRING ((419627.4932999904 4593981.563719974, 419627.56169998733 4593981.751659964))"
"240/2018","2018-05-25","2018","5","Divendres","09:00:00","Xoc sense sortida de via","2","Can Rosés","818460009","Ajuntament de Rubí","Matí (06 a 14)","41.5077531664","2.0379268487","MULTILINESTRING ((419711.89798370865 4595571.781432657, 419711.74344494473 4595571.654476875))"
"243/2018","2018-05-25","2018","5","Divendres","18:30:00","Fregament negatiu (mateix sentit)","2","Can Fatjó","818460009","Ajuntament de Rubí","Tarda (14 a 22)","41.4754964379","2.0295819673","MULTILINESTRING ((418975.19722533115 4591998.230476119, 418975.2360671082 4591998.426668157))"
"244/2018","2018-05-28","2018","5","Dilluns","05:15:00","Encalç","2","Zona Desconeguda","818460009","Ajuntament de Rubí","Nit (22 a 06)",,,
"245/2018","2018-05-28","2018","5","Dilluns","10:30:00","Envestida","1","Les Torres","818460009","Ajuntament de Rubí","Matí (06 a 14)",,,
"246/2018","2018-05-28","2018","5","Dilluns","16:30:00","Encalç","2","Sector Z","818460009","Ajuntament de Rubí","Tarda (14 a 22)",,,
"247/2018","2018-05-29","2018","5","Dimarts","10:30:00","Encalç","2","Plana de Can Bertran","818460009","Ajuntament de Rubí","Matí (06 a 14)","41.4913880055","2.0365262605","MULTILINESTRING ((419574.72357351886 4593756.235589667, 419574.65516469185 4593756.047652891))"
"248/2018","2018-05-29","2018","5","Dimarts","18:10:00","Envestida","2","Zona Nord - La Serreta","818460009","Ajuntament de Rubí","Tarda (14 a 22)",,,
"249/2018","2018-05-30","2018","5","Dimecres","17:30:00","Atropellament","2","Can Fatjó","818460009","Ajuntament de Rubí","Tarda (14 a 22)","41.4904669881","2.0258845023","MULTILINESTRING ((418685.1142260092 4593663.829235302, 418685.31273467897 4593663.853613734))"
"250/2018","2018-05-31","2018","5","Dijous","11:45:00","Encalç","2","Zona Desconeguda","818460009","Ajuntament de Rubí","Matí (06 a 14)",,,
"252/2018","2018-06-01","2018","6","Divendres","07:45:00","Xoc sense sortida de via","3","Sant Muç","818460009","Ajuntament de Rubí","Matí (06 a 14)","41.5017430051","2.0310906674","MULTILINESTRING ((419133.8190100377 4594910.735430911, 419133.84874671703 4594910.933207883))"
"253/2018","2018-06-01","2018","6","Divendres","18:50:00","Encalç","2","Sant Muç","818460009","Ajuntament de Rubí","Tarda (14 a 22)",,,
"251/2018","2018-06-01","2018","6","Divendres","19:55:00","Envestida","2","El Mercat","818460009","Ajuntament de Rubí","Tarda (14 a 22)",,,
"254/2018","2018-06-03","2018","6","Diumenge","06:15:00","Simple","1","Sant Muç","818460009","Ajuntament de Rubí","Matí (06 a 14)","41.5065388093","2.0324814568","MULTILINESTRING ((419255.8557100376 4595441.871430913, 419255.8854467167 4595442.0692078825))"
"256/2018","2018-06-03","2018","6","Diumenge","11:50:00","Envestida","2","Centre","818460009","Ajuntament de Rubí","Matí (06 a 14)",,,
"257/2018","2018-06-04","2018","6","Dilluns","08:45:00","Envestida","2","Centre","818460009","Ajuntament de Rubí","Matí (06 a 14)",,,
"258/2018","2018-06-04","2018","6","Dilluns","16:05:00","Encalç","2","Sant Muç","818460009","Ajuntament de Rubí","Tarda (14 a 22)","41.5080172026","2.0142346424","MULTILINESTRING ((417734.8391291502 4595623.3195791645, 417735.0375722002 4595623.294672219))"
"259/2018","2018-06-06","2018","6","Dimecres","05:05:00","Sortida de via amb caiguda, bolcada, xoc","1","Can Rosés","818460009","Ajuntament de Rubí","Nit (22 a 06)",,,
"260/2018","2018-06-06","2018","6","Dimecres","08:15:00","Fregament negatiu (mateix sentit)","2","El Progrés - Rubí 2000","818460009","Ajuntament de Rubí","Matí (06 a 14)","41.4867532845","2.0335858227","MULTILINESTRING ((419323.48701534723 4593244.429591614, 419323.4835204631 4593244.229622152))"
"261/2018","2018-06-06","2018","6","Dimecres","17:40:00","Xoc sense sortida de via","2","Plana de Can Bertran","818460009","Ajuntament de Rubí","Tarda (14 a 22)","41.49166881","2.0385475435","MULTILINESTRING ((419743.7662289924 4593785.338918688, 419743.76010532316 4593785.538824917))"
"262/2018","2018-06-06","2018","6","Dimecres","23:10:00","Xoc sense sortida de via","2","El Progrés - Rubí 2000","818460009","Ajuntament de Rubí","Nit (22 a 06)","41.4866006779","2.0366065802","MULTILINESTRING ((419575.38326801173 4593224.617360057, 419575.56302401575 4593224.529680077))"
"264/2018","2018-06-08","2018","6","Divendres","03:30:00","Xoc sense sortida de via","1","Centre","818460009","Ajuntament de Rubí","Nit (22 a 06)",,,
"263/2018","2018-06-08","2018","6","Divendres","14:10:00","Fregament positiu (diferent sentit)","2","El Mercat","818460009","Ajuntament de Rubí","Tarda (14 a 22)","41.4894865015","2.0372707705","MULTILINESTRING ((419634.56052572944 4593544.410882178, 419634.41416763933 4593544.2745762365))"
"265/2018","2018-06-08","2018","6","Divendres","18:00:00","Envestida","2","Can Fatjó","818460009","Ajuntament de Rubí","Tarda (14 a 22)","41.4717938704","2.0182407023","MULTILINESTRING ((418023.603155216 4591597.852368426, 418023.60520695476 4591598.052357903))"
"266/2018","2018-06-09","2018","6","Dissabte","01:45:00","Encalç","2","Zona Desconeguda","818460009","Ajuntament de Rubí","Nit (22 a 06)",,,
"268/2018","2018-06-09","2018","6","Dissabte","18:50:00","Fregament negatiu (mateix sentit)","2","Plana del Castell","818460009","Ajuntament de Rubí","Tarda (14 a 22)","41.4939740784","2.0269121116","MULTILINESTRING ((418775.39184786315 4594052.335085642, 418775.3605638175 4594052.137547523))"
"267/2018","2018-06-10","2018","6","Diumenge","02:25:00","Sortida de via amb caiguda, bolcada, xoc","1","Can Fatjó","818460009","Ajuntament de Rubí","Nit (22 a 06)",,,
"269/2018","2018-06-10","2018","6","Diumenge","21:50:00","Encalç","2","Zona Nord - La Serreta","818460009","Ajuntament de Rubí","Tarda (14 a 22)","41.4944055552","2.0382878469","MULTILINESTRING ((419725.4262113672 4594089.423510377, 419725.50211515615 4594089.608547172))"
"271/2018","2018-06-12","2018","6","Dimarts","12:00:00","Encalç","2","Zona Nord - La Serreta","818460009","Ajuntament de Rubí","Matí (06 a 14)","41.496656526","2.0382696702","MULTILINESTRING ((419726.72905946005 4594339.337998707, 419726.72387928015 4594339.53793161))"
"270/2018","2018-06-12","2018","6","Dimarts","12:50:00","Xoc sense sortida de via","2","Can Rosés","818460009","Ajuntament de Rubí","Matí (06 a 14)","41.5077531664","2.0379268487","MULTILINESTRING ((419711.89798370865 4595571.781432657, 419711.74344494473 4595571.654476875))"
"272/2018","2018-06-12","2018","6","Dimarts","17:00:00","Envestida","2","Centre","818460009","Ajuntament de Rubí","Tarda (14 a 22)",,,
"275/2018","2018-06-13","2018","6","Dimecres","11:57:00","Sortida de via amb caiguda, bolcada, xoc","2","Sant Muç","818460009","Ajuntament de Rubí","Matí (06 a 14)",,,
"276/2018","2018-06-14","2018","6","Dijous","14:45:00","Xoc sense sortida de via","2","Centre","818460009","Ajuntament de Rubí","Tarda (14 a 22)",,,
"273/2018","2018-06-14","2018","6","Dijous","14:55:00","Atropellament","2","Plana de Can Bertran","818460009","Ajuntament de Rubí","Tarda (14 a 22)","41.4942739383","2.0353138334","MULTILINESTRING ((419477.05419574946 4594077.769000762, 419477.05786099925 4594077.569034349))"
"274/2018","2018-06-16","2018","6","Dissabte","08:30:00","Envestida","2","Centre","818460009","Ajuntament de Rubí","Matí (06 a 14)",,,
"278/2018","2018-06-16","2018","6","Dissabte","22:00:00","Xoc sense sortida de via","1","Zona Nord - La Serreta","818460009","Ajuntament de Rubí","Nit (22 a 06)","41.5011008873","2.0341312511","MULTILINESTRING ((419386.78480788524 4594836.609551083, 419386.8365771804 4594836.802734779))"
"277/2018","2018-06-17","2018","6","Diumenge","04:10:00","Xoc sense sortida de via","2","Plana de Can Bertran","818460009","Ajuntament de Rubí","Nit (22 a 06)",,,
"279/2018","2018-06-18","2018","6","Dilluns","15:15:00","Atropellament","2","Centre","818460009","Ajuntament de Rubí","Tarda (14 a 22)",,,
"280/2018","2018-06-19","2018","6","Dimarts","08:15:00","Sortida de via amb caiguda, bolcada, xoc","2","Ca n'Alzamora","818460009","Ajuntament de Rubí","Matí (06 a 14)","41.4828365044","2.0306146191","MULTILINESTRING ((419070.5520807485 4592812.359495276, 419070.59087433113 4592812.163293701))"
"281/2018","2018-06-19","2018","6","Dimarts","10:10:00","Encalç","2","Zona Desconeguda","818460009","Ajuntament de Rubí","Matí (06 a 14)",,,
"282/2018","2018-06-19","2018","6","Dimarts","20:05:00","Col·lisió frontal","2","Can Barceló - Vallespark","818460009","Ajuntament de Rubí","Tarda (14 a 22)",,,
"285/2018","2018-06-21","2018","6","Dijous","14:00:00","Xoc sense sortida de via","1","Zona Desconeguda","818460009","Ajuntament de Rubí","Tarda (14 a 22)",,,
"283/2018","2018-06-22","2018","6","Divendres","02:02:00","Xoc sense sortida de via","1","Sant Jordi Parc","818460009","Ajuntament de Rubí","Nit (22 a 06)",,,
"284/2018","2018-06-22","2018","6","Divendres","07:45:00","Xoc sense sortida de via","2","Can Fatjó","818460009","Ajuntament de Rubí","Matí (06 a 14)",,,
"286/2018","2018-06-22","2018","6","Divendres","13:18:00","Fregament negatiu (mateix sentit)","3","Can Fatjó","818460009","Ajuntament de Rubí","Matí (06 a 14)","41.4916400736","2.026811201","MULTILINESTRING ((418763.96820097987 4593793.280363213, 418764.10526797303 4593793.134717617))"
"287/2018","2018-06-22","2018","6","Divendres","13:30:00","Fregament negatiu (mateix sentit)","2","Zona Desconeguda","818460009","Ajuntament de Rubí","Matí (06 a 14)",,,
"288/2018","2018-06-22","2018","6","Divendres","15:40:00","Envestida","2","Can Fatjó","818460009","Ajuntament de Rubí","Tarda (14 a 22)",,,
"289/2018","2018-06-22","2018","6","Divendres","19:30:00","Atropellament","2","Centre","818460009","Ajuntament de Rubí","Tarda (14 a 22)","41.4900207508","2.0346411705","MULTILINESTRING ((419415.5430435202 4593606.066833108, 419415.7297580267 4593606.138510809))"
"290/2018","2018-06-23","2018","6","Dissabte","23:18:00","Atropellament","2","Ca n'Oriol","818460009","Ajuntament de Rubí","Nit (22 a 06)","41.4989142433","2.0399006049","MULTILINESTRING ((419865.65823908814 4594588.677821143, 419865.6246521176 4594588.480661525))"
"291/2018","2018-06-24","2018","6","Diumenge","13:35:00","Xoc sense sortida de via","2","Zona Nord - La Serreta","818460009","Ajuntament de Rubí","Matí (06 a 14)","41.4998744299","2.036310416","MULTILINESTRING ((419567.1480600275 4594698.416875716, 419567.19644670346 4594698.610934289))"
"297/2018","2018-06-27","2018","6","Dimecres","17:56:00","Atropellament","2","Zona Nord - La Serreta","818460009","Ajuntament de Rubí","Tarda (14 a 22)","41.4948460672","2.0378608964","MULTILINESTRING ((419690.45108132553 4594138.877340517, 419690.28927510075 4594138.7597873565))"
"295/2018","2018-06-28","2018","6","Dijous","12:35:00","Xoc sense sortida de via","2","Centre","818460009","Ajuntament de Rubí","Matí (06 a 14)",,,
"292/2018","2018-06-28","2018","6","Dijous","19:30:00","Encalç","2","El Progrés - Rubí 2000","818460009","Ajuntament de Rubí","Tarda (14 a 22)",,,
"293/2018","2018-06-29","2018","6","Divendres","01:45:00","Xoc sense sortida de via","2","Zona Nord - La Serreta","818460009","Ajuntament de Rubí","Nit (22 a 06)",,,
"294/2018","2018-06-29","2018","6","Divendres","15:20:00","Sortida de via amb caiguda, bolcada, xoc","2","Can Rosés","818460009","Ajuntament de Rubí","Tarda (14 a 22)",,,
"296/2018","2018-07-02","2018","7","Dilluns","06:40:00","Col·lisió frontal","2","Zona Desconeguda","818460009","Ajuntament de Rubí","Matí (06 a 14)",,,
"298/2018","2018-07-03","2018","7","Dimarts","10:20:00","Xoc sense sortida de via","2","Zona Nord - La Serreta","818460009","Ajuntament de Rubí","Matí (06 a 14)","41.4993584993","2.0357973316","MULTILINESTRING ((419523.80306001473 4594641.677658822, 419523.6153466862 4594641.7466784315))"
"299/2018","2018-07-03","2018","7","Dimarts","17:55:00","Fregament negatiu (mateix sentit)","2","Zona Desconeguda","818460009","Ajuntament de Rubí","Tarda (14 a 22)",,,
"300/2018","2018-07-04","2018","7","Dimecres","12:45:00","Encalç","2","Can Rosés","818460009","Ajuntament de Rubí","Matí (06 a 14)","41.5077531664","2.0379268487","MULTILINESTRING ((419711.89798370865 4595571.781432657, 419711.74344494473 4595571.654476875))"
"301/2018","2018-07-05","2018","7","Dijous","13:40:00","Envestida","2","Centre","818460009","Ajuntament de Rubí","Matí (06 a 14)",,,
"303/2018","2018-07-05","2018","7","Dijous","20:40:00","Encalç","2","Can Barceló - Vallespark","818460009","Ajuntament de Rubí","Tarda (14 a 22)","41.5269174473","1.9939709005","MULTILINESTRING ((416068.3042936792 4597741.030281582, 416068.2389582388 4597741.219308775))"
"302/2018","2018-07-06","2018","7","Divendres","06:40:00","Fregament positiu (diferent sentit)","2","Centre","818460009","Ajuntament de Rubí","Matí (06 a 14)","41.4946571433","2.0310772334","MULTILINESTRING ((419123.90220845357 4594124.2666217545, 419123.8917446047 4594124.066895672))"
"304/2018","2018-07-08","2018","7","Diumenge","12:01:00","Sortida de via amb caiguda, bolcada, xoc","1","Zona Desconeguda","818460009","Ajuntament de Rubí","Matí (06 a 14)",,,
"305/2018","2018-07-09","2018","7","Dilluns","03:15:00","Xoc sense sortida de via","1","Ca n'Alzamora","818460009","Ajuntament de Rubí","Nit (22 a 06)",,,
"306/2018","2018-07-09","2018","7","Dilluns","06:30:00","Col·lisió frontal","3","Can Rosés","818460009","Ajuntament de Rubí","Matí (06 a 14)","41.5051828038","2.0404674641","MULTILINESTRING ((419920.5904079477 4595284.043917807, 419920.76667726366 4595283.949423742))"
"310/2018","2018-07-10","2018","7","Dimarts","06:50:00","Xoc sense sortida de via","1","Zona Desconeguda","818460009","Ajuntament de Rubí","Matí (06 a 14)",,,
"307/2018","2018-07-10","2018","7","Dimarts","10:50:00","Envestida","2","Centre","818460009","Ajuntament de Rubí","Matí (06 a 14)",,,
"308/2018","2018-07-11","2018","7","Dimecres","12:50:00","Xoc sense sortida de via","1","Can Fatjó","818460009","Ajuntament de Rubí","Matí (06 a 14)","41.4802152496","2.0226297899","MULTILINESTRING ((418400.6779564419 4592528.651735551, 418400.6402419226 4592528.8481474025))"
"311/2018","2018-07-12","2018","7","Dijous","09:50:00","Envestida","2","Can Serrafossà - La Perla","818460009","Ajuntament de Rubí","Matí (06 a 14)",,,
"309/2018","2018-07-12","2018","7","Dijous","12:00:00","Envestida","2","El Pinar","818460009","Ajuntament de Rubí","Matí (06 a 14)",,,
"313/2018","2018-07-13","2018","7","Divendres","08:45:00","Envestida","2","Centre","818460009","Ajuntament de Rubí","Matí (06 a 14)",,,
"312/2018","2018-07-13","2018","7","Divendres","09:00:00","Encalç","3","El Progrés - Rubí 2000","818460009","Ajuntament de Rubí","Matí (06 a 14)",,,
"314/2018","2018-07-14","2018","7","Dissabte","15:08:00","Xoc sense sortida de via","2","Ca n'Oriol","818460009","Ajuntament de Rubí","Tarda (14 a 22)","41.4992014087","2.0399582271","MULTILINESTRING ((419870.8217099203 4594620.505826115, 419870.7881132269 4594620.308668151))"
"316/2018","2018-07-15","2018","7","Diumenge","11:00:00","Xoc sense sortida de via","3","Can Solà","818460009","Ajuntament de Rubí","Matí (06 a 14)","41.5335721599","2.0026074623","MULTILINESTRING ((416797.2710640411 4598471.524243315, 416797.42095205496 4598471.656657752))"
"315/2018","2018-07-15","2018","7","Diumenge","13:00:00","Sortida de via amb caiguda, bolcada, xoc","2","Ca n'Oriol","818460009","Ajuntament de Rubí","Matí (06 a 14)",,,
"317/2018","2018-07-16","2018","7","Dilluns","21:15:00","Xoc sense sortida de via","2","Zona Desconeguda","818460009","Ajuntament de Rubí","Tarda (14 a 22)",,,
"318/2018","2018-07-17","2018","7","Dimarts","07:15:00","Encalç","2","Can Fatjó","818460009","Ajuntament de Rubí","Matí (06 a 14)","41.4712599067","2.0146651916","MULTILINESTRING ((417724.31482768856 4591542.147827713, 417724.4291702513 4591541.983736951))"
"319/2018","2018-07-17","2018","7","Dimarts","08:30:00","Xoc sense sortida de via","2","Zona Desconeguda","818460009","Ajuntament de Rubí","Matí (06 a 14)",,,
"320/2018","2018-07-17","2018","7","Dimarts","12:40:00","Envestida","2","Can Fatjó","818460009","Ajuntament de Rubí","Matí (06 a 14)",,,
"321/2018","2018-07-17","2018","7","Dimarts","19:35:00","Fregament negatiu (mateix sentit)","2","Centre","818460009","Ajuntament de Rubí","Tarda (14 a 22)",,,
"322/2018","2018-07-17","2018","7","Dimarts","21:30:00","Sortida de via amb caiguda, bolcada, xoc","2","Can Fatjó","818460009","Ajuntament de Rubí","Tarda (14 a 22)",,,
"323/2018","2018-07-18","2018","7","Dimecres","09:30:00","Xoc sense sortida de via","1","Can Rosés","818460009","Ajuntament de Rubí","Matí (06 a 14)","41.5035659483","2.0347303519","MULTILINESTRING ((419439.80708097987 4595109.743000393, 419439.93064130645 4595109.90026719))"
"324/2018","2018-07-18","2018","7","Dimecres","16:00:00","Encalç","2","Plana de Can Bertran","818460009","Ajuntament de Rubí","Tarda (14 a 22)","41.4924687271","2.0366489257","MULTILINESTRING ((419586.2313264813 4593875.916310331, 419586.2997353083 4593876.104247109))"
"325/2018","2018-07-19","2018","7","Dijous","11:20:00","Envestida","2","Sant Muç","818460009","Ajuntament de Rubí","Matí (06 a 14)","41.4993699178","2.0301260914","MULTILINESTRING ((419050.35811003734 4594648.175230909, 419050.3878467166 4594648.373007881))"
"326/2018","2018-07-19","2018","7","Dijous","14:15:00","Encalç","2","Zona Desconeguda","818460009","Ajuntament de Rubí","Tarda (14 a 22)",,,
"327/2018","2018-07-19","2018","7","Dijous","18:40:00","Xoc sense sortida de via","2","Plana de Can Bertran","818460009","Ajuntament de Rubí","Tarda (14 a 22)",,,
"328/2018","2018-07-19","2018","7","Dijous","19:30:00","Envestida","3","Can Fatjó","818460009","Ajuntament de Rubí","Tarda (14 a 22)",,,
"329/2018","2018-07-19","2018","7","Dijous","21:20:00","Fregament negatiu (mateix sentit)","2","Zona Nord - La Serreta","818460009","Ajuntament de Rubí","Tarda (14 a 22)",,,
"330/2018","2018-07-20","2018","7","Divendres","16:10:00","Fregament negatiu (mateix sentit)","2","Sector Z","818460009","Ajuntament de Rubí","Tarda (14 a 22)",,,
"331/2018","2018-07-20","2018","7","Divendres","18:40:00","Fregament negatiu (mateix sentit)","2","Can Rosés","818460009","Ajuntament de Rubí","Tarda (14 a 22)","41.5014218417","2.0398774284","MULTILINESTRING ((419866.85580376774 4594867.079024375, 419866.7412716901 4594866.915065834))"
"332/2018","2018-07-21","2018","7","Dissabte","05:30:00","Sortida de via amb caiguda, bolcada, xoc","1","Can Rosés","818460009","Ajuntament de Rubí","Nit (22 a 06)",,,
"333/2018","2018-07-23","2018","7","Dilluns","15:15:00","Envestida","2","Can Fatjó","818460009","Ajuntament de Rubí","Tarda (14 a 22)","41.4656379289","2.0072843382","MULTILINESTRING ((417100.8997999998 4590925.056300002, 417100.8997999998 4590924.856300001))"
"334/2018","2018-07-23","2018","7","Dilluns","17:00:00","Encalç","3","Sector Z","818460009","Ajuntament de Rubí","Tarda (14 a 22)",,,
"335/2018","2018-07-24","2018","7","Dimarts","07:50:00","Encalç","3","El Progrés - Rubí 2000","818460009","Ajuntament de Rubí","Matí (06 a 14)",,,
"336/2018","2018-07-24","2018","7","Dimarts","09:45:00","Altres (incendi, explosió, esllavissada, etc.)","1","Sant Muç","818460009","Ajuntament de Rubí","Matí (06 a 14)",,,
"337/2018","2018-07-24","2018","7","Dimarts","18:20:00","Envestida","2","Ca n'Alzamora","818460009","Ajuntament de Rubí","Tarda (14 a 22)",,,
"338/2018","2018-07-26","2018","7","Dijous","09:00:00","Fregament positiu (diferent sentit)","2","Zona Desconeguda","818460009","Ajuntament de Rubí","Matí (06 a 14)",,,
"339/2018","2018-07-27","2018","7","Divendres","07:35:00","Encalç","2","Zona Desconeguda","818460009","Ajuntament de Rubí","Matí (06 a 14)",,,
"364/2018","2018-07-27","2018","7","Divendres","23:10:00","Fregament negatiu (mateix sentit)","2","El Progrés - Rubí 2000","818460009","Ajuntament de Rubí","Nit (22 a 06)",,,
"358/2018","2018-07-30","2018","7","Dilluns","10:20:00","Xoc sense sortida de via","1","Centre","818460009","Ajuntament de Rubí","Matí (06 a 14)","41.4882809409","2.0310765423","MULTILINESTRING ((419115.88508164405 4593416.177819497, 419115.9300755254 4593416.372692661))"
"348/2018","2018-07-31","2018","7","Dimarts","21:30:00","Sortida de via amb caiguda, bolcada, xoc","1","Plana del Castell","818460009","Ajuntament de Rubí","Tarda (14 a 22)",,,
"359/2018","2018-08-01","2018","8","Dimecres","14:00:00","Sortida de via amb caiguda, bolcada, xoc","1","Sant Muç","818460009","Ajuntament de Rubí","Tarda (14 a 22)",,,
"365/2018","2018-08-02","2018","8","Dijous","18:20:00","Múltiple","3","Zona Nord - La Serreta","818460009","Ajuntament de Rubí","Tarda (14 a 22)","41.4995798601","2.0320640764","MULTILINESTRING ((419212.35418114427 4594669.675366217, 419212.4217081922 4594669.863621621))"
"350/2018","2018-08-04","2018","8","Dissabte","10:45:00","Xoc sense sortida de via","1","El Progrés - Rubí 2000","818460009","Ajuntament de Rubí","Matí (06 a 14)","41.487638068","2.0351447909","MULTILINESTRING ((419454.81489973044 4593341.060501455, 419454.63669964066 4593341.15130194))"
"351/2018","2018-08-06","2018","8","Dilluns","05:20:00","Xoc sense sortida de via","2","Can Fatjó","818460009","Ajuntament de Rubí","Nit (22 a 06)",,,
"352/2018","2018-08-07","2018","8","Dimarts","09:45:00","Fregament negatiu (mateix sentit)","2","Can Fatjó","818460009","Ajuntament de Rubí","Matí (06 a 14)",,,
"353/2018","2018-08-07","2018","8","Dimarts","12:30:00","Altres (incendi, explosió, esllavissada, etc.)","1","Castellnou - Can Mir","818460009","Ajuntament de Rubí","Matí (06 a 14)","41.5238999058","2.0049043722","MULTILINESTRING ((416976.6029245496 4597395.451043101, 416976.57886606624 4597395.649590802))"
"354/2018","2018-08-07","2018","8","Dimarts","13:30:00","Fregament negatiu (mateix sentit)","2","Can Vallhonrat","818460009","Ajuntament de Rubí","Matí (06 a 14)","41.4741889365","2.0311625954","MULTILINESTRING ((419105.6664662536 4591851.686061168, 419105.4665883382 4591851.693048223))"
"347/2018","2018-08-07","2018","8","Dimarts","17:00:00","Altres (incendi, explosió, esllavissada, etc.)","1","Can Ximelis - D4","818460009","Ajuntament de Rubí","Tarda (14 a 22)",,,
"356/2018","2018-08-08","2018","8","Dimecres","17:15:00","Fregament negatiu (mateix sentit)","2","Sant Jordi Parc","818460009","Ajuntament de Rubí","Tarda (14 a 22)","41.4904966654","2.0195472185","MULTILINESTRING ((418156.1437462496 4593673.077222452, 418156.329161666 4593673.152196602))"
"355/2018","2018-08-08","2018","8","Dimecres","18:27:00","Col·lisió frontal","2","Centre","818460009","Ajuntament de Rubí","Tarda (14 a 22)",,,
"357/2018","2018-08-09","2018","8","Dijous","09:00:00","Altres (incendi, explosió, esllavissada, etc.)","1","Ca n'Oriol","818460009","Ajuntament de Rubí","Matí (06 a 14)","41.4955459106","2.0386124456","MULTILINESTRING ((419753.9673958956 4594215.918124338, 419753.96559452766 4594215.71813245))"
"360/2018","2018-08-09","2018","8","Dijous","11:40:00","Atropellament","2","Ca n'Oriol","818460009","Ajuntament de Rubí","Matí (06 a 14)","41.5000678796","2.0406056427","MULTILINESTRING ((419925.9620303726 4594716.088782433, 419925.8560404966 4594715.9191765785))"
"346/2018","2018-08-09","2018","8","Dijous","15:30:00","Atropellament","2","Ca n'Oriol","818460009","Ajuntament de Rubí","Tarda (14 a 22)","41.4970935909","2.0431053748","MULTILINESTRING ((420130.79267824633 4594383.477991547, 420130.99240432837 4594383.488455394))"
"345/2018","2018-08-09","2018","8","Dijous","19:03:00","Atropellament","2","Centre","818460009","Ajuntament de Rubí","Tarda (14 a 22)",,,
"349/2018","2018-08-09","2018","8","Dijous","20:45:00","Envestida","2","Les Torres","818460009","Ajuntament de Rubí","Tarda (14 a 22)",,,
"340/2018","2018-08-14","2018","8","Dimarts","14:45:00","Fregament positiu (diferent sentit)","2","Zona Nord - La Serreta","818460009","Ajuntament de Rubí","Tarda (14 a 22)","41.4962874717","2.0319566872","MULTILINESTRING ((419199.2716784723 4594304.424809777, 419199.39300462964 4594304.265813036))"
"344/2018","2018-08-15","2018","8","Dimecres","10:30:00","Xoc sense sortida de via","1","Ca n'Oriol","818460009","Ajuntament de Rubí","Matí (06 a 14)","41.5025897741","2.0459471494","MULTILINESTRING ((420374.834222075 4594990.9548680065, 420374.8113627665 4594991.153557342))"
"343/2018","2018-08-16","2018","8","Dijous","10:00:00","Xoc sense sortida de via","2","Can Fatjó","818460009","Ajuntament de Rubí","Matí (06 a 14)","41.4867375043","2.0262872927","MULTILINESTRING ((418714.08790011343 4593249.362914743, 418714.26216681785 4593249.461052991))"
"361/2018","2018-08-19","2018","8","Diumenge","20:25:00","Xoc sense sortida de via","1","Castellnou - Can Mir","818460009","Ajuntament de Rubí","Tarda (14 a 22)","41.5236309246","2.0077934668","MULTILINESTRING ((417217.3820792452 4597362.86568777, 417217.2092389934 4597362.966317027))"
"341/2018","2018-08-20","2018","8","Dilluns","07:30:00","Xoc sense sortida de via","1","Can Rosés","818460009","Ajuntament de Rubí","Matí (06 a 14)","41.5060179055","2.0460909091","MULTILINESTRING ((420391.1047974122 4595371.570742692, 420390.9362632163 4595371.463056925))"
"342/2018","2018-08-20","2018","8","Dilluns","08:00:00","Envestida","2","Centre","818460009","Ajuntament de Rubí","Matí (06 a 14)",,,
"366/2018","2018-08-21","2018","8","Dimarts","12:30:00","Atropellament","2","Plana de Can Bertran","818460009","Ajuntament de Rubí","Matí (06 a 14)",,,
"362/2018","2018-08-22","2018","8","Dimecres","18:05:00","Col·lisió frontal","2","Zona Nord - La Serreta","818460009","Ajuntament de Rubí","Tarda (14 a 22)","41.4960606769","2.0348167394","MULTILINESTRING ((419437.87699108967 4594276.495854619, 419437.6770214528 4594276.499339493))"
"367/2018","2018-08-25","2018","8","Dissabte","02:35:00","Simple","2","Sant Muç","818460009","Ajuntament de Rubí","Nit (22 a 06)",,,
"369/2018","2018-08-26","2018","8","Diumenge","00:00:00","Xoc sense sortida de via","2","Centre","818460009","Ajuntament de Rubí","Nit (22 a 06)","41.4875175487","2.0296766095","MULTILINESTRING ((418997.99161544547 4593332.841790865, 418998.19085392746 4593332.824354486))"
"368/2018","2018-08-26","2018","8","Diumenge","04:30:00","Xoc sense sortida de via","2","Ca n'Oriol","818460009","Ajuntament de Rubí","Nit (22 a 06)",,,
"370/2018","2018-08-26","2018","8","Diumenge","21:00:00","Xoc sense sortida de via","2","Centre","818460009","Ajuntament de Rubí","Tarda (14 a 22)",,,
"371/2018","2018-08-27","2018","8","Dilluns","09:35:00","Xoc sense sortida de via","2","Can Fatjó","818460009","Ajuntament de Rubí","Matí (06 a 14)","41.4906136078","2.027038152","MULTILINESTRING ((418781.60050971474 4593679.019481444, 418781.79804628645 4593679.05077526))"
"363/2018","2018-08-27","2018","8","Dilluns","16:20:00","Fregament positiu (diferent sentit)","2","Can Ximelis - D4","818460009","Ajuntament de Rubí","Tarda (14 a 22)",,,
"372/2018","2018-08-28","2018","8","Dimarts","02:45:00","Xoc sense sortida de via","1","Sector Z","818460009","Ajuntament de Rubí","Nit (22 a 06)",,,
"373/2018","2018-08-28","2018","8","Dimarts","14:40:00","Envestida","2","Centre","818460009","Ajuntament de Rubí","Tarda (14 a 22)",,,
"374/2018","2018-08-29","2018","8","Dimecres","07:07:00","Encalç","3","Can Fatjó","818460009","Ajuntament de Rubí","Matí (06 a 14)",,,
"375/2018","2018-08-29","2018","8","Dimecres","14:00:00","Fregament negatiu (mateix sentit)","2","Can Vallhonrat","818460009","Ajuntament de Rubí","Tarda (14 a 22)","41.4741889365","2.0311625954","MULTILINESTRING ((419105.6664662536 4591851.686061168, 419105.4665883382 4591851.693048223))"
"376/2018","2018-08-29","2018","8","Dimecres","20:40:00","Fregament positiu (diferent sentit)","2","Ca n'Oriol","818460009","Ajuntament de Rubí","Tarda (14 a 22)",,,
"377/2018","2018-08-30","2018","8","Dijous","16:30:00","Encalç","2","Plana de Can Bertran","818460009","Ajuntament de Rubí","Tarda (14 a 22)","41.4927293121","2.0369888541","MULTILINESTRING ((419614.9970735187 4593904.718589666, 419614.9286646916 4593904.530652888))"
"378/2018","2018-09-01","2018","9","Dissabte","23:35:00","Col·lisió frontal","2","Centre","818460009","Ajuntament de Rubí","Nit (22 a 06)",,,
"379/2018","2018-09-02","2018","9","Diumenge","07:00:00","Xoc sense sortida de via","1","Els Avets","818460009","Ajuntament de Rubí","Matí (06 a 14)","41.4854976575","2.0208784224","MULTILINESTRING ((418261.16081645084 4593116.806393901, 418260.99338860123 4593116.915791866))"
"380/2018","2018-09-03","2018","9","Dilluns","20:40:00","Encalç","1","Ca n'Oriol","818460009","Ajuntament de Rubí","Tarda (14 a 22)","41.4962898543","2.0400808115","MULTILINESTRING ((419877.36691867455 4594296.991059481, 419877.5287248994 4594297.108612643))"
"381/2018","2018-09-04","2018","9","Dimarts","15:14:00","Encalç","3","Can Vallhonrat","818460009","Ajuntament de Rubí","Tarda (14 a 22)","41.4745885576","2.0332950874","MULTILINESTRING ((419284.01997824677 4591894.058491548, 419284.2197043288 4591894.068955397))"
"382/2018","2018-09-05","2018","9","Dimecres","01:30:00","Fregament positiu (diferent sentit)","2","Sector Z","818460009","Ajuntament de Rubí","Nit (22 a 06)",,,
"385/2018","2018-09-05","2018","9","Dimecres","01:49:00","Xoc sense sortida de via","4","Can Rosés","818460009","Ajuntament de Rubí","Nit (22 a 06)","41.5032393342","2.0440858722","MULTILINESTRING ((420220.347957292 4595064.954788911, 420220.20467638917 4595064.8152518775))"
"383/2018","2018-09-05","2018","9","Dimecres","05:15:00","Sortida de via amb caiguda, bolcada, xoc","1","Can Ximelis - D4","818460009","Ajuntament de Rubí","Nit (22 a 06)",,,
"384/2018","2018-09-06","2018","9","Dijous","18:15:00","Xoc sense sortida de via","2","El Mercat","818460009","Ajuntament de Rubí","Tarda (14 a 22)","41.4888277973","2.0367411196","MULTILINESTRING ((419589.502560058 4593471.795031987, 419589.41488007753 4593471.615275984))"
"386/2018","2018-09-08","2018","9","Dissabte","20:30:00","Sortida de via amb caiguda, bolcada, xoc","1","Zona Desconeguda","818460009","Ajuntament de Rubí","Tarda (14 a 22)",,,
"387/2018","2018-09-10","2018","9","Dilluns","10:30:00","Altres (incendi, explosió, esllavissada, etc.)","2","Zona Desconeguda","818460009","Ajuntament de Rubí","Matí (06 a 14)",,,
"388/2018","2018-09-10","2018","9","Dilluns","21:45:00","Xoc sense sortida de via","4","25 de Setembre","818460009","Ajuntament de Rubí","Tarda (14 a 22)","41.484597423","2.0403341628","MULTILINESTRING ((419884.1227477676 4592998.636041519, 419884.2556970235 4592998.785455357))"
"390/2018","2018-09-12","2018","9","Dimecres","15:00:00","Xoc sense sortida de via","1","Sant Muç","818460009","Ajuntament de Rubí","Tarda (14 a 22)","41.4993746881","2.0283312824","MULTILINESTRING ((418900.58996057 4594650.584573507, 418900.56021409325 4594650.38679801))"
"389/2018","2018-09-12","2018","9","Dimecres","16:20:00","Sortida de via amb caiguda, bolcada, xoc","1","Can Ximelis - D4","818460009","Ajuntament de Rubí","Tarda (14 a 22)",,,
"391/2018","2018-09-12","2018","9","Dimecres","17:00:00","Xoc sense sortida de via","2","Can Fatjó","818460009","Ajuntament de Rubí","Tarda (14 a 22)","41.4743219147","2.0280196629","MULTILINESTRING ((418843.2058703654 4591869.391541618, 418843.4055938203 4591869.402055491))"
"393/2018","2018-09-13","2018","9","Dijous","09:15:00","Xoc sense sortida de via","1","Centre","818460009","Ajuntament de Rubí","Matí (06 a 14)","41.4895118208","2.0312322673","MULTILINESTRING ((419130.4329915471 4593552.683178248, 419130.4434553959 4593552.882904329))"
"392/2018","2018-09-14","2018","9","Divendres","12:30:00","Atropellament","2","Zona Nord - La Serreta","818460009","Ajuntament de Rubí","Matí (06 a 14)","41.5008799627","2.0342149094","MULTILINESTRING ((419393.5442440928 4594812.197626157, 419393.4938921238 4594812.004068208))"
"395/2018","2018-09-16","2018","9","Diumenge","00:50:00","Envestida","2","El Mercat","818460009","Ajuntament de Rubí","Nit (22 a 06)",,,
"394/2018","2018-09-16","2018","9","Diumenge","01:45:00","Xoc sense sortida de via","6","Zona Nord - La Serreta","818460009","Ajuntament de Rubí","Nit (22 a 06)","41.4996687334","2.0350133311","MULTILINESTRING ((419458.5584843246 4594676.902109237, 419458.75544576615 4594676.867378984))"
"396/2018","2018-09-16","2018","9","Diumenge","10:00:00","Xoc sense sortida de via","2","Can Fatjó","818460009","Ajuntament de Rubí","Matí (06 a 14)","41.4877799386","2.0236384672","MULTILINESTRING ((418494.38620988035 4593367.731812375, 418494.3222465073 4593367.542316496))"
"397/2018","2018-09-17","2018","9","Dilluns","13:30:00","Encalç","2","Plana de Can Bertran","818460009","Ajuntament de Rubí","Matí (06 a 14)","41.490773378","2.0386248097","MULTILINESTRING ((419749.11082899256 4593685.855518689, 419749.1047053232 4593686.055424918))"
"398/2018","2018-09-18","2018","9","Dimarts","06:05:00","Envestida","2","Can Fatjó","818460009","Ajuntament de Rubí","Matí (06 a 14)",,,
"400/2018","2018-09-18","2018","9","Dimarts","13:00:00","Sortida de via amb caiguda, bolcada, xoc","1","Centre","818460009","Ajuntament de Rubí","Matí (06 a 14)",,,
"399/2018","2018-09-19","2018","9","Dimecres","19:44:00","Sortida de via amb caiguda, bolcada, xoc","1","Zona Nord - La Serreta","818460009","Ajuntament de Rubí","Tarda (14 a 22)","41.4951655267","2.0381058028","MULTILINESTRING ((419711.1273970377 4594173.997668137, 419711.28712938377 4594174.118024182))"
"401/2018","2018-09-20","2018","9","Dijous","12:50:00","Envestida","2","Can Fatjó","818460009","Ajuntament de Rubí","Matí (06 a 14)",,,
"410/2018","2018-09-20","2018","9","Dijous","13:40:00","Encalç","2","Centre","818460009","Ajuntament de Rubí","Matí (06 a 14)",,,
"406/2018","2018-09-20","2018","9","Dijous","13:45:00","Envestida","2","Zona Desconeguda","818460009","Ajuntament de Rubí","Matí (06 a 14)",,,
"402/2018","2018-09-20","2018","9","Dijous","18:05:00","Envestida","2","Can Vallhonrat","818460009","Ajuntament de Rubí","Tarda (14 a 22)","41.4741889365","2.0311625954","MULTILINESTRING ((419105.6664662536 4591851.686061168, 419105.4665883382 4591851.693048223))"
"403/2018","2018-09-20","2018","9","Dijous","20:55:00","Atropellament","2","Sector Z","818460009","Ajuntament de Rubí","Tarda (14 a 22)",,,
"404/2018","2018-09-20","2018","9","Dijous","21:36:00","Xoc sense sortida de via","1","Zona Desconeguda","818460009","Ajuntament de Rubí","Tarda (14 a 22)",,,
"405/2018","2018-09-21","2018","9","Divendres","00:00:00","Xoc sense sortida de via","1","Can Solà","818460009","Ajuntament de Rubí","Nit (22 a 06)","41.5325085845","2.0047429504","MULTILINESTRING ((416974.0309339829 4598351.460056744, 416974.2307786438 4598351.45217566))"
"407/2018","2018-09-21","2018","9","Divendres","18:30:00","Envestida","2","Centre","818460009","Ajuntament de Rubí","Tarda (14 a 22)",,,
"408/2018","2018-09-21","2018","9","Divendres","20:55:00","Envestida","2","Centre","818460009","Ajuntament de Rubí","Tarda (14 a 22)",,,
"409/2018","2018-09-22","2018","9","Dissabte","01:40:00","Sortida de via amb caiguda, bolcada, xoc","1","Sector Z","818460009","Ajuntament de Rubí","Nit (22 a 06)",,,
"411/2018","2018-09-22","2018","9","Dissabte","09:15:00","Fregament negatiu (mateix sentit)","2","Can Vallhonrat","818460009","Ajuntament de Rubí","Matí (06 a 14)","41.4741889365","2.0311625954","MULTILINESTRING ((419105.6664662536 4591851.686061168, 419105.4665883382 4591851.693048223))"
"412/2018","2018-09-22","2018","9","Dissabte","12:15:00","Xoc sense sortida de via","2","Ca n'Oriol","818460009","Ajuntament de Rubí","Matí (06 a 14)",,,
"413/2018","2018-09-22","2018","9","Dissabte","22:50:00","Xoc sense sortida de via","1","Centre","818460009","Ajuntament de Rubí","Nit (22 a 06)","41.4942599636","2.0351617613","MULTILINESTRING ((419464.34399517113 4594076.159169041, 419464.3460268949 4594076.359158721))"
"414/2018","2018-09-25","2018","9","Dimarts","10:15:00","Col·lisió frontal","2","El Mercat","818460009","Ajuntament de Rubí","Matí (06 a 14)","41.4880599166","2.0343903929","MULTILINESTRING ((419392.1824002698 4593388.688198545, 419392.3606003595 4593388.597398059))"
"415/2018","2018-09-25","2018","9","Dimarts","12:31:00","Envestida","2","Centre","818460009","Ajuntament de Rubí","Matí (06 a 14)","41.49499725","2.0360734032","MULTILINESTRING ((419541.25572026696 4594157.244790481, 419541.45169368916 4594157.2847206425))"
"416/2018","2018-09-25","2018","9","Dimarts","13:45:00","Encalç","2","Can Fatjó","818460009","Ajuntament de Rubí","Matí (06 a 14)","41.4650523938","2.0089254389","MULTILINESTRING ((417237.18985143234 4590858.478080047, 417237.21196857654 4590858.27930673))"
"417/2018","2018-09-26","2018","9","Dimecres","11:35:00","Envestida","2","Centre","818460009","Ajuntament de Rubí","Matí (06 a 14)",,,
"418/2018","2018-09-26","2018","9","Dimecres","14:30:00","Xoc sense sortida de via","1","Centre","818460009","Ajuntament de Rubí","Tarda (14 a 22)",,,
"419/2018","2018-09-27","2018","9","Dijous","10:50:00","Atropellament","2","El Mercat","818460009","Ajuntament de Rubí","Matí (06 a 14)","41.4886157822","2.0353573578","MULTILINESTRING ((419473.6215017977 4593449.374771672, 419473.7418690636 4593449.534495561))"
"420/2018","2018-09-28","2018","9","Divendres","12:20:00","Xoc sense sortida de via","2","Zona Nord - La Serreta","818460009","Ajuntament de Rubí","Matí (06 a 14)",,,
"421/2018","2018-09-30","2018","9","Diumenge","10:05:00","Xoc sense sortida de via","3","Zona Desconeguda","818460009","Ajuntament de Rubí","Matí (06 a 14)",,,
"422/2018","2018-10-01","2018","10","Dilluns","04:38:00","Xoc sense sortida de via","1","El Mercat","818460009","Ajuntament de Rubí","Nit (22 a 06)",,,
"423/2018","2018-10-01","2018","10","Dilluns","08:15:00","Col·lisió frontal","2","Zona Desconeguda","818460009","Ajuntament de Rubí","Matí (06 a 14)",,,
"424/2018","2018-10-01","2018","10","Dilluns","19:45:00","Envestida","2","Zona Nord - La Serreta","818460009","Ajuntament de Rubí","Tarda (14 a 22)",,,
"425/2018","2018-10-02","2018","10","Dimarts","10:20:00","Envestida","2","Can Fatjó","818460009","Ajuntament de Rubí","Matí (06 a 14)",,,
"426/2018","2018-10-02","2018","10","Dimarts","11:45:00","Atropellament","2","Zona Nord - La Serreta","818460009","Ajuntament de Rubí","Matí (06 a 14)","41.4987954732","2.0378442873","MULTILINESTRING ((419693.9562464298 4594577.265306924, 419693.769528573 4594577.336975897))"
"427/2018","2018-10-02","2018","10","Dimarts","18:00:00","Xoc sense sortida de via","2","El Progrés - Rubí 2000","818460009","Ajuntament de Rubí","Tarda (14 a 22)","41.4860650134","2.0339203575","MULTILINESTRING ((419350.5399904351 4593167.5069753295, 419350.57815391355 4593167.703300441))"
"429/2018","2018-10-04","2018","10","Dijous","14:00:00","Fregament positiu (diferent sentit)","2","Centre","818460009","Ajuntament de Rubí","Tarda (14 a 22)",,,
"430/2018","2018-10-04","2018","10","Dijous","17:00:00","Xoc sense sortida de via","1","Can Fatjó","818460009","Ajuntament de Rubí","Tarda (14 a 22)","41.4705326883","2.0123723251","MULTILINESTRING ((417531.91165061586 4591463.454805372, 417532.0746674879 4591463.570673829))"
"433/2018","2018-10-05","2018","10","Divendres","07:04:00","Encalç","2","Zona Desconeguda","818460009","Ajuntament de Rubí","Matí (06 a 14)",,,
"428/2018","2018-10-05","2018","10","Divendres","14:30:00","Encalç","2","El Progrés - Rubí 2000","818460009","Ajuntament de Rubí","Tarda (14 a 22)",,,
"431/2018","2018-10-05","2018","10","Divendres","21:20:00","Xoc sense sortida de via","2","Zona Desconeguda","818460009","Ajuntament de Rubí","Tarda (14 a 22)",,,
"432/2018","2018-10-06","2018","10","Dissabte","10:00:00","Sortida de via amb caiguda, bolcada, xoc","1","Plana del Castell","818460009","Ajuntament de Rubí","Matí (06 a 14)",,,
"436/2018","2018-10-07","2018","10","Diumenge","19:30:00","Xoc sense sortida de via","1","Zona Desconeguda","818460009","Ajuntament de Rubí","Tarda (14 a 22)",,,
"434/2018","2018-10-08","2018","10","Dilluns","20:00:00","Sortida de via amb caiguda, bolcada, xoc","1","El Progrés - Rubí 2000","818460009","Ajuntament de Rubí","Tarda (14 a 22)",,,
"438/2018","2018-10-09","2018","10","Dimarts","12:40:00","Envestida","2","Can Fatjó","818460009","Ajuntament de Rubí","Matí (06 a 14)",,,
"435/2018","2018-10-09","2018","10","Dimarts","14:00:00","Atropellament","2","Plana de Can Bertran","818460009","Ajuntament de Rubí","Tarda (14 a 22)","41.4898306548","2.0374724366","MULTILINESTRING ((419651.6734783504 4593582.296022703, 419651.8210044672 4593582.431063605))"
"437/2018","2018-10-10","2018","10","Dimecres","07:00:00","Atropellament","2","Centre","818460009","Ajuntament de Rubí","Matí (06 a 14)",,,
"439/2018","2018-10-10","2018","10","Dimecres","20:30:00","Envestida","2","El Mercat","818460009","Ajuntament de Rubí","Tarda (14 a 22)","41.4870724269","2.03993109","MULTILINESTRING ((419853.60504786327 4593273.762414357, 419853.57376381767 4593273.9599524755))"
"441/2018","2018-10-11","2018","10","Dijous","01:30:00","Xoc sense sortida de via","1","Sant Jordi Parc","818460009","Ajuntament de Rubí","Nit (22 a 06)",,,
"442/2018","2018-10-12","2018","10","Divendres","13:30:00","Xoc sense sortida de via","1","Zona Desconeguda","818460009","Ajuntament de Rubí","Matí (06 a 14)",,,
"440/2018","2018-10-12","2018","10","Divendres","16:45:00","Envestida","2","Centre","818460009","Ajuntament de Rubí","Tarda (14 a 22)","41.4941719911","2.0335792489","MULTILINESTRING ((419332.1863985457 4594068.056599731, 419332.09559806087 4594067.878399641))"
"452/2018","2018-10-13","2018","10","Dissabte","05:15:00","Xoc sense sortida de via","1","Can Rosés","818460009","Ajuntament de Rubí","Nit (22 a 06)","41.5043554794","2.0367333502","MULTILINESTRING ((419608.0514898538 4595195.518657195, 419607.97861980496 4595195.704909594))"
"443/2018","2018-10-13","2018","10","Dissabte","13:00:00","Encalç","2","El Progrés - Rubí 2000","818460009","Ajuntament de Rubí","Matí (06 a 14)","41.4877137779","2.0349327141","MULTILINESTRING ((419437.2045059348 4593349.66341363, 419437.0263079131 4593349.754218172))"
"456/2018","2018-10-13","2018","10","Dissabte","13:10:00","Envestida","2","Can Fatjó","818460009","Ajuntament de Rubí","Matí (06 a 14)",,,
"445/2018","2018-10-14","2018","10","Diumenge","15:30:00","Xoc sense sortida de via","1","Centre","818460009","Ajuntament de Rubí","Tarda (14 a 22)","41.4929525594","2.0324678078","MULTILINESTRING ((419237.8264003562 4593933.525853102, 419237.8781671415 4593933.71903747))"
"444/2018","2018-10-15","2018","10","Dilluns","11:39:00","Envestida","2","Plana del Castell","818460009","Ajuntament de Rubí","Matí (06 a 14)",,,
"446/2018","2018-10-15","2018","10","Dilluns","18:06:00","Xoc sense sortida de via","1","Can Fatjó","818460009","Ajuntament de Rubí","Tarda (14 a 22)","41.4664508072","2.0083320113","MULTILINESTRING ((417189.42137594556 4591014.099230138, 417189.4261345939 4591014.299173519))"
"447/2018","2018-10-16","2018","10","Dimarts","06:23:00","Envestida","2","Zona Desconeguda","818460009","Ajuntament de Rubí","Matí (06 a 14)",,,
"459/2018","2018-10-16","2018","10","Dimarts","09:30:00","Xoc sense sortida de via","1","Plana de Can Bertran","818460009","Ajuntament de Rubí","Matí (06 a 14)","41.4941186279","2.0370186484","MULTILINESTRING ((419619.26664054615 4594058.8262137305, 419619.0685873949 4594058.854051642))"
"448/2018","2018-10-16","2018","10","Dimarts","12:35:00","Xoc sense sortida de via","2","Can Fatjó","818460009","Ajuntament de Rubí","Matí (06 a 14)","41.4782496935","2.0247343336","MULTILINESTRING ((418573.9826196646 4592308.484444243, 418573.8299928863 4592308.613692325))"
"449/2018","2018-10-16","2018","10","Dimarts","16:15:00","Fregament negatiu (mateix sentit)","2","Centre","818460009","Ajuntament de Rubí","Tarda (14 a 22)","41.4929277763","2.0319192265","MULTILINESTRING ((419191.92960891017 4593931.38524538, 419192.1295785471 4593931.381760507))"
"450/2018","2018-10-17","2018","10","Dimecres","07:35:00","Fregament negatiu (mateix sentit)","2","Can Fatjó","818460009","Ajuntament de Rubí","Matí (06 a 14)","41.4707298143","2.0133844406","MULTILINESTRING ((417616.8354105762 4591484.49496559, 417616.6777141014 4591484.371954118))"
"453/2018","2018-10-17","2018","10","Dimecres","17:15:00","Xoc sense sortida de via","1","Sector Z","818460009","Ajuntament de Rubí","Tarda (14 a 22)",,,
"451/2018","2018-10-18","2018","10","Dijous","06:00:00","Sortida de via amb caiguda, bolcada, xoc","1","Zona Desconeguda","818460009","Ajuntament de Rubí","Matí (06 a 14)",,,
"454/2018","2018-10-19","2018","10","Divendres","05:20:00","Sortida de via amb caiguda, bolcada, xoc","2","Can Fatjó","818460009","Ajuntament de Rubí","Nit (22 a 06)",,,
"455/2018","2018-10-19","2018","10","Divendres","08:10:00","Envestida","2","Can Fatjó","818460009","Ajuntament de Rubí","Matí (06 a 14)",,,
"457/2018","2018-10-21","2018","10","Diumenge","20:40:00","Xoc sense sortida de via","1","Castellnou - Can Mir","818460009","Ajuntament de Rubí","Tarda (14 a 22)",,,
"458/2018","2018-10-21","2018","10","Diumenge","22:00:00","Xoc sense sortida de via","1","Ca n'Oriol","818460009","Ajuntament de Rubí","Nit (22 a 06)","41.4982665484","2.0410078486","MULTILINESTRING ((419957.2554215618 4594515.545976673, 419957.2658954156 4594515.745702231))"
"468/2018","2018-10-22","2018","10","Dilluns","07:00:00","Col·lisió frontal","2","Centre","818460009","Ajuntament de Rubí","Matí (06 a 14)",,,
"460/2018","2018-10-22","2018","10","Dilluns","08:40:00","Sortida de via amb caiguda, bolcada, xoc","1","Zona Desconeguda","818460009","Ajuntament de Rubí","Matí (06 a 14)",,,
"470/2018","2018-10-22","2018","10","Dilluns","10:00:00","Envestida","3","Zona Desconeguda","818460009","Ajuntament de Rubí","Matí (06 a 14)",,,
"471/2018","2018-10-22","2018","10","Dilluns","17:20:00","Sortida de via amb caiguda, bolcada, xoc","2","Sector Z","818460009","Ajuntament de Rubí","Tarda (14 a 22)",,,
"473/2018","2018-10-22","2018","10","Dilluns","20:15:00","Encalç","2","El Progrés - Rubí 2000","818460009","Ajuntament de Rubí","Tarda (14 a 22)",,,
"461/2018","2018-10-23","2018","10","Dimarts","00:05:00","Xoc sense sortida de via","2","Ca n'Oriol","818460009","Ajuntament de Rubí","Nit (22 a 06)","41.4968672076","2.0385458525","MULTILINESTRING ((419750.0368137286 4594362.671654466, 419750.04135163827 4594362.471705952))"
"463/2018","2018-10-23","2018","10","Dimarts","09:15:00","Envestida","2","Zona Desconeguda","818460009","Ajuntament de Rubí","Matí (06 a 14)",,,
"462/2018","2018-10-24","2018","10","Dimecres","10:25:00","Xoc sense sortida de via","1","Can Fatjó","818460009","Ajuntament de Rubí","Matí (06 a 14)","41.4859958604","2.0272631398","MULTILINESTRING ((418794.75768698443 4593166.247172644, 418794.6701159793 4593166.067363526))"
"469/2018","2018-10-24","2018","10","Dimecres","17:02:00","Envestida","2","Can Rosés","818460009","Ajuntament de Rubí","Tarda (14 a 22)","41.5035659483","2.0347303519","MULTILINESTRING ((419439.80708097987 4595109.743000393, 419439.93064130645 4595109.90026719))"
"467/2018","2018-10-24","2018","10","Dimecres","17:40:00","Sortida de via amb caiguda, bolcada, xoc","1","Zona Nord - La Serreta","818460009","Ajuntament de Rubí","Tarda (14 a 22)",,,
"464/2018","2018-10-25","2018","10","Dijous","06:15:00","Xoc sense sortida de via","1","Can Rosés","818460009","Ajuntament de Rubí","Matí (06 a 14)","41.5092326627","2.0341448523","MULTILINESTRING ((419398.04231125 4595739.59249753, 419398.0220150001 4595739.393530041))"
"466/2018","2018-10-25","2018","10","Dijous","13:50:00","Envestida","2","Zona Desconeguda","818460009","Ajuntament de Rubí","Matí (06 a 14)",,,
"465/2018","2018-10-25","2018","10","Dijous","16:10:00","Atropellament","2","Can Rosés","818460009","Ajuntament de Rubí","Tarda (14 a 22)","41.5058119941","2.0361692478","MULTILINESTRING ((419562.75588883384 4595357.742003755, 419562.72138511174 4595357.939005008))"
"472/2018","2018-10-26","2018","10","Divendres","13:20:00","Xoc sense sortida de via","1","Sant Muç","818460009","Ajuntament de Rubí","Matí (06 a 14)","41.5103800924","2.0003646514","MULTILINESTRING ((416580.39550536475 4595899.0022368375, 416580.53524048626 4595898.859149118))"
"475/2018","2018-10-27","2018","10","Dissabte","07:12:00","Fregament negatiu (mateix sentit)","2","El Mercat","818460009","Ajuntament de Rubí","Matí (06 a 14)","41.4881519322","2.0349079144","MULTILINESTRING ((419435.52640451683 4593398.297400489, 419435.6495393559 4593398.455000651))"
"474/2018","2018-10-27","2018","10","Dissabte","13:15:00","Envestida","2","Els Avets","818460009","Ajuntament de Rubí","Matí (06 a 14)","41.4855083086","2.0189512174","MULTILINESTRING ((418100.1548924719 4593119.778563487, 418100.24878996244 4593119.955151314))"
"476/2018","2018-10-27","2018","10","Dissabte","16:45:00","Xoc sense sortida de via","1","El Progrés - Rubí 2000","818460009","Ajuntament de Rubí","Tarda (14 a 22)",,,
"477/2018","2018-10-28","2018","10","Diumenge","18:30:00","Encalç","2","Ca n'Alzamora","818460009","Ajuntament de Rubí","Tarda (14 a 22)",,,
"478/2018","2018-10-30","2018","10","Dimarts","13:25:00","Xoc sense sortida de via","1","Zona Desconeguda","818460009","Ajuntament de Rubí","Matí (06 a 14)",,,
"480/2018","2018-10-30","2018","10","Dimarts","13:40:00","Col·lisió frontal","2","Sector Z","818460009","Ajuntament de Rubí","Matí (06 a 14)",,,
"479/2018","2018-10-30","2018","10","Dimarts","21:09:00","Col·lisió frontal","2","Centre","818460009","Ajuntament de Rubí","Tarda (14 a 22)",,,
"481/2018","2018-10-31","2018","10","Dimecres","08:40:00","Xoc sense sortida de via","1","Sant Muç","818460009","Ajuntament de Rubí","Matí (06 a 14)",,,
"482/2018","2018-10-31","2018","10","Dimecres","17:50:00","Atropellament","2","Les Torres","818460009","Ajuntament de Rubí","Tarda (14 a 22)",,,
"483/2018","2018-11-03","2018","11","Dissabte","17:15:00","Envestida","2","Can Fatjó","818460009","Ajuntament de Rubí","Tarda (14 a 22)",,,
"484/2018","2018-11-05","2018","11","Dilluns","18:20:00","Atropellament","2","Sant Jordi Parc","818460009","Ajuntament de Rubí","Tarda (14 a 22)",,,
"485/2018","2018-11-06","2018","11","Dimarts","07:40:00","Envestida","2","Centre","818460009","Ajuntament de Rubí","Matí (06 a 14)",,,
"486/2018","2018-11-06","2018","11","Dimarts","12:15:00","Encalç","3","El Progrés - Rubí 2000","818460009","Ajuntament de Rubí","Matí (06 a 14)",,,
"487/2018","2018-11-06","2018","11","Dimarts","12:30:00","Envestida","2","Zona Desconeguda","818460009","Ajuntament de Rubí","Matí (06 a 14)",,,
"488/2018","2018-11-08","2018","11","Dijous","17:55:00","Atropellament","2","Sector Z","818460009","Ajuntament de Rubí","Tarda (14 a 22)",,,
"489/2018","2018-11-08","2018","11","Dijous","19:12:00","Atropellament","2","El Progrés - Rubí 2000","818460009","Ajuntament de Rubí","Tarda (14 a 22)",,,
"490/2018","2018-11-08","2018","11","Dijous","20:55:00","Envestida","2","Les Torres","818460009","Ajuntament de Rubí","Tarda (14 a 22)",,,
"491/2018","2018-11-09","2018","11","Divendres","21:15:00","Xoc sense sortida de via","3","Plana de Can Bertran","818460009","Ajuntament de Rubí","Tarda (14 a 22)","41.491532437","2.0373923134","MULTILINESTRING ((419647.25251397357 4593771.329168053, 419647.0712519649 4593771.4136907365))"
"492/2018","2018-11-10","2018","11","Dissabte","06:00:00","Xoc sense sortida de via","2","Can Rosés","818460009","Ajuntament de Rubí","Matí (06 a 14)","41.5035659483","2.0347303519","MULTILINESTRING ((419439.80708097987 4595109.743000393, 419439.93064130645 4595109.90026719))"
"493/2018","2018-11-11","2018","11","Diumenge","07:10:00","Xoc sense sortida de via","4","Ca n'Alzamora","818460009","Ajuntament de Rubí","Matí (06 a 14)",,,
"494/2018","2018-11-11","2018","11","Diumenge","13:03:00","Atropellament","2","Zona Nord - La Serreta","818460009","Ajuntament de Rubí","Matí (06 a 14)","41.5002406992","2.0323500045","MULTILINESTRING ((419237.0401339135 4594742.775367633, 419237.1078452179 4594742.963556845))"
"495/2018","2018-11-16","2018","11","Divendres","15:00:00","Envestida","2","Can Vallhonrat","818460009","Ajuntament de Rubí","Tarda (14 a 22)","41.4741889365","2.0311625954","MULTILINESTRING ((419105.6664662536 4591851.686061168, 419105.4665883382 4591851.693048223))"
"496/2018","2018-11-17","2018","11","Dissabte","16:20:00","Xoc sense sortida de via","1","Ca n'Oriol","818460009","Ajuntament de Rubí","Tarda (14 a 22)","41.5025383228","2.0461119264","MULTILINESTRING ((420388.5007779251 4594985.2896319935, 420388.52363723353 4594985.090942658))"
"498/2018","2018-11-18","2018","11","Diumenge","13:15:00","Envestida","2","Centre","818460009","Ajuntament de Rubí","Matí (06 a 14)",,,
"497/2018","2018-11-18","2018","11","Diumenge","13:20:00","Envestida","2","Zona Desconeguda","818460009","Ajuntament de Rubí","Matí (06 a 14)",,,
"499/2018","2018-11-18","2018","11","Diumenge","17:18:00","Xoc sense sortida de via","1","Zona Desconeguda","818460009","Ajuntament de Rubí","Tarda (14 a 22)",,,
"500/2018","2018-11-19","2018","11","Dilluns","21:20:00","Envestida","2","Centre","818460009","Ajuntament de Rubí","Tarda (14 a 22)",,,
"501/2018","2018-11-20","2018","11","Dimarts","13:50:00","Envestida","4","Sant Muç","818460009","Ajuntament de Rubí","Matí (06 a 14)","41.5091752838","2.0330979226","MULTILINESTRING ((419310.59482704906 4595733.999481992, 419310.5894360655 4595734.199409322))"
"502/2018","2018-11-20","2018","11","Dimarts","15:45:00","Encalç","2","El Progrés - Rubí 2000","818460009","Ajuntament de Rubí","Tarda (14 a 22)",,,
"503/2018","2018-11-20","2018","11","Dimarts","18:05:00","Xoc sense sortida de via","3","Centre","818460009","Ajuntament de Rubí","Tarda (14 a 22)","41.49653","2.0303799213","MULTILINESTRING ((419068.02666991774 4594332.845665168, 419068.01969322364 4594332.645786892))"
"504/2018","2018-11-21","2018","11","Dimecres","16:00:00","Encalç","2","25 de Setembre","818460009","Ajuntament de Rubí","Tarda (14 a 22)","41.4853687558","2.0411422213","MULTILINESTRING ((419952.6851332738 4593083.54640284, 419952.5120443649 4593083.646603786))"
"505/2018","2018-11-22","2018","11","Dijous","17:00:00","Encalç","2","Zona Desconeguda","818460009","Ajuntament de Rubí","Tarda (14 a 22)",,,
"506/2018","2018-11-23","2018","11","Divendres","06:45:00","Fregament negatiu (mateix sentit)","3","Can Rosés","818460009","Ajuntament de Rubí","Matí (06 a 14)","41.5026816598","2.0380114158","MULTILINESTRING ((419712.6933436416 4595008.535266068, 419712.5324915221 4595008.654121425))"
"508/2018","2018-11-23","2018","11","Divendres","07:30:00","Encalç","2","El Progrés - Rubí 2000","818460009","Ajuntament de Rubí","Matí (06 a 14)",,,
"507/2018","2018-11-23","2018","11","Divendres","13:35:00","Altres (incendi, explosió, esllavissada, etc.)","1","Can Vallhonrat","818460009","Ajuntament de Rubí","Matí (06 a 14)",,,
"513/2018","2018-11-23","2018","11","Divendres","14:15:00","Encalç","3","Zona Desconeguda","818460009","Ajuntament de Rubí","Tarda (14 a 22)",,,
"509/2018","2018-11-23","2018","11","Divendres","23:30:00","Xoc sense sortida de via","2","Zona Nord - La Serreta","818460009","Ajuntament de Rubí","Nit (22 a 06)",,,
"511/2018","2018-11-24","2018","11","Dissabte","05:00:00","Fregament negatiu (mateix sentit)","3","Plana de Can Bertran","818460009","Ajuntament de Rubí","Nit (22 a 06)","41.4927471522","2.0376486688","MULTILINESTRING ((419670.0277999905 4593905.898119975, 419670.0961999876 4593906.086059966))"
"510/2018","2018-11-25","2018","11","Diumenge","02:05:00","Altres (incendi, explosió, esllavissada, etc.)","1","Centre","818460009","Ajuntament de Rubí","Nit (22 a 06)",,,
"512/2018","2018-11-25","2018","11","Diumenge","11:30:00","Envestida","2","25 de Setembre","818460009","Ajuntament de Rubí","Matí (06 a 14)","41.4855943067","2.0404905249","MULTILINESTRING ((419898.56554065295 4593109.272834905, 419898.3761208705 4593109.208646541))"
"514/2018","2018-11-26","2018","11","Dilluns","06:00:00","Encalç","2","Sector Z","818460009","Ajuntament de Rubí","Matí (06 a 14)",,,
"516/2018","2018-11-26","2018","11","Dilluns","06:00:00","Xoc sense sortida de via","2","Sector Z","818460009","Ajuntament de Rubí","Matí (06 a 14)",,,
"515/2018","2018-11-26","2018","11","Dilluns","06:58:00","Xoc sense sortida de via","2","Centre","818460009","Ajuntament de Rubí","Matí (06 a 14)",,,
"517/2018","2018-11-27","2018","11","Dimarts","12:40:00","Encalç","2","Zona Desconeguda","818460009","Ajuntament de Rubí","Matí (06 a 14)",,,
"518/2018","2018-11-28","2018","11","Dimecres","08:30:00","Xoc sense sortida de via","3","Plana del Castell","818460009","Ajuntament de Rubí","Matí (06 a 14)","41.4929006006","2.0276489605","MULTILINESTRING ((418835.6410902845 4593932.350181444, 418835.4435537128 4593932.381475259))"
"519/2018","2018-11-29","2018","11","Dijous","08:00:00","Envestida","2","Can Fatjó","818460009","Ajuntament de Rubí","Matí (06 a 14)",,,
"520/2018","2018-11-29","2018","11","Dijous","08:30:00","Envestida","2","Centre","818460009","Ajuntament de Rubí","Matí (06 a 14)",,,
"521/2018","2018-11-30","2018","11","Divendres","06:00:00","Atropellament","2","Zona Desconeguda","818460009","Ajuntament de Rubí","Matí (06 a 14)",,,
"522/2018","2018-11-30","2018","11","Divendres","13:35:00","Col·lisió frontal","2","Castellnou - Can Mir","818460009","Ajuntament de Rubí","Matí (06 a 14)","41.5281578404","1.9997124032","MULTILINESTRING ((416548.9521624088 4597873.207619607, 416548.8038165452 4597873.341759478))"
"523/2018","2018-11-30","2018","11","Divendres","16:45:00","Atropellament","2","El Progrés - Rubí 2000","818460009","Ajuntament de Rubí","Tarda (14 a 22)",,,
"524/2018","2018-11-30","2018","11","Divendres","20:03:00","Xoc sense sortida de via","1","Els Avets","818460009","Ajuntament de Rubí","Tarda (14 a 22)","41.4892734614","2.0193558184","MULTILINESTRING ((418138.8175758614 4593537.51180528, 418138.6205678153 4593537.477340373))"
"525/2018","2018-11-30","2018","11","Divendres","22:16:00","Xoc sense sortida de via","2","Plana del Castell","818460009","Ajuntament de Rubí","Nit (22 a 06)","41.4940053874","2.0268102296","MULTILINESTRING ((418766.8953814438 4594055.709209712, 418766.9266752584 4594055.906746285))"
"526/2018","2018-12-02","2018","12","Diumenge","11:00:00","Xoc sense sortida de via","1","Plana del Castell","818460009","Ajuntament de Rubí","Matí (06 a 14)",,,
"527/2018","2018-12-03","2018","12","Dilluns","06:45:00","Envestida","2","Ca n'Alzamora","818460009","Ajuntament de Rubí","Matí (06 a 14)",,,
"528/2018","2018-12-04","2018","12","Dimarts","08:30:00","Encalç","2","Can Fatjó","818460009","Ajuntament de Rubí","Matí (06 a 14)","41.4702233628","2.0117847246","MULTILINESTRING ((417482.45333830186 4591429.673794497, 417482.616617736 4591429.789292663))"
"529/2018","2018-12-04","2018","12","Dimarts","17:45:00","Atropellament","2","Sant Jordi Parc","818460009","Ajuntament de Rubí","Tarda (14 a 22)","41.4915749553","2.017564216","MULTILINESTRING ((417992.0310768534 4593794.801206438, 417992.09373580455 4593794.611275251))"
"530/2018","2018-12-05","2018","12","Dimecres","07:10:00","Envestida","2","Can Fatjó","818460009","Ajuntament de Rubí","Matí (06 a 14)",,,
"534/2018","2018-12-05","2018","12","Dimecres","08:15:00","Atropellament","2","El Progrés - Rubí 2000","818460009","Ajuntament de Rubí","Matí (06 a 14)",,,
"531/2018","2018-12-05","2018","12","Dimecres","12:15:00","Envestida","2","Ca n'Oriol","818460009","Ajuntament de Rubí","Matí (06 a 14)",,,
"532/2018","2018-12-05","2018","12","Dimecres","21:15:00","Sortida de via amb caiguda, bolcada, xoc","1","Castellnou - Can Mir","818460009","Ajuntament de Rubí","Tarda (14 a 22)","41.5237993738","2.0074060109","MULTILINESTRING ((417185.26867911575 4597381.93639108, 417185.0982721542 4597382.041088107))"
"533/2018","2018-12-07","2018","12","Divendres","15:10:00","Envestida","2","Sector Z","818460009","Ajuntament de Rubí","Tarda (14 a 22)",,,
"535/2018","2018-12-09","2018","12","Diumenge","13:14:00","Atropellament","2","Zona Nord - La Serreta","818460009","Ajuntament de Rubí","Matí (06 a 14)","41.4979784212","2.031577633","MULTILINESTRING ((419169.82987351867 4594492.524589668, 419169.7614646916 4594492.336652889))"
"536/2018","2018-12-10","2018","12","Dilluns","17:55:00","Altres (incendi, explosió, esllavissada, etc.)","1","Zona Desconeguda","818460009","Ajuntament de Rubí","Tarda (14 a 22)",,,
"537/2018","2018-12-11","2018","12","Dimarts","13:15:00","Encalç","2","Can Rosés","818460009","Ajuntament de Rubí","Matí (06 a 14)",,,
"538/2018","2018-12-11","2018","12","Dimarts","20:20:00","Sortida de via amb caiguda, bolcada, xoc","1","Zona Desconeguda","818460009","Ajuntament de Rubí","Tarda (14 a 22)",,,
"539/2018","2018-12-12","2018","12","Dimecres","16:30:00","Xoc sense sortida de via","3","Centre","818460009","Ajuntament de Rubí","Tarda (14 a 22)",,,
"540/2018","2018-12-13","2018","12","Dijous","09:40:00","Xoc sense sortida de via","1","Zona Nord - La Serreta","818460009","Ajuntament de Rubí","Matí (06 a 14)","41.4972037785","2.0321200694","MULTILINESTRING ((419214.1442668928 4594406.01535648, 419214.07258919056 4594405.828641974))"
"541/2018","2018-12-13","2018","12","Dijous","18:45:00","Envestida","2","Sector Z","818460009","Ajuntament de Rubí","Tarda (14 a 22)",,,
"542/2018","2018-12-14","2018","12","Divendres","02:20:00","Xoc sense sortida de via","1","Can Fatjó","818460009","Ajuntament de Rubí","Nit (22 a 06)",,,
"543/2018","2018-12-14","2018","12","Divendres","10:35:00","Col·lisió frontal","3","Can Rosés","818460009","Ajuntament de Rubí","Matí (06 a 14)","41.5034258886","2.0424376549","MULTILINESTRING ((420082.85019782244 4595087.1493457, 420083.0406304298 4595087.088227602))"
"544/2018","2018-12-14","2018","12","Divendres","11:45:00","Xoc sense sortida de via","1","Zona Desconeguda","818460009","Ajuntament de Rubí","Matí (06 a 14)",,,
"545/2018","2018-12-15","2018","12","Dissabte","09:00:00","Atropellament","2","El Progrés - Rubí 2000","818460009","Ajuntament de Rubí","Matí (06 a 14)",,,
"546/2018","2018-12-15","2018","12","Dissabte","17:10:00","Envestida","2","Zona Desconeguda","818460009","Ajuntament de Rubí","Tarda (14 a 22)",,,
"547/2018","2018-12-15","2018","12","Dissabte","17:55:00","Col·lisió frontal","2","Centre","818460009","Ajuntament de Rubí","Tarda (14 a 22)","41.4940028805","2.029198278","MULTILINESTRING ((418966.23813949025 4594053.189096844, 418966.2478193204 4594053.388862461))"
"549/2018","2018-12-16","2018","12","Diumenge","18:19:00","Xoc sense sortida de via","2","Zona Desconeguda","818460009","Ajuntament de Rubí","Tarda (14 a 22)",,,
"548/2018","2018-12-17","2018","12","Dilluns","08:15:00","Sortida de via amb caiguda, bolcada, xoc","2","Sector Z","818460009","Ajuntament de Rubí","Matí (06 a 14)",,,
"550/2018","2018-12-17","2018","12","Dilluns","09:00:00","Envestida","2","Centre","818460009","Ajuntament de Rubí","Matí (06 a 14)",,,
"552/2018","2018-12-19","2018","12","Dimecres","21:12:00","Xoc sense sortida de via","2","Centre","818460009","Ajuntament de Rubí","Tarda (14 a 22)","41.4938929313","2.0336011952","MULTILINESTRING ((419333.52677824633 4594036.960291546, 419333.7265043284 4594036.970755395))"
"551/2018","2018-12-20","2018","12","Dijous","13:50:00","Xoc sense sortida de via","1","Centre","818460009","Ajuntament de Rubí","Matí (06 a 14)",,,
"553/2018","2018-12-22","2018","12","Dissabte","23:18:00","Envestida","2","Plana de Can Bertran","818460009","Ajuntament de Rubí","Nit (22 a 06)",,,
"556/2018","2018-12-23","2018","12","Diumenge","03:50:00","Xoc sense sortida de via","2","Centre","818460009","Ajuntament de Rubí","Nit (22 a 06)","41.4871361919","2.0307587818","MULTILINESTRING ((419087.9342816444 4593289.384019498, 419087.97927552584 4593289.578892663))"
"554/2018","2018-12-23","2018","12","Diumenge","05:10:00","Envestida","2","El Progrés - Rubí 2000","818460009","Ajuntament de Rubí","Nit (22 a 06)","41.4872144574","2.0342617296","MULTILINESTRING ((419380.4843153478 4593294.999091612, 419380.48082046356 4593294.799122151))"
"555/2018","2018-12-23","2018","12","Diumenge","10:27:00","Xoc sense sortida de via","1","Castellnou - Can Mir","818460009","Ajuntament de Rubí","Matí (06 a 14)","41.5335705466","1.9970148539","MULTILINESTRING ((416330.84200616786 4598476.720454703, 416330.7615082239 4598476.9035396045))"
"557/2018","2018-12-24","2018","12","Dilluns","18:00:00","Envestida","2","Can Rosés","818460009","Ajuntament de Rubí","Tarda (14 a 22)",,,
"566/2018","2018-12-26","2018","12","Dimecres","17:00:00","Xoc sense sortida de via","2","Sant Jordi Parc","818460009","Ajuntament de Rubí","Tarda (14 a 22)","41.4917996448","2.0237104214","MULTILINESTRING ((418505.30644624913 4593813.803422453, 418505.4918616657 4593813.878396604))"
"567/2018","2018-12-26","2018","12","Dimecres","17:00:00","Xoc sense sortida de via","2","Sant Jordi Parc","818460009","Ajuntament de Rubí","Tarda (14 a 22)","41.4917996448","2.0237104214","MULTILINESTRING ((418505.30644624913 4593813.803422453, 418505.4918616657 4593813.878396604))"
"558/2018","2018-12-26","2018","12","Dimecres","18:55:00","Envestida","2","Zona Desconeguda","818460009","Ajuntament de Rubí","Tarda (14 a 22)",,,
"559/2018","2018-12-27","2018","12","Dijous","09:40:00","Múltiple","3","Plana del Castell","818460009","Ajuntament de Rubí","Matí (06 a 14)","41.4976365157","2.0295411541","MULTILINESTRING ((418999.42799118377 4594456.470687213, 418999.3543215783 4594456.284749619))"
"560/2018","2018-12-28","2018","12","Divendres","13:30:00","Fregament negatiu (mateix sentit)","2","Zona Desconeguda","818460009","Ajuntament de Rubí","Matí (06 a 14)",,,
"561/2018","2018-12-29","2018","12","Dissabte","09:30:00","Envestida","2","Can Fatjó","818460009","Ajuntament de Rubí","Matí (06 a 14)",,,
"562/2018","2018-12-29","2018","12","Dissabte","12:00:00","Atropellament","2","Les Torres","818460009","Ajuntament de Rubí","Matí (06 a 14)",,,
"563/2018","2018-12-29","2018","12","Dissabte","14:45:00","Xoc sense sortida de via","1","Castellnou - Can Mir","818460009","Ajuntament de Rubí","Tarda (14 a 22)","41.5329680204","1.9973700876","MULTILINESTRING ((416359.6985860341 4598409.482398244, 416359.62051471224 4598409.666530992))"
"564/2018","2018-12-29","2018","12","Dissabte","16:35:00","Encalç","2","Can Fatjó","818460009","Ajuntament de Rubí","Tarda (14 a 22)",,,
"565/2018","2018-12-31","2018","12","Dilluns","18:15:00","Fregament negatiu (mateix sentit)","2","Zona Desconeguda","818460009","Ajuntament de Rubí","Tarda (14 a 22)",,,
