"ID","DATA_ACCIDENT",ANY_ACCIDENT,MES_ACCIDENT,"DIA_SETMANA_ACCIDENT","HORA_ACCIDENT","TIPUS_ACCIDENT",N_IMPLICATS,"ZONA","CODI_ENS","NOM_ENS","TRAM_HORARI",LATITUD,LONGITUD,"PUNT_ACCIDENT"
"1/2013","2013-01-01","2013","1","Dimarts","00:52:00","Encalç","2","Zona Desconeguda","818460009","Ajuntament de Rubí","Nit (22 a 06)",,,
"2/2013","2013-01-02","2013","1","Dimecres","06:50:00","Xoc sense sortida de via","2","Centre","818460009","Ajuntament de Rubí","Matí (06 a 14)",,,
"9/2013","2013-01-02","2013","1","Dimecres","12:50:00","Fregament negatiu (mateix sentit)","2","Can Rosés","818460009","Ajuntament de Rubí","Matí (06 a 14)",,,
"3/2013","2013-01-02","2013","1","Dimecres","19:25:00","Xoc sense sortida de via","1","Ca n'Alzamora","818460009","Ajuntament de Rubí","Tarda (14 a 22)",,,
"4/2013","2013-01-03","2013","1","Dijous","07:00:00","Envestida","2","Centre","818460009","Ajuntament de Rubí","Matí (06 a 14)",,,
"6/2013","2013-01-03","2013","1","Dijous","10:00:00","Altres (incendi, explosió, esllavissada, etc.)","1","Zona Desconeguda","818460009","Ajuntament de Rubí","Matí (06 a 14)",,,
"5/2013","2013-01-03","2013","1","Dijous","13:40:00","Xoc sense sortida de via","1","Centre","818460009","Ajuntament de Rubí","Matí (06 a 14)","41.4884726738","2.0295916996","MULTILINESTRING ((418992.29256350803 4593438.944481596, 418992.09305134416 4593438.958442127))"
"5/2013","2013-01-03","2013","1","Dijous","13:40:00","Xoc sense sortida de via","1","Centre","818460009","Ajuntament de Rubí","Matí (06 a 14)",,,
"7/2013","2013-01-04","2013","1","Divendres","11:35:00","Altres (incendi, explosió, esllavissada, etc.)","1","Can Rosés","818460009","Ajuntament de Rubí","Matí (06 a 14)","41.5077531664","2.0379268487","MULTILINESTRING ((419711.89798370865 4595571.781432657, 419711.74344494473 4595571.654476875))"
"7/2013","2013-01-04","2013","1","Divendres","11:35:00","Altres (incendi, explosió, esllavissada, etc.)","1","Can Rosés","818460009","Ajuntament de Rubí","Matí (06 a 14)",,,
"8/2013","2013-01-06","2013","1","Diumenge","05:55:00","Encalç","3","Centre","818460009","Ajuntament de Rubí","Nit (22 a 06)",,,
"10/2013","2013-01-08","2013","1","Dimarts","10:25:00","Xoc sense sortida de via","1","Sant Muç","818460009","Ajuntament de Rubí","Matí (06 a 14)",,,
"11/2013","2013-01-09","2013","1","Dimecres","08:34:00","Encalç","2","Centre","818460009","Ajuntament de Rubí","Matí (06 a 14)",,,
"12/2013","2013-01-09","2013","1","Dimecres","13:00:00","Envestida","2","Plana de Can Bertran","818460009","Ajuntament de Rubí","Matí (06 a 14)",,,
"13/2013","2013-01-10","2013","1","Dijous","08:15:00","Encalç","2","Zona Nord - La Serreta","818460009","Ajuntament de Rubí","Matí (06 a 14)","41.4995853535","2.0315272617","MULTILINESTRING ((419167.6234188563 4594670.975233781, 419167.5558918083 4594670.786978377))"
"13/2013","2013-01-10","2013","1","Dijous","08:15:00","Encalç","2","Zona Nord - La Serreta","818460009","Ajuntament de Rubí","Matí (06 a 14)",,,
"14/2013","2013-01-10","2013","1","Dijous","17:00:00","Col·lisió frontal","1","Sector Z","818460009","Ajuntament de Rubí","Tarda (14 a 22)",,,
"15/2013","2013-01-10","2013","1","Dijous","18:20:00","Fregament negatiu (mateix sentit)","2","Centre","818460009","Ajuntament de Rubí","Tarda (14 a 22)",,,
"16/2013","2013-01-12","2013","1","Dissabte","06:15:00","Xoc sense sortida de via","1","Can Fatjó","818460009","Ajuntament de Rubí","Matí (06 a 14)","41.4712599067","2.0146651916","MULTILINESTRING ((417724.31482768856 4591542.147827713, 417724.4291702513 4591541.983736951))"
"16/2013","2013-01-12","2013","1","Dissabte","06:15:00","Xoc sense sortida de via","1","Can Fatjó","818460009","Ajuntament de Rubí","Matí (06 a 14)",,,
"17/2013","2013-01-12","2013","1","Dissabte","08:15:00","Encalç","3","25 de Setembre","818460009","Ajuntament de Rubí","Matí (06 a 14)","41.4855854866","2.0403102249","MULTILINESTRING ((419883.5027406537 4593108.460634906, 419883.31332087156 4593108.396446543))"
"17/2013","2013-01-12","2013","1","Dissabte","08:15:00","Encalç","3","25 de Setembre","818460009","Ajuntament de Rubí","Matí (06 a 14)",,,
"18/2013","2013-01-12","2013","1","Dissabte","16:50:00","Envestida","2","Zona Desconeguda","818460009","Ajuntament de Rubí","Tarda (14 a 22)",,,
"19/2013","2013-01-13","2013","1","Diumenge","13:40:00","Encalç","2","Sector Z","818460009","Ajuntament de Rubí","Matí (06 a 14)",,,
"20/2013","2013-01-14","2013","1","Dilluns","10:15:00","Xoc sense sortida de via","2","El Progrés - Rubí 2000","818460009","Ajuntament de Rubí","Matí (06 a 14)","41.4863370189","2.0339798551","MULTILINESTRING ((419355.8442904352 4593197.649775329, 419355.8824539136 4593197.846100439))"
"20/2013","2013-01-14","2013","1","Dilluns","10:15:00","Xoc sense sortida de via","2","El Progrés - Rubí 2000","818460009","Ajuntament de Rubí","Matí (06 a 14)",,,
"21/2013","2013-01-15","2013","1","Dimarts","10:00:00","Sortida de via amb caiguda, bolcada, xoc","2","Can Rosés","818460009","Ajuntament de Rubí","Matí (06 a 14)",,,
"22/2013","2013-01-15","2013","1","Dimarts","18:10:00","Atropellament","2","Plana de Can Bertran","818460009","Ajuntament de Rubí","Tarda (14 a 22)",,,
"23/2013","2013-01-16","2013","1","Dimecres","11:25:00","Fregament negatiu (mateix sentit)","2","Zona Desconeguda","818460009","Ajuntament de Rubí","Matí (06 a 14)",,,
"25/2013","2013-01-16","2013","1","Dimecres","19:00:00","Sortida de via amb caiguda, bolcada, xoc","1","Zona Desconeguda","818460009","Ajuntament de Rubí","Tarda (14 a 22)",,,
"24/2013","2013-01-17","2013","1","Dijous","13:00:00","Encalç","2","Zona Desconeguda","818460009","Ajuntament de Rubí","Matí (06 a 14)",,,
"26/2013","2013-01-18","2013","1","Divendres","21:00:00","Envestida","2","Centre","818460009","Ajuntament de Rubí","Tarda (14 a 22)",,,
"27/2013","2013-01-21","2013","1","Dilluns","11:43:00","Sortida de via amb caiguda, bolcada, xoc","1","Can Rosés","818460009","Ajuntament de Rubí","Matí (06 a 14)",,,
"29/2013","2013-01-21","2013","1","Dilluns","15:45:00","Altres (incendi, explosió, esllavissada, etc.)","2","Sector Z","818460009","Ajuntament de Rubí","Tarda (14 a 22)",,,
"28/2013","2013-01-22","2013","1","Dimarts","06:55:00","Sortida de via amb caiguda, bolcada, xoc","1","Zona Desconeguda","818460009","Ajuntament de Rubí","Matí (06 a 14)",,,
"30/2013","2013-01-22","2013","1","Dimarts","19:35:00","Atropellament","2","Centre","818460009","Ajuntament de Rubí","Tarda (14 a 22)",,,
"31/2013","2013-01-23","2013","1","Dimecres","04:50:00","Envestida","2","Zona Desconeguda","818460009","Ajuntament de Rubí","Nit (22 a 06)",,,
"32/2013","2013-01-24","2013","1","Dijous","14:20:00","Col·lisió frontal","2","El Progrés - Rubí 2000","818460009","Ajuntament de Rubí","Tarda (14 a 22)",,,
"33/2013","2013-01-29","2013","1","Dimarts","12:00:00","Xoc sense sortida de via","2","Les Torres","818460009","Ajuntament de Rubí","Matí (06 a 14)",,,
"34/2013","2013-01-29","2013","1","Dimarts","16:56:00","Xoc sense sortida de via","1","Can Barceló - Vallespark","818460009","Ajuntament de Rubí","Tarda (14 a 22)",,,
"35/2013","2013-01-30","2013","1","Dimecres","17:20:00","Fregament negatiu (mateix sentit)","2","Zona Desconeguda","818460009","Ajuntament de Rubí","Tarda (14 a 22)",,,
"37/2013","2013-01-31","2013","1","Dijous","18:09:00","Col·lisió frontal","2","Zona Desconeguda","818460009","Ajuntament de Rubí","Tarda (14 a 22)",,,
"36/2013","2013-02-01","2013","2","Divendres","00:30:00","Fregament negatiu (mateix sentit)","3","Ca n'Alzamora","818460009","Ajuntament de Rubí","Nit (22 a 06)","41.4806278986","2.0348342722","MULTILINESTRING ((419420.03281885025 4592563.068754277, 419420.2040251337 4592563.1721390365))"
"36/2013","2013-02-01","2013","2","Divendres","00:30:00","Fregament negatiu (mateix sentit)","3","Ca n'Alzamora","818460009","Ajuntament de Rubí","Nit (22 a 06)",,,
"38/2013","2013-02-01","2013","2","Divendres","22:15:00","Xoc sense sortida de via","4","Sector Z","818460009","Ajuntament de Rubí","Nit (22 a 06)","41.4897976018","2.0421807315","MULTILINESTRING ((420044.8376497692 4593574.300042253, 420044.6468663588 4593574.360056338))"
"38/2013","2013-02-01","2013","2","Divendres","22:15:00","Xoc sense sortida de via","4","Sector Z","818460009","Ajuntament de Rubí","Nit (22 a 06)",,,
"39/2013","2013-02-04","2013","2","Dilluns","13:00:00","Xoc sense sortida de via","1","Zona Nord - La Serreta","818460009","Ajuntament de Rubí","Matí (06 a 14)","41.5014750686","2.0331596224","MULTILINESTRING ((419306.21384166984 4594879.248818775, 419306.1468888932 4594879.060358365))"
"39/2013","2013-02-04","2013","2","Dilluns","13:00:00","Xoc sense sortida de via","1","Zona Nord - La Serreta","818460009","Ajuntament de Rubí","Matí (06 a 14)",,,
"41/2013","2013-02-04","2013","2","Dilluns","13:00:00","Xoc sense sortida de via","1","Zona Nord - La Serreta","818460009","Ajuntament de Rubí","Matí (06 a 14)","41.5014750686","2.0331596224","MULTILINESTRING ((419306.21384166984 4594879.248818775, 419306.1468888932 4594879.060358365))"
"41/2013","2013-02-04","2013","2","Dilluns","13:00:00","Xoc sense sortida de via","1","Zona Nord - La Serreta","818460009","Ajuntament de Rubí","Matí (06 a 14)",,,
"40/2013","2013-02-04","2013","2","Dilluns","14:45:00","Xoc sense sortida de via","1","Can Rosés","818460009","Ajuntament de Rubí","Tarda (14 a 22)","41.5071480969","2.0369940603","MULTILINESTRING ((419633.30448370794 4595505.472632656, 419633.1499449439 4595505.345676874))"
"40/2013","2013-02-04","2013","2","Dilluns","14:45:00","Xoc sense sortida de via","1","Can Rosés","818460009","Ajuntament de Rubí","Tarda (14 a 22)",,,
"42/2013","2013-02-07","2013","2","Dijous","12:25:00","Fregament negatiu (mateix sentit)","3","Can Rosés","818460009","Ajuntament de Rubí","Matí (06 a 14)",,,
"47/2013","2013-02-08","2013","2","Divendres","12:25:00","Encalç","2","Can Ximelis - D4","818460009","Ajuntament de Rubí","Matí (06 a 14)",,,
"43/2013","2013-02-08","2013","2","Divendres","14:35:00","Envestida","2","Sant Muç","818460009","Ajuntament de Rubí","Tarda (14 a 22)",,,
"46/2013","2013-02-09","2013","2","Dissabte","04:20:00","Xoc sense sortida de via","1","Centre","818460009","Ajuntament de Rubí","Nit (22 a 06)",,,
"45/2013","2013-02-09","2013","2","Dissabte","15:55:00","Simple","2","Can Fatjó","818460009","Ajuntament de Rubí","Tarda (14 a 22)","41.4907364709","2.0274222331","MULTILINESTRING ((418813.84489217296 4593692.242906632, 418813.9838228973 4593692.38677551))"
"45/2013","2013-02-09","2013","2","Dissabte","15:55:00","Simple","2","Can Fatjó","818460009","Ajuntament de Rubí","Tarda (14 a 22)",,,
"44/2013","2013-02-10","2013","2","Diumenge","11:00:00","Fregament negatiu (mateix sentit)","2","Centre","818460009","Ajuntament de Rubí","Matí (06 a 14)","41.494800414","2.034837792","MULTILINESTRING ((419438.07249108906 4594136.560554619, 419437.8725214522 4594136.564039493))"
"44/2013","2013-02-10","2013","2","Diumenge","11:00:00","Fregament negatiu (mateix sentit)","2","Centre","818460009","Ajuntament de Rubí","Matí (06 a 14)",,,
"48/2013","2013-02-11","2013","2","Dilluns","17:28:00","Xoc sense sortida de via","2","Centre","818460009","Ajuntament de Rubí","Tarda (14 a 22)",,,
"49/2013","2013-02-11","2013","2","Dilluns","19:19:00","Encalç","2","Zona Desconeguda","818460009","Ajuntament de Rubí","Tarda (14 a 22)",,,
"50/2013","2013-02-11","2013","2","Dilluns","19:30:00","Xoc sense sortida de via","1","Centre","818460009","Ajuntament de Rubí","Tarda (14 a 22)",,,
"51/2013","2013-02-12","2013","2","Dimarts","07:10:00","Xoc sense sortida de via","2","Zona Nord - La Serreta","818460009","Ajuntament de Rubí","Matí (06 a 14)","41.4954534738","2.0370298351","MULTILINESTRING ((419621.6978405275 4594207.109870537, 419621.8057207032 4594206.941460716))"
"51/2013","2013-02-12","2013","2","Dimarts","07:10:00","Xoc sense sortida de via","2","Zona Nord - La Serreta","818460009","Ajuntament de Rubí","Matí (06 a 14)",,,
"52/2013","2013-02-12","2013","2","Dimarts","14:08:00","Xoc sense sortida de via","2","El Progrés - Rubí 2000","818460009","Ajuntament de Rubí","Tarda (14 a 22)","41.4864106065","2.0357383025","MULTILINESTRING ((419502.73091897083 4593204.1818755185, 419502.7746586277 4593204.377034025))"
"52/2013","2013-02-12","2013","2","Dimarts","14:08:00","Xoc sense sortida de via","2","El Progrés - Rubí 2000","818460009","Ajuntament de Rubí","Tarda (14 a 22)",,,
"53/2013","2013-02-14","2013","2","Dijous","08:30:00","Xoc sense sortida de via","1","Centre","818460009","Ajuntament de Rubí","Matí (06 a 14)",,,
"59/2013","2013-02-14","2013","2","Dijous","12:00:00","Envestida","2","Can Rosés","818460009","Ajuntament de Rubí","Matí (06 a 14)",,,
"54/2013","2013-02-15","2013","2","Divendres","14:00:00","Sortida de via amb caiguda, bolcada, xoc","1","Plana del Castell","818460009","Ajuntament de Rubí","Tarda (14 a 22)","41.4946029913","2.0280965137","MULTILINESTRING ((418875.0107927643 4594120.848057055, 418875.0400236856 4594121.045909408))"
"54/2013","2013-02-15","2013","2","Divendres","14:00:00","Sortida de via amb caiguda, bolcada, xoc","1","Plana del Castell","818460009","Ajuntament de Rubí","Tarda (14 a 22)",,,
"55/2013","2013-02-15","2013","2","Divendres","17:50:00","Atropellament","2","El Progrés - Rubí 2000","818460009","Ajuntament de Rubí","Tarda (14 a 22)","41.4863450323","2.0378258646","MULTILINESTRING ((419676.9888970563 4593195.148209202, 419676.90109607525 4593194.96851227))"
"55/2013","2013-02-15","2013","2","Divendres","17:50:00","Atropellament","2","El Progrés - Rubí 2000","818460009","Ajuntament de Rubí","Tarda (14 a 22)",,,
"56/2013","2013-02-15","2013","2","Divendres","20:10:00","Xoc sense sortida de via","1","Zona Desconeguda","818460009","Ajuntament de Rubí","Tarda (14 a 22)",,,
"57/2013","2013-02-15","2013","2","Divendres","20:25:00","Envestida","4","Zona Nord - La Serreta","818460009","Ajuntament de Rubí","Tarda (14 a 22)",,,
"58/2013","2013-02-16","2013","2","Dissabte","17:25:00","Sortida de via amb caiguda, bolcada, xoc","1","Centre","818460009","Ajuntament de Rubí","Tarda (14 a 22)",,,
"60/2013","2013-02-17","2013","2","Diumenge","07:30:00","Múltiple","5","Les Torres","818460009","Ajuntament de Rubí","Matí (06 a 14)","41.4834037761","2.031419847","MULTILINESTRING ((419138.52305417415 4592874.389388814, 419138.48147223203 4592874.585018418))"
"60/2013","2013-02-17","2013","2","Diumenge","07:30:00","Múltiple","5","Les Torres","818460009","Ajuntament de Rubí","Matí (06 a 14)",,,
"61/2013","2013-02-17","2013","2","Diumenge","12:55:00","Envestida","2","El Mercat","818460009","Ajuntament de Rubí","Matí (06 a 14)","41.4872958942","2.0384568164","MULTILINESTRING ((419730.7725904353 4593299.939875331, 419730.8107539137 4593300.136200441))"
"61/2013","2013-02-17","2013","2","Diumenge","12:55:00","Envestida","2","El Mercat","818460009","Ajuntament de Rubí","Matí (06 a 14)",,,
"62/2013","2013-02-17","2013","2","Diumenge","22:40:00","Múltiple","4","Ca n'Oriol","818460009","Ajuntament de Rubí","Nit (22 a 06)","41.4970554606","2.0414110383","MULTILINESTRING ((419989.341918674 4594380.757659481, 419989.5037248988 4594380.875212641))"
"62/2013","2013-02-17","2013","2","Diumenge","22:40:00","Múltiple","4","Ca n'Oriol","818460009","Ajuntament de Rubí","Nit (22 a 06)",,,
"64/2013","2013-02-20","2013","2","Dimecres","08:00:00","Fregament negatiu (mateix sentit)","2","Ca n'Oriol","818460009","Ajuntament de Rubí","Matí (06 a 14)","41.503666796","2.0480163117","MULTILINESTRING ((420548.8104858307 4595108.625446751, 420548.8565811077 4595108.820062335))"
"64/2013","2013-02-20","2013","2","Dimecres","08:00:00","Fregament negatiu (mateix sentit)","2","Ca n'Oriol","818460009","Ajuntament de Rubí","Matí (06 a 14)",,,
"63/2013","2013-02-20","2013","2","Dimecres","15:20:00","Envestida","2","Ca n'Oriol","818460009","Ajuntament de Rubí","Tarda (14 a 22)",,,
"65/2013","2013-02-22","2013","2","Divendres","13:10:00","Envestida","2","Can Rosés","818460009","Ajuntament de Rubí","Matí (06 a 14)",,,
"66/2013","2013-02-22","2013","2","Divendres","17:40:00","Sortida de via amb caiguda, bolcada, xoc","1","Sant Muç","818460009","Ajuntament de Rubí","Tarda (14 a 22)",,,
"67/2013","2013-02-22","2013","2","Divendres","19:40:00","Xoc sense sortida de via","2","Centre","818460009","Ajuntament de Rubí","Tarda (14 a 22)",,,
"68/2013","2013-02-25","2013","2","Dilluns","12:45:00","Col·lisió frontal","2","Can Fatjó","818460009","Ajuntament de Rubí","Matí (06 a 14)","41.4807581765","2.02417392","MULTILINESTRING ((418530.2032156207 4592587.486880085, 418530.31292082777 4592587.65410678))"
"68/2013","2013-02-25","2013","2","Dilluns","12:45:00","Col·lisió frontal","2","Can Fatjó","818460009","Ajuntament de Rubí","Matí (06 a 14)",,,
"69/2013","2013-02-25","2013","2","Dilluns","15:00:00","Sortida de via amb caiguda, bolcada, xoc","1","Sant Muç","818460009","Ajuntament de Rubí","Tarda (14 a 22)","41.5044343288","2.0119107974","MULTILINESTRING ((417536.37016501435 4595227.697513048, 417536.54528668575 4595227.794117398))"
"69/2013","2013-02-25","2013","2","Dilluns","15:00:00","Sortida de via amb caiguda, bolcada, xoc","1","Sant Muç","818460009","Ajuntament de Rubí","Tarda (14 a 22)",,,
"70/2013","2013-02-27","2013","2","Dimecres","17:15:00","Atropellament","2","Can Fatjó","818460009","Ajuntament de Rubí","Tarda (14 a 22)",,,
"71/2013","2013-02-28","2013","2","Dijous","19:10:00","Atropellament","2","Zona Nord - La Serreta","818460009","Ajuntament de Rubí","Tarda (14 a 22)","41.4975273736","2.0322710714","MULTILINESTRING ((419227.15016689315 4594441.800156481, 419227.07848919084 4594441.613441974))"
"71/2013","2013-02-28","2013","2","Dijous","19:10:00","Atropellament","2","Zona Nord - La Serreta","818460009","Ajuntament de Rubí","Tarda (14 a 22)",,,
"72/2013","2013-03-01","2013","3","Divendres","18:00:00","Fregament positiu (diferent sentit)","2","El Progrés - Rubí 2000","818460009","Ajuntament de Rubí","Tarda (14 a 22)",,,
"73/2013","2013-03-02","2013","3","Dissabte","09:15:00","Envestida","2","Centre","818460009","Ajuntament de Rubí","Matí (06 a 14)","41.4885553366","2.0295645293","MULTILINESTRING ((418989.92801841575 4593448.162924814, 418990.1272578878 4593448.145499751))"
"73/2013","2013-03-02","2013","3","Dissabte","09:15:00","Envestida","2","Centre","818460009","Ajuntament de Rubí","Matí (06 a 14)",,,
"75/2013","2013-03-05","2013","3","Dimarts","06:00:00","Envestida","2","Can Fatjó","818460009","Ajuntament de Rubí","Matí (06 a 14)",,,
"74/2013","2013-03-05","2013","3","Dimarts","14:40:00","Atropellament","2","El Progrés - Rubí 2000","818460009","Ajuntament de Rubí","Tarda (14 a 22)",,,
"76/2013","2013-03-05","2013","3","Dimarts","22:55:00","Xoc sense sortida de via","1","Can Rosés","818460009","Ajuntament de Rubí","Nit (22 a 06)",,,
"77/2013","2013-03-06","2013","3","Dimecres","15:30:00","Fregament negatiu (mateix sentit)","2","Les Torres","818460009","Ajuntament de Rubí","Tarda (14 a 22)",,,
"78/2013","2013-03-07","2013","3","Dijous","09:45:00","Xoc sense sortida de via","5","Can Vallhonrat","818460009","Ajuntament de Rubí","Matí (06 a 14)","41.4728095028","2.0306338197","MULTILINESTRING ((419059.7146478633 4591698.939814356, 419059.6833638177 4591699.137352475))"
"78/2013","2013-03-07","2013","3","Dijous","09:45:00","Xoc sense sortida de via","5","Can Vallhonrat","818460009","Ajuntament de Rubí","Matí (06 a 14)",,,
"79/2013","2013-03-07","2013","3","Dijous","10:20:00","Atropellament","3","El Progrés - Rubí 2000","818460009","Ajuntament de Rubí","Matí (06 a 14)",,,
"80/2013","2013-03-09","2013","3","Dissabte","09:10:00","Atropellament","2","Zona Nord - La Serreta","818460009","Ajuntament de Rubí","Matí (06 a 14)",,,
"81/2013","2013-03-09","2013","3","Dissabte","10:21:00","Encalç","3","Sector Z","818460009","Ajuntament de Rubí","Matí (06 a 14)",,,
"82/2013","2013-03-09","2013","3","Dissabte","14:00:00","Col·lisió frontal","2","Centre","818460009","Ajuntament de Rubí","Tarda (14 a 22)","41.4900207508","2.0346411705","MULTILINESTRING ((419415.5430435202 4593606.066833108, 419415.7297580267 4593606.138510809))"
"82/2013","2013-03-09","2013","3","Dissabte","14:00:00","Col·lisió frontal","2","Centre","818460009","Ajuntament de Rubí","Tarda (14 a 22)",,,
"83/2013","2013-03-10","2013","3","Diumenge","12:20:00","Envestida","2","Els Avets","818460009","Ajuntament de Rubí","Matí (06 a 14)",,,
"84/2013","2013-03-11","2013","3","Dilluns","10:00:00","Altres (incendi, explosió, esllavissada, etc.)","1","Zona Desconeguda","818460009","Ajuntament de Rubí","Matí (06 a 14)",,,
"85/2013","2013-03-11","2013","3","Dilluns","13:10:00","Fregament negatiu (mateix sentit)","2","Sector Z","818460009","Ajuntament de Rubí","Matí (06 a 14)",,,
"86/2013","2013-03-13","2013","3","Dimecres","11:25:00","Fregament negatiu (mateix sentit)","2","Sector Z","818460009","Ajuntament de Rubí","Matí (06 a 14)",,,
"87/2013","2013-03-13","2013","3","Dimecres","16:45:00","Envestida","2","Castellnou - Can Mir","818460009","Ajuntament de Rubí","Tarda (14 a 22)","41.5223645777","1.9960510487","MULTILINESTRING ((416235.9009606035 4597233.728409927, 416235.99044747127 4597233.549546571))"
"87/2013","2013-03-13","2013","3","Dimecres","16:45:00","Envestida","2","Castellnou - Can Mir","818460009","Ajuntament de Rubí","Tarda (14 a 22)",,,
"88/2013","2013-03-15","2013","3","Divendres","06:10:00","Sortida de via amb caiguda, bolcada, xoc","1","Zona Desconeguda","818460009","Ajuntament de Rubí","Matí (06 a 14)",,,
"89/2013","2013-03-15","2013","3","Divendres","08:15:00","Encalç","5","Sector Z","818460009","Ajuntament de Rubí","Matí (06 a 14)",,,
"91/2013","2013-03-16","2013","3","Dissabte","11:30:00","Xoc sense sortida de via","1","Centre","818460009","Ajuntament de Rubí","Matí (06 a 14)",,,
"90/2013","2013-03-17","2013","3","Diumenge","04:00:00","Xoc sense sortida de via","1","Can Vallhonrat","818460009","Ajuntament de Rubí","Nit (22 a 06)","41.4741889365","2.0311625954","MULTILINESTRING ((419105.6664662536 4591851.686061168, 419105.4665883382 4591851.693048223))"
"90/2013","2013-03-17","2013","3","Diumenge","04:00:00","Xoc sense sortida de via","1","Can Vallhonrat","818460009","Ajuntament de Rubí","Nit (22 a 06)",,,
"92/2013","2013-03-17","2013","3","Diumenge","13:30:00","Sortida de via amb caiguda, bolcada, xoc","1","Can Ximelis - D4","818460009","Ajuntament de Rubí","Matí (06 a 14)",,,
"93/2013","2013-03-18","2013","3","Dilluns","11:10:00","Atropellament","2","Centre","818460009","Ajuntament de Rubí","Matí (06 a 14)",,,
"94/2013","2013-03-18","2013","3","Dilluns","18:00:00","Xoc sense sortida de via","2","El Progrés - Rubí 2000","818460009","Ajuntament de Rubí","Tarda (14 a 22)",,,
"95/2013","2013-03-19","2013","3","Dimarts","09:55:00","Atropellament","2","Centre","818460009","Ajuntament de Rubí","Matí (06 a 14)",,,
"96/2013","2013-03-20","2013","3","Dimecres","09:00:00","Fregament negatiu (mateix sentit)","2","Zona Desconeguda","818460009","Ajuntament de Rubí","Matí (06 a 14)",,,
"97/2013","2013-03-21","2013","3","Dijous","07:37:00","Fregament negatiu (mateix sentit)","2","Zona Desconeguda","818460009","Ajuntament de Rubí","Matí (06 a 14)",,,
"98/2013","2013-03-21","2013","3","Dijous","11:56:00","Xoc sense sortida de via","1","Centre","818460009","Ajuntament de Rubí","Matí (06 a 14)","41.489020624","2.0313578741","MULTILINESTRING ((419140.3180084531 4593498.232321753, 419140.30754460423 4593498.03259567))"
"98/2013","2013-03-21","2013","3","Dijous","11:56:00","Xoc sense sortida de via","1","Centre","818460009","Ajuntament de Rubí","Matí (06 a 14)",,,
"99/2013","2013-03-21","2013","3","Dijous","18:45:00","Envestida","2","Centre","818460009","Ajuntament de Rubí","Tarda (14 a 22)",,,
"100/2013","2013-03-26","2013","3","Dimarts","08:20:00","Xoc sense sortida de via","2","El Mercat","818460009","Ajuntament de Rubí","Matí (06 a 14)","41.4870176574","2.0383856139","MULTILINESTRING ((419724.4850904355 4593269.115875331, 419724.52325391385 4593269.312200441))"
"100/2013","2013-03-26","2013","3","Dimarts","08:20:00","Xoc sense sortida de via","2","El Mercat","818460009","Ajuntament de Rubí","Matí (06 a 14)",,,
"101/2013","2013-03-28","2013","3","Dijous","14:05:00","Múltiple","2","Plana de Can Bertran","818460009","Ajuntament de Rubí","Tarda (14 a 22)","41.4899090901","2.03758709","MULTILINESTRING ((419661.34079124354 4593590.8980735345, 419661.4894216581 4593591.031898046))"
"101/2013","2013-03-28","2013","3","Dijous","14:05:00","Múltiple","2","Plana de Can Bertran","818460009","Ajuntament de Rubí","Tarda (14 a 22)",,,
"102/2013","2013-03-30","2013","3","Dissabte","02:50:00","Sortida de via amb caiguda, bolcada, xoc","4","Can Fatjó","818460009","Ajuntament de Rubí","Nit (22 a 06)","41.4903337167","2.027722559","MULTILINESTRING ((418838.485168869 4593647.218834795, 418838.47819182544 4593647.41871306))"
"102/2013","2013-03-30","2013","3","Dissabte","02:50:00","Sortida de via amb caiguda, bolcada, xoc","4","Can Fatjó","818460009","Ajuntament de Rubí","Nit (22 a 06)",,,
"103/2013","2013-03-31","2013","3","Diumenge","21:15:00","Envestida","2","Centre","818460009","Ajuntament de Rubí","Tarda (14 a 22)",,,
"104/2013","2013-04-02","2013","4","Dimarts","18:50:00","Xoc sense sortida de via","1","Centre","818460009","Ajuntament de Rubí","Tarda (14 a 22)",,,
"106/2013","2013-04-05","2013","4","Divendres","07:20:00","Xoc sense sortida de via","2","Zona Nord - La Serreta","818460009","Ajuntament de Rubí","Matí (06 a 14)","41.4974356454","2.0319380753","MULTILINESTRING ((419199.17305728915 4594431.7397431275, 419199.238909719 4594431.928590838))"
"106/2013","2013-04-05","2013","4","Divendres","07:20:00","Xoc sense sortida de via","2","Zona Nord - La Serreta","818460009","Ajuntament de Rubí","Matí (06 a 14)",,,
"105/2013","2013-04-05","2013","4","Divendres","12:30:00","Xoc sense sortida de via","2","Ca n'Alzamora","818460009","Ajuntament de Rubí","Matí (06 a 14)","41.482202699","2.0310244304","MULTILINESTRING ((419104.09602189896 4592741.524675639, 419103.89752919873 4592741.50016752))"
"105/2013","2013-04-05","2013","4","Divendres","12:30:00","Xoc sense sortida de via","2","Ca n'Alzamora","818460009","Ajuntament de Rubí","Matí (06 a 14)",,,
"107/2013","2013-04-06","2013","4","Dissabte","08:50:00","Encalç","2","Sector Z","818460009","Ajuntament de Rubí","Matí (06 a 14)",,,
"108/2013","2013-04-08","2013","4","Dilluns","06:00:00","Atropellament","2","Ca n'Oriol","818460009","Ajuntament de Rubí","Matí (06 a 14)",,,
"109/2013","2013-04-09","2013","4","Dimarts","17:47:00","Encalç","2","Zona Desconeguda","818460009","Ajuntament de Rubí","Tarda (14 a 22)",,,
"110/2013","2013-04-10","2013","4","Dimecres","08:45:00","Encalç","2","Plana de Can Bertran","818460009","Ajuntament de Rubí","Matí (06 a 14)",,,
"111/2013","2013-04-10","2013","4","Dimecres","11:45:00","Atropellament","2","Zona Nord - La Serreta","818460009","Ajuntament de Rubí","Matí (06 a 14)","41.5013012703","2.0341958654","MULTILINESTRING ((419392.42620788544 4594858.796051085, 419392.47797718056 4594858.989234781))"
"111/2013","2013-04-10","2013","4","Dimecres","11:45:00","Atropellament","2","Zona Nord - La Serreta","818460009","Ajuntament de Rubí","Matí (06 a 14)",,,
"112/2013","2013-04-10","2013","4","Dimecres","16:45:00","Xoc sense sortida de via","1","Can Fatjó","818460009","Ajuntament de Rubí","Tarda (14 a 22)",,,
"113/2013","2013-04-10","2013","4","Dimecres","17:50:00","Encalç","2","Ca n'Alzamora","818460009","Ajuntament de Rubí","Tarda (14 a 22)","41.4816262712","2.0343556854","MULTILINESTRING ((419381.3139638549 4592674.354071452, 419381.4842518065 4592674.458961937))"
"113/2013","2013-04-10","2013","4","Dimecres","17:50:00","Encalç","2","Ca n'Alzamora","818460009","Ajuntament de Rubí","Tarda (14 a 22)",,,
"115/2013","2013-04-11","2013","4","Dijous","16:37:00","Xoc sense sortida de via","2","Centre","818460009","Ajuntament de Rubí","Tarda (14 a 22)","41.4872850649","2.0308017639","MULTILINESTRING ((419091.7076816448 4593305.871819497, 419091.7526755263 4593306.066692663))"
"115/2013","2013-04-11","2013","4","Dijous","16:37:00","Xoc sense sortida de via","2","Centre","818460009","Ajuntament de Rubí","Tarda (14 a 22)",,,
"114/2013","2013-04-12","2013","4","Divendres","08:30:00","Fregament negatiu (mateix sentit)","2","Zona Nord - La Serreta","818460009","Ajuntament de Rubí","Matí (06 a 14)",,,
"116/2013","2013-04-12","2013","4","Divendres","12:40:00","Xoc sense sortida de via","1","Els Avets","818460009","Ajuntament de Rubí","Matí (06 a 14)","41.4848695925","2.0200857936","MULTILINESTRING ((418194.07070145436 4593047.793100269, 418194.1615019392 4593047.971300358))"
"116/2013","2013-04-12","2013","4","Divendres","12:40:00","Xoc sense sortida de via","1","Els Avets","818460009","Ajuntament de Rubí","Matí (06 a 14)",,,
"117/2013","2013-04-12","2013","4","Divendres","16:00:00","Envestida","2","Can Vallhonrat","818460009","Ajuntament de Rubí","Tarda (14 a 22)","41.4741889365","2.0311625954","MULTILINESTRING ((419105.6664662536 4591851.686061168, 419105.4665883382 4591851.693048223))"
"117/2013","2013-04-12","2013","4","Divendres","16:00:00","Envestida","2","Can Vallhonrat","818460009","Ajuntament de Rubí","Tarda (14 a 22)",,,
"118/2013","2013-04-13","2013","4","Dissabte","00:25:00","Xoc sense sortida de via","1","Sant Muç","818460009","Ajuntament de Rubí","Nit (22 a 06)",,,
"119/2013","2013-04-13","2013","4","Dissabte","11:00:00","Fregament negatiu (mateix sentit)","2","Ca n'Alzamora","818460009","Ajuntament de Rubí","Matí (06 a 14)","41.4833796038","2.0333160676","MULTILINESTRING ((419296.7639890746 4592869.933621916, 419296.79461876623 4592870.131262553))"
"119/2013","2013-04-13","2013","4","Dissabte","11:00:00","Fregament negatiu (mateix sentit)","2","Ca n'Alzamora","818460009","Ajuntament de Rubí","Matí (06 a 14)",,,
"120/2013","2013-04-15","2013","4","Dilluns","08:10:00","Envestida","2","Zona Desconeguda","818460009","Ajuntament de Rubí","Matí (06 a 14)",,,
"121/2013","2013-04-15","2013","4","Dilluns","08:10:00","Atropellament","2","El Progrés - Rubí 2000","818460009","Ajuntament de Rubí","Matí (06 a 14)","41.4860128013","2.0343252561","MULTILINESTRING ((419384.3203399725 4593161.528024284, 419384.27195329673 4593161.333965711))"
"121/2013","2013-04-15","2013","4","Dilluns","08:10:00","Atropellament","2","El Progrés - Rubí 2000","818460009","Ajuntament de Rubí","Matí (06 a 14)",,,
"122/2013","2013-04-16","2013","4","Dimarts","08:10:00","Encalç","2","Zona Desconeguda","818460009","Ajuntament de Rubí","Matí (06 a 14)",,,
"123/2013","2013-04-16","2013","4","Dimarts","12:35:00","Col·lisió frontal","2","Can Ximelis - D4","818460009","Ajuntament de Rubí","Matí (06 a 14)",,,
"126/2013","2013-04-16","2013","4","Dimarts","14:20:00","Fregament negatiu (mateix sentit)","3","Centre","818460009","Ajuntament de Rubí","Tarda (14 a 22)","41.4901337997","2.0286803329","MULTILINESTRING ((418918.1811208113 4593624.32527673, 418918.18719441514 4593624.125368973))"
"126/2013","2013-04-16","2013","4","Dimarts","14:20:00","Fregament negatiu (mateix sentit)","3","Centre","818460009","Ajuntament de Rubí","Tarda (14 a 22)",,,
"124/2013","2013-04-17","2013","4","Dimecres","00:12:00","Xoc sense sortida de via","2","Ca n'Alzamora","818460009","Ajuntament de Rubí","Nit (22 a 06)",,,
"125/2013","2013-04-17","2013","4","Dimecres","03:35:00","Envestida","2","Centre","818460009","Ajuntament de Rubí","Nit (22 a 06)",,,
"127/2013","2013-04-17","2013","4","Dimecres","15:15:00","Xoc sense sortida de via","1","Castellnou - Can Mir","818460009","Ajuntament de Rubí","Tarda (14 a 22)",,,
"128/2013","2013-04-19","2013","4","Divendres","17:35:00","Col·lisió frontal","2","Castellnou - Can Mir","818460009","Ajuntament de Rubí","Tarda (14 a 22)","41.5297748638","1.9970468684","MULTILINESTRING ((416328.6476802161 4598055.302695898, 416328.51434028806 4598055.4517612))"
"128/2013","2013-04-19","2013","4","Divendres","17:35:00","Col·lisió frontal","2","Castellnou - Can Mir","818460009","Ajuntament de Rubí","Tarda (14 a 22)",,,
"129/2013","2013-04-20","2013","4","Dissabte","02:40:00","Fregament negatiu (mateix sentit)","2","Centre","818460009","Ajuntament de Rubí","Nit (22 a 06)",,,
"131/2013","2013-04-20","2013","4","Dissabte","09:35:00","Envestida","2","Can Rosés","818460009","Ajuntament de Rubí","Matí (06 a 14)",,,
"130/2013","2013-04-21","2013","4","Diumenge","13:10:00","Encalç","2","Can Rosés","818460009","Ajuntament de Rubí","Matí (06 a 14)","41.5035659483","2.0347303519","MULTILINESTRING ((419439.80708097987 4595109.743000393, 419439.93064130645 4595109.90026719))"
"130/2013","2013-04-21","2013","4","Diumenge","13:10:00","Encalç","2","Can Rosés","818460009","Ajuntament de Rubí","Matí (06 a 14)",,,
"132/2013","2013-04-23","2013","4","Dimarts","15:00:00","Encalç","2","Sant Muç","818460009","Ajuntament de Rubí","Tarda (14 a 22)",,,
"133/2013","2013-04-25","2013","4","Dijous","11:55:00","Xoc sense sortida de via","2","Zona Nord - La Serreta","818460009","Ajuntament de Rubí","Matí (06 a 14)","41.4971352397","2.0360261645","MULTILINESTRING ((419539.9624272458 4594394.7033715015, 419540.1513363276 4594394.637695336))"
"133/2013","2013-04-25","2013","4","Dijous","11:55:00","Xoc sense sortida de via","2","Zona Nord - La Serreta","818460009","Ajuntament de Rubí","Matí (06 a 14)",,,
"134/2013","2013-04-25","2013","4","Dijous","20:45:00","Atropellament","2","Zona Nord - La Serreta","818460009","Ajuntament de Rubí","Tarda (14 a 22)","41.4987975055","2.0319366616","MULTILINESTRING ((419200.8138245256 4594583.125072817, 419200.7477660342 4594582.936297088))"
"134/2013","2013-04-25","2013","4","Dijous","20:45:00","Atropellament","2","Zona Nord - La Serreta","818460009","Ajuntament de Rubí","Tarda (14 a 22)",,,
"136/2013","2013-04-26","2013","4","Divendres","11:40:00","Fregament negatiu (mateix sentit)","2","Zona Desconeguda","818460009","Ajuntament de Rubí","Matí (06 a 14)",,,
"135/2013","2013-04-26","2013","4","Divendres","12:30:00","Sortida de via amb caiguda, bolcada, xoc","1","Can Fatjó","818460009","Ajuntament de Rubí","Matí (06 a 14)",,,
"138/2013","2013-04-27","2013","4","Dissabte","05:20:00","Col·lisió frontal","2","Sector Z","818460009","Ajuntament de Rubí","Nit (22 a 06)",,,
"139/2013","2013-04-27","2013","4","Dissabte","13:20:00","Sortida de via amb caiguda, bolcada, xoc","1","Zona Desconeguda","818460009","Ajuntament de Rubí","Matí (06 a 14)",,,
"137/2013","2013-04-27","2013","4","Dissabte","15:15:00","Xoc sense sortida de via","1","Centre","818460009","Ajuntament de Rubí","Tarda (14 a 22)","41.4924234132","2.0303820035","MULTILINESTRING ((419062.98460891086 4593876.82804538, 419063.18457854766 4593876.824560507))"
"137/2013","2013-04-27","2013","4","Dissabte","15:15:00","Xoc sense sortida de via","1","Centre","818460009","Ajuntament de Rubí","Tarda (14 a 22)",,,
"140/2013","2013-04-30","2013","4","Dimarts","20:00:00","Encalç","2","Zona Desconeguda","818460009","Ajuntament de Rubí","Tarda (14 a 22)",,,
"141/2013","2013-04-30","2013","4","Dimarts","21:25:00","Encalç","2","El Mercat","818460009","Ajuntament de Rubí","Tarda (14 a 22)","41.4861529498","2.0396902197","MULTILINESTRING ((419832.2579680125 4593172.047160057, 419832.43772401655 4593171.959480078))"
"141/2013","2013-04-30","2013","4","Dimarts","21:25:00","Encalç","2","El Mercat","818460009","Ajuntament de Rubí","Tarda (14 a 22)",,,
"142/2013","2013-05-03","2013","5","Divendres","04:20:00","Xoc sense sortida de via","2","Ca n'Alzamora","818460009","Ajuntament de Rubí","Nit (22 a 06)","41.4767151517","2.0350285081","MULTILINESTRING ((419431.51342565333 4592128.446643023, 419431.46420087107 4592128.640490696))"
"142/2013","2013-05-03","2013","5","Divendres","04:20:00","Xoc sense sortida de via","2","Ca n'Alzamora","818460009","Ajuntament de Rubí","Nit (22 a 06)",,,
"143/2013","2013-05-03","2013","5","Divendres","14:00:00","Envestida","2","Centre","818460009","Ajuntament de Rubí","Tarda (14 a 22)","41.4964019527","2.0308867906","MULTILINESTRING ((419110.16111839586 4594317.956013001, 419110.1820245279 4594318.154917335))"
"143/2013","2013-05-03","2013","5","Divendres","14:00:00","Envestida","2","Centre","818460009","Ajuntament de Rubí","Tarda (14 a 22)",,,
"144/2013","2013-05-03","2013","5","Divendres","18:30:00","Xoc sense sortida de via","2","Can Rosés","818460009","Ajuntament de Rubí","Tarda (14 a 22)","41.503100743","2.0446244497","MULTILINESTRING ((420265.1278746885 4595049.071116702, 420264.9840995847 4595048.932088938))"
"144/2013","2013-05-03","2013","5","Divendres","18:30:00","Xoc sense sortida de via","2","Can Rosés","818460009","Ajuntament de Rubí","Tarda (14 a 22)",,,
"148/2013","2013-05-07","2013","5","Dimarts","06:27:00","Xoc sense sortida de via","2","Plana de Can Bertran","818460009","Ajuntament de Rubí","Matí (06 a 14)",,,
"146/2013","2013-05-07","2013","5","Dimarts","08:00:00","Encalç","2","Can Fatjó","818460009","Ajuntament de Rubí","Matí (06 a 14)","41.4686394582","2.0246803639","MULTILINESTRING ((418557.38265599695 4591241.565962165, 418557.35920799605 4591241.764582889))"
"146/2013","2013-05-07","2013","5","Dimarts","08:00:00","Encalç","2","Can Fatjó","818460009","Ajuntament de Rubí","Matí (06 a 14)",,,
"145/2013","2013-05-07","2013","5","Dimarts","10:25:00","Col·lisió frontal","2","Zona Desconeguda","818460009","Ajuntament de Rubí","Matí (06 a 14)",,,
"147/2013","2013-05-08","2013","5","Dimecres","12:05:00","Xoc sense sortida de via","2","El Mercat","818460009","Ajuntament de Rubí","Matí (06 a 14)","41.4895704446","2.0342192431","MULTILINESTRING ((419379.9262922475 4593556.430591584, 419379.7873563299 4593556.574455448))"
"147/2013","2013-05-08","2013","5","Dimecres","12:05:00","Xoc sense sortida de via","2","El Mercat","818460009","Ajuntament de Rubí","Matí (06 a 14)",,,
"149/2013","2013-05-10","2013","5","Divendres","10:50:00","Xoc sense sortida de via","2","Els Avets","818460009","Ajuntament de Rubí","Matí (06 a 14)","41.4886511892","2.0234449843","MULTILINESTRING ((418479.2004111968 4593464.580244297, 418479.3886815958 4593464.512759062))"
"149/2013","2013-05-10","2013","5","Divendres","10:50:00","Xoc sense sortida de via","2","Els Avets","818460009","Ajuntament de Rubí","Matí (06 a 14)",,,
"150/2013","2013-05-10","2013","5","Divendres","20:25:00","Sortida de via amb caiguda, bolcada, xoc","2","Sector Z","818460009","Ajuntament de Rubí","Tarda (14 a 22)",,,
"151/2013","2013-05-11","2013","5","Dissabte","09:00:00","Sortida de via amb caiguda, bolcada, xoc","1","El Mercat","818460009","Ajuntament de Rubí","Matí (06 a 14)",,,
"152/2013","2013-05-12","2013","5","Diumenge","13:36:00","Col·lisió frontal","2","Can Vallhonrat","818460009","Ajuntament de Rubí","Matí (06 a 14)","41.4753391959","2.0309473642","MULTILINESTRING ((419089.0328462706 4591979.69316156, 419089.01889502746 4591979.493648744))"
"152/2013","2013-05-12","2013","5","Diumenge","13:36:00","Col·lisió frontal","2","Can Vallhonrat","818460009","Ajuntament de Rubí","Matí (06 a 14)",,,
"153/2013","2013-05-13","2013","5","Dilluns","07:10:00","Envestida","2","Sant Jordi Parc","818460009","Ajuntament de Rubí","Matí (06 a 14)",,,
"154/2013","2013-05-14","2013","5","Dimarts","13:30:00","Envestida","2","Centre","818460009","Ajuntament de Rubí","Matí (06 a 14)",,,
"155/2013","2013-05-15","2013","5","Dimecres","11:30:00","Envestida","2","El Progrés - Rubí 2000","818460009","Ajuntament de Rubí","Matí (06 a 14)",,,
"156/2013","2013-05-15","2013","5","Dimecres","12:15:00","Fregament negatiu (mateix sentit)","2","Zona Desconeguda","818460009","Ajuntament de Rubí","Matí (06 a 14)",,,
"157/2013","2013-05-15","2013","5","Dimecres","13:40:00","Envestida","2","Ca n'Alzamora","818460009","Ajuntament de Rubí","Matí (06 a 14)","41.4804692583","2.0344927043","MULTILINESTRING ((419391.3190108215 4592545.774667574, 419391.4902144287 4592545.8780567655))"
"157/2013","2013-05-15","2013","5","Dimecres","13:40:00","Envestida","2","Ca n'Alzamora","818460009","Ajuntament de Rubí","Matí (06 a 14)",,,
"158/2013","2013-05-16","2013","5","Dijous","13:40:00","Fregament negatiu (mateix sentit)","2","Zona Desconeguda","818460009","Ajuntament de Rubí","Matí (06 a 14)",,,
"161/2013","2013-05-17","2013","5","Divendres","13:10:00","Encalç","3","Can Ximelis - D4","818460009","Ajuntament de Rubí","Matí (06 a 14)",,,
"159/2013","2013-05-18","2013","5","Dissabte","08:00:00","Sortida de via amb caiguda, bolcada, xoc","1","Sant Muç","818460009","Ajuntament de Rubí","Matí (06 a 14)",,,
"168/2013","2013-05-19","2013","5","Diumenge","03:00:00","Xoc sense sortida de via","1","Can Rosés","818460009","Ajuntament de Rubí","Nit (22 a 06)","41.5035659483","2.0347303519","MULTILINESTRING ((419439.80708097987 4595109.743000393, 419439.93064130645 4595109.90026719))"
"168/2013","2013-05-19","2013","5","Diumenge","03:00:00","Xoc sense sortida de via","1","Can Rosés","818460009","Ajuntament de Rubí","Nit (22 a 06)",,,
"160/2013","2013-05-19","2013","5","Diumenge","14:10:00","Atropellament","2","El Mercat","818460009","Ajuntament de Rubí","Tarda (14 a 22)","41.4875041405","2.0374278139","MULTILINESTRING ((419645.0567666815 4593324.070878843, 419645.2378555752 4593324.15577179))"
"160/2013","2013-05-19","2013","5","Diumenge","14:10:00","Atropellament","2","El Mercat","818460009","Ajuntament de Rubí","Tarda (14 a 22)",,,
"163/2013","2013-05-21","2013","5","Dimarts","08:50:00","Encalç","2","Zona Nord - La Serreta","818460009","Ajuntament de Rubí","Matí (06 a 14)","41.5008036032","2.0378420583","MULTILINESTRING ((419696.1514948854 4594800.347804218, 419696.1641598472 4594800.148205623))"
"163/2013","2013-05-21","2013","5","Dimarts","08:50:00","Encalç","2","Zona Nord - La Serreta","818460009","Ajuntament de Rubí","Matí (06 a 14)",,,
"162/2013","2013-05-21","2013","5","Dimarts","12:30:00","Envestida","2","Centre","818460009","Ajuntament de Rubí","Matí (06 a 14)",,,
"164/2013","2013-05-21","2013","5","Dimarts","12:45:00","Envestida","2","Plana de Can Bertran","818460009","Ajuntament de Rubí","Matí (06 a 14)","41.4917793066","2.0372113688","MULTILINESTRING ((419632.3309119977 4593798.852450946, 419632.3944159971 4593799.042101262))"
"164/2013","2013-05-21","2013","5","Dimarts","12:45:00","Envestida","2","Plana de Can Bertran","818460009","Ajuntament de Rubí","Matí (06 a 14)",,,
"165/2013","2013-05-21","2013","5","Dimarts","16:35:00","Encalç","3","Zona Desconeguda","818460009","Ajuntament de Rubí","Tarda (14 a 22)",,,
"166/2013","2013-05-22","2013","5","Dimecres","12:08:00","Envestida","2","El Mercat","818460009","Ajuntament de Rubí","Matí (06 a 14)",,,
"167/2013","2013-05-22","2013","5","Dimecres","21:20:00","Xoc sense sortida de via","3","Centre","818460009","Ajuntament de Rubí","Tarda (14 a 22)","41.4951500999","2.0329463794","MULTILINESTRING ((419280.5062464751 4594177.246172385, 419280.5512286335 4594177.0512965135))"
"167/2013","2013-05-22","2013","5","Dimecres","21:20:00","Xoc sense sortida de via","3","Centre","818460009","Ajuntament de Rubí","Tarda (14 a 22)",,,
"169/2013","2013-05-24","2013","5","Divendres","06:50:00","Envestida","2","Centre","818460009","Ajuntament de Rubí","Matí (06 a 14)",,,
"170/2013","2013-05-24","2013","5","Divendres","10:00:00","Xoc sense sortida de via","1","Centre","818460009","Ajuntament de Rubí","Matí (06 a 14)","41.4921344061","2.0316869795","MULTILINESTRING ((419171.6603388327 4593843.619766253, 419171.6533517768 4593843.419888336))"
"170/2013","2013-05-24","2013","5","Divendres","10:00:00","Xoc sense sortida de via","1","Centre","818460009","Ajuntament de Rubí","Matí (06 a 14)",,,
"171/2013","2013-05-24","2013","5","Divendres","11:30:00","Encalç","2","El Mercat","818460009","Ajuntament de Rubí","Matí (06 a 14)",,,
"172/2013","2013-05-24","2013","5","Divendres","19:50:00","Sortida de via amb caiguda, bolcada, xoc","1","Can Fatjó","818460009","Ajuntament de Rubí","Tarda (14 a 22)",,,
"173/2013","2013-05-24","2013","5","Divendres","22:00:00","Envestida","2","Plana de Can Bertran","818460009","Ajuntament de Rubí","Nit (22 a 06)",,,
"179/2013","2013-05-25","2013","5","Dissabte","10:05:00","Altres (incendi, explosió, esllavissada, etc.)","1","Zona Desconeguda","818460009","Ajuntament de Rubí","Matí (06 a 14)",,,
"175/2013","2013-05-25","2013","5","Dissabte","13:10:00","Encalç","2","Zona Desconeguda","818460009","Ajuntament de Rubí","Matí (06 a 14)",,,
"174/2013","2013-05-25","2013","5","Dissabte","15:20:00","Atropellament","2","Centre","818460009","Ajuntament de Rubí","Tarda (14 a 22)",,,
"176/2013","2013-05-26","2013","5","Diumenge","18:55:00","Fregament positiu (diferent sentit)","2","Castellnou - Can Mir","818460009","Ajuntament de Rubí","Tarda (14 a 22)","41.5350505474","1.9961006044","MULTILINESTRING ((416256.5200001783 4598641.946349479, 416256.36620023777 4598642.074199307))"
"176/2013","2013-05-26","2013","5","Diumenge","18:55:00","Fregament positiu (diferent sentit)","2","Castellnou - Can Mir","818460009","Ajuntament de Rubí","Tarda (14 a 22)",,,
"178/2013","2013-05-26","2013","5","Diumenge","20:55:00","Xoc sense sortida de via","1","Centre","818460009","Ajuntament de Rubí","Tarda (14 a 22)","41.4886235862","2.0303153242","MULTILINESTRING ((419052.7951462708 4593455.128061559, 419052.7811950276 4593454.928548745))"
"178/2013","2013-05-26","2013","5","Diumenge","20:55:00","Xoc sense sortida de via","1","Centre","818460009","Ajuntament de Rubí","Tarda (14 a 22)",,,
"177/2013","2013-05-27","2013","5","Dilluns","20:20:00","Envestida","2","Ca n'Oriol","818460009","Ajuntament de Rubí","Tarda (14 a 22)","41.5003309049","2.0429932108","MULTILINESTRING ((420125.595003269 4594742.9465853125, 420125.42210435885 4594743.04711375))"
"177/2013","2013-05-27","2013","5","Dilluns","20:20:00","Envestida","2","Ca n'Oriol","818460009","Ajuntament de Rubí","Tarda (14 a 22)",,,
"180/2013","2013-05-28","2013","5","Dimarts","18:05:00","Xoc sense sortida de via","2","Centre","818460009","Ajuntament de Rubí","Tarda (14 a 22)",,,
"181/2013","2013-05-30","2013","5","Dijous","10:40:00","Sortida de via amb caiguda, bolcada, xoc","2","Can Fatjó","818460009","Ajuntament de Rubí","Matí (06 a 14)",,,
"182/2013","2013-05-30","2013","5","Dijous","12:10:00","Envestida","2","Zona Desconeguda","818460009","Ajuntament de Rubí","Matí (06 a 14)",,,
"184/2013","2013-06-01","2013","6","Dissabte","12:35:00","Xoc sense sortida de via","1","Sector Z","818460009","Ajuntament de Rubí","Matí (06 a 14)",,,
"183/2013","2013-06-01","2013","6","Dissabte","12:45:00","Encalç","2","Zona Desconeguda","818460009","Ajuntament de Rubí","Matí (06 a 14)",,,
"185/2013","2013-06-02","2013","6","Diumenge","08:55:00","Múltiple","8","Centre","818460009","Ajuntament de Rubí","Matí (06 a 14)",,,
"186/2013","2013-06-05","2013","6","Dimecres","10:00:00","Envestida","2","Zona Nord - La Serreta","818460009","Ajuntament de Rubí","Matí (06 a 14)",,,
"189/2013","2013-06-05","2013","6","Dimecres","11:15:00","Atropellament","2","Centre","818460009","Ajuntament de Rubí","Matí (06 a 14)",,,
"187/2013","2013-06-05","2013","6","Dimecres","13:35:00","Envestida","2","Centre","818460009","Ajuntament de Rubí","Matí (06 a 14)",,,
"188/2013","2013-06-05","2013","6","Dimecres","16:45:00","Envestida","2","Can Fatjó","818460009","Ajuntament de Rubí","Tarda (14 a 22)",,,
"190/2013","2013-06-05","2013","6","Dimecres","19:01:00","Encalç","3","Can Vallhonrat","818460009","Ajuntament de Rubí","Tarda (14 a 22)","41.4741889365","2.0311625954","MULTILINESTRING ((419105.6664662536 4591851.686061168, 419105.4665883382 4591851.693048223))"
"190/2013","2013-06-05","2013","6","Dimecres","19:01:00","Encalç","3","Can Vallhonrat","818460009","Ajuntament de Rubí","Tarda (14 a 22)",,,
"191/2013","2013-06-05","2013","6","Dimecres","21:00:00","Sortida de via amb caiguda, bolcada, xoc","1","Zona Desconeguda","818460009","Ajuntament de Rubí","Tarda (14 a 22)",,,
"192/2013","2013-06-07","2013","6","Divendres","05:40:00","Xoc sense sortida de via","1","Can Fatjó","818460009","Ajuntament de Rubí","Nit (22 a 06)",,,
"193/2013","2013-06-07","2013","6","Divendres","08:07:00","Fregament negatiu (mateix sentit)","2","Zona Desconeguda","818460009","Ajuntament de Rubí","Matí (06 a 14)",,,
"197/2013","2013-06-07","2013","6","Divendres","16:15:00","Encalç","2","Plana de Can Bertran","818460009","Ajuntament de Rubí","Tarda (14 a 22)","41.4924556662","2.0385026981","MULTILINESTRING ((419740.99512209196 4593872.738096393, 419740.98692945595 4593872.937928525))"
"197/2013","2013-06-07","2013","6","Divendres","16:15:00","Encalç","2","Plana de Can Bertran","818460009","Ajuntament de Rubí","Tarda (14 a 22)",,,
"194/2013","2013-06-08","2013","6","Dissabte","03:00:00","Encalç","2","Zona Nord - La Serreta","818460009","Ajuntament de Rubí","Nit (22 a 06)","41.4960610662","2.0383031052","MULTILINESTRING ((419728.7845594599 4594273.198398709, 419728.77937927993 4594273.398331611))"
"194/2013","2013-06-08","2013","6","Dissabte","03:00:00","Encalç","2","Zona Nord - La Serreta","818460009","Ajuntament de Rubí","Nit (22 a 06)",,,
"195/2013","2013-06-08","2013","6","Dissabte","03:15:00","Xoc sense sortida de via","1","El Progrés - Rubí 2000","818460009","Ajuntament de Rubí","Nit (22 a 06)",,,
"196/2013","2013-06-09","2013","6","Diumenge","10:00:00","Xoc sense sortida de via","2","El Mercat","818460009","Ajuntament de Rubí","Matí (06 a 14)","41.4872273958","2.0370605795","MULTILINESTRING ((419614.2390139742 4593293.772431947, 419614.05775196553 4593293.687909265))"
"196/2013","2013-06-09","2013","6","Diumenge","10:00:00","Xoc sense sortida de via","2","El Mercat","818460009","Ajuntament de Rubí","Matí (06 a 14)",,,
"198/2013","2013-06-10","2013","6","Dilluns","07:30:00","Encalç","3","Centre","818460009","Ajuntament de Rubí","Matí (06 a 14)",,,
"199/2013","2013-06-10","2013","6","Dilluns","14:40:00","Altres (incendi, explosió, esllavissada, etc.)","1","Can Fatjó","818460009","Ajuntament de Rubí","Tarda (14 a 22)",,,
"200/2013","2013-06-10","2013","6","Dilluns","18:08:00","Xoc sense sortida de via","2","Zona Nord - La Serreta","818460009","Ajuntament de Rubí","Tarda (14 a 22)","41.4979774914","2.0321762733","MULTILINESTRING ((419219.7282717831 4594491.673477411, 419219.7939957107 4594491.862369879))"
"200/2013","2013-06-10","2013","6","Dilluns","18:08:00","Xoc sense sortida de via","2","Zona Nord - La Serreta","818460009","Ajuntament de Rubí","Tarda (14 a 22)",,,
"201/2013","2013-06-11","2013","6","Dimarts","13:02:00","Atropellament","2","Centre","818460009","Ajuntament de Rubí","Matí (06 a 14)",,,
"202/2013","2013-06-11","2013","6","Dimarts","14:10:00","Envestida","2","Centre","818460009","Ajuntament de Rubí","Tarda (14 a 22)",,,
"203/2013","2013-06-12","2013","6","Dimecres","08:20:00","Envestida","2","Zona Nord - La Serreta","818460009","Ajuntament de Rubí","Matí (06 a 14)","41.4965715927","2.0362941625","MULTILINESTRING ((419561.8229367227 4594331.811162629, 419561.6343822968 4594331.877850172))"
"203/2013","2013-06-12","2013","6","Dimecres","08:20:00","Envestida","2","Zona Nord - La Serreta","818460009","Ajuntament de Rubí","Matí (06 a 14)",,,
"204/2013","2013-06-12","2013","6","Dimecres","09:53:00","Envestida","2","Can Vallhonrat","818460009","Ajuntament de Rubí","Matí (06 a 14)","41.4741889365","2.0311625954","MULTILINESTRING ((419105.6664662536 4591851.686061168, 419105.4665883382 4591851.693048223))"
"204/2013","2013-06-12","2013","6","Dimecres","09:53:00","Envestida","2","Can Vallhonrat","818460009","Ajuntament de Rubí","Matí (06 a 14)",,,
"205/2013","2013-06-14","2013","6","Divendres","05:50:00","Sortida de via amb caiguda, bolcada, xoc","1","Sant Muç","818460009","Ajuntament de Rubí","Nit (22 a 06)",,,
"207/2013","2013-06-14","2013","6","Divendres","18:05:00","Sortida de via amb caiguda, bolcada, xoc","1","El Pinar","818460009","Ajuntament de Rubí","Tarda (14 a 22)",,,
"206/2013","2013-06-16","2013","6","Diumenge","08:30:00","Xoc sense sortida de via","2","Els Avets","818460009","Ajuntament de Rubí","Matí (06 a 14)","41.4856241605","2.0184213461","MULTILINESTRING ((418056.11146649765 4593133.130759554, 418056.1137886634 4593133.330746073))"
"206/2013","2013-06-16","2013","6","Diumenge","08:30:00","Xoc sense sortida de via","2","Els Avets","818460009","Ajuntament de Rubí","Matí (06 a 14)",,,
"208/2013","2013-06-19","2013","6","Dimecres","10:10:00","Xoc sense sortida de via","1","Centre","818460009","Ajuntament de Rubí","Matí (06 a 14)",,,
"209/2013","2013-06-21","2013","6","Divendres","06:25:00","Encalç","2","Zona Desconeguda","818460009","Ajuntament de Rubí","Matí (06 a 14)",,,
"210/2013","2013-06-22","2013","6","Dissabte","12:52:00","Col·lisió frontal","5","Sector Z","818460009","Ajuntament de Rubí","Matí (06 a 14)","41.4890767845","2.0425864305","MULTILINESTRING ((420077.70710123144 4593493.830515188, 420077.738801642 4593494.027986919))"
"210/2013","2013-06-22","2013","6","Dissabte","12:52:00","Col·lisió frontal","5","Sector Z","818460009","Ajuntament de Rubí","Matí (06 a 14)",,,
"211/2013","2013-06-22","2013","6","Dissabte","20:00:00","Fregament positiu (diferent sentit)","2","Centre","818460009","Ajuntament de Rubí","Tarda (14 a 22)",,,
"212/2013","2013-06-23","2013","6","Diumenge","19:25:00","Encalç","2","Els Avets","818460009","Ajuntament de Rubí","Tarda (14 a 22)",,,
"213/2013","2013-06-24","2013","6","Dilluns","18:45:00","Atropellament","2","Centre","818460009","Ajuntament de Rubí","Tarda (14 a 22)",,,
"214/2013","2013-06-27","2013","6","Dijous","13:30:00","Envestida","2","Centre","818460009","Ajuntament de Rubí","Matí (06 a 14)",,,
"217/2013","2013-06-27","2013","6","Dijous","16:25:00","Encalç","2","Zona Desconeguda","818460009","Ajuntament de Rubí","Tarda (14 a 22)",,,
"215/2013","2013-06-27","2013","6","Dijous","16:30:00","Envestida","2","Can Fatjó","818460009","Ajuntament de Rubí","Tarda (14 a 22)",,,
"229/2013","2013-06-29","2013","6","Dissabte","05:30:00","Xoc sense sortida de via","3","Can Fatjó","818460009","Ajuntament de Rubí","Nit (22 a 06)","41.4854849766","2.0227535676","MULTILINESTRING ((418417.50920451107 4593113.7152398415, 418417.69830601476 4593113.650119787))"
"229/2013","2013-06-29","2013","6","Dissabte","05:30:00","Xoc sense sortida de via","3","Can Fatjó","818460009","Ajuntament de Rubí","Nit (22 a 06)",,,
"218/2013","2013-06-30","2013","6","Diumenge","20:30:00","Envestida","2","El Mercat","818460009","Ajuntament de Rubí","Tarda (14 a 22)","41.4872958942","2.0384568164","MULTILINESTRING ((419730.7725904353 4593299.939875331, 419730.8107539137 4593300.136200441))"
"218/2013","2013-06-30","2013","6","Diumenge","20:30:00","Envestida","2","El Mercat","818460009","Ajuntament de Rubí","Tarda (14 a 22)",,,
"219/2013","2013-07-01","2013","7","Dilluns","11:15:00","Atropellament","2","El Progrés - Rubí 2000","818460009","Ajuntament de Rubí","Matí (06 a 14)","41.4860815318","2.0357845734","MULTILINESTRING ((419506.30600363534 4593167.681213858, 419506.1104715138 4593167.72325181))"
"219/2013","2013-07-01","2013","7","Dilluns","11:15:00","Atropellament","2","El Progrés - Rubí 2000","818460009","Ajuntament de Rubí","Matí (06 a 14)",,,
"220/2013","2013-07-01","2013","7","Dilluns","12:25:00","Xoc sense sortida de via","1","Centre","818460009","Ajuntament de Rubí","Matí (06 a 14)","41.4909978133","2.0286457433","MULTILINESTRING ((418916.3764272395 4593720.281349046, 418916.3719696526 4593720.081398726))"
"220/2013","2013-07-01","2013","7","Dilluns","12:25:00","Xoc sense sortida de via","1","Centre","818460009","Ajuntament de Rubí","Matí (06 a 14)",,,
"221/2013","2013-07-02","2013","7","Dimarts","10:55:00","Xoc sense sortida de via","2","Zona Desconeguda","818460009","Ajuntament de Rubí","Matí (06 a 14)",,,
"222/2013","2013-07-02","2013","7","Dimarts","14:50:00","Col·lisió frontal","3","El Mercat","818460009","Ajuntament de Rubí","Tarda (14 a 22)","41.4880599166","2.0343903929","MULTILINESTRING ((419392.1824002698 4593388.688198545, 419392.3606003595 4593388.597398059))"
"222/2013","2013-07-02","2013","7","Dimarts","14:50:00","Col·lisió frontal","3","El Mercat","818460009","Ajuntament de Rubí","Tarda (14 a 22)",,,
"223/2013","2013-07-05","2013","7","Divendres","21:20:00","Simple","2","El Progrés - Rubí 2000","818460009","Ajuntament de Rubí","Tarda (14 a 22)",,,
"224/2013","2013-07-06","2013","7","Dissabte","22:25:00","Sortida de via amb caiguda, bolcada, xoc","1","Can Fatjó","818460009","Ajuntament de Rubí","Nit (22 a 06)",,,
"225/2013","2013-07-07","2013","7","Diumenge","12:50:00","Sortida de via amb caiguda, bolcada, xoc","1","Sant Muç","818460009","Ajuntament de Rubí","Matí (06 a 14)",,,
"226/2013","2013-07-07","2013","7","Diumenge","21:50:00","Xoc sense sortida de via","1","Can Rosés","818460009","Ajuntament de Rubí","Tarda (14 a 22)","41.5026039775","2.0427037294","MULTILINESTRING ((420104.0829086118 4594995.542363301, 420104.20021148253 4594995.704351068))"
"226/2013","2013-07-07","2013","7","Diumenge","21:50:00","Xoc sense sortida de via","1","Can Rosés","818460009","Ajuntament de Rubí","Tarda (14 a 22)",,,
"228/2013","2013-07-08","2013","7","Dilluns","17:45:00","Xoc sense sortida de via","1","Centre","818460009","Ajuntament de Rubí","Tarda (14 a 22)",,,
"232/2013","2013-07-09","2013","7","Dimarts","10:00:00","Xoc sense sortida de via","1","Zona Desconeguda","818460009","Ajuntament de Rubí","Matí (06 a 14)",,,
"227/2013","2013-07-10","2013","7","Dimecres","05:19:00","Envestida","2","Can Fatjó","818460009","Ajuntament de Rubí","Nit (22 a 06)",,,
"230/2013","2013-07-10","2013","7","Dimecres","13:56:00","Col·lisió frontal","2","El Progrés - Rubí 2000","818460009","Ajuntament de Rubí","Matí (06 a 14)",,,
"231/2013","2013-07-10","2013","7","Dimecres","19:20:00","Atropellament","3","Zona Desconeguda","818460009","Ajuntament de Rubí","Tarda (14 a 22)",,,
"233/2013","2013-07-11","2013","7","Dijous","16:25:00","Sortida de via amb caiguda, bolcada, xoc","1","Sector Z","818460009","Ajuntament de Rubí","Tarda (14 a 22)",,,
"235/2013","2013-07-12","2013","7","Divendres","14:30:00","Envestida","2","Zona Desconeguda","818460009","Ajuntament de Rubí","Tarda (14 a 22)",,,
"234/2013","2013-07-13","2013","7","Dissabte","22:00:00","Xoc sense sortida de via","3","Zona Desconeguda","818460009","Ajuntament de Rubí","Nit (22 a 06)",,,
"236/2013","2013-07-14","2013","7","Diumenge","23:15:00","Xoc sense sortida de via","1","Can Vallhonrat","818460009","Ajuntament de Rubí","Nit (22 a 06)",,,
"237/2013","2013-07-16","2013","7","Dimarts","13:00:00","Envestida","2","Centre","818460009","Ajuntament de Rubí","Matí (06 a 14)",,,
"238/2013","2013-07-17","2013","7","Dimecres","06:28:00","Xoc sense sortida de via","2","Can Fatjó","818460009","Ajuntament de Rubí","Matí (06 a 14)","41.4877634896","2.024662066","MULTILINESTRING ((418579.7021349514 4593364.904631955, 418579.86511326855 4593364.788709274))"
"238/2013","2013-07-17","2013","7","Dimecres","06:28:00","Xoc sense sortida de via","2","Can Fatjó","818460009","Ajuntament de Rubí","Matí (06 a 14)",,,
"239/2013","2013-07-18","2013","7","Dijous","07:15:00","Encalç","2","Zona Desconeguda","818460009","Ajuntament de Rubí","Matí (06 a 14)",,,
"246/2013","2013-07-18","2013","7","Dijous","10:25:00","Col·lisió frontal","2","El Progrés - Rubí 2000","818460009","Ajuntament de Rubí","Matí (06 a 14)",,,
"244/2013","2013-07-18","2013","7","Dijous","12:45:00","Fregament negatiu (mateix sentit)","2","Centre","818460009","Ajuntament de Rubí","Matí (06 a 14)","41.49499725","2.0360734032","MULTILINESTRING ((419541.25572026696 4594157.244790481, 419541.45169368916 4594157.2847206425))"
"244/2013","2013-07-18","2013","7","Dijous","12:45:00","Fregament negatiu (mateix sentit)","2","Centre","818460009","Ajuntament de Rubí","Matí (06 a 14)",,,
"243/2013","2013-07-18","2013","7","Dijous","15:50:00","Envestida","2","Can Vallhonrat","818460009","Ajuntament de Rubí","Tarda (14 a 22)",,,
"245/2013","2013-07-19","2013","7","Divendres","13:25:00","Encalç","2","El Mercat","818460009","Ajuntament de Rubí","Matí (06 a 14)","41.4860577963","2.0399580854","MULTILINESTRING ((419854.502668012 4593161.234860059, 419854.682424016 4593161.1471800795))"
"245/2013","2013-07-19","2013","7","Divendres","13:25:00","Encalç","2","El Mercat","818460009","Ajuntament de Rubí","Matí (06 a 14)",,,
"247/2013","2013-07-19","2013","7","Divendres","14:35:00","Col·lisió frontal","2","Centre","818460009","Ajuntament de Rubí","Tarda (14 a 22)",,,
"242/2013","2013-07-20","2013","7","Dissabte","05:15:00","Sortida de via amb caiguda, bolcada, xoc","1","Can Vallhonrat","818460009","Ajuntament de Rubí","Nit (22 a 06)","41.4741889365","2.0311625954","MULTILINESTRING ((419105.6664662536 4591851.686061168, 419105.4665883382 4591851.693048223))"
"242/2013","2013-07-20","2013","7","Dissabte","05:15:00","Sortida de via amb caiguda, bolcada, xoc","1","Can Vallhonrat","818460009","Ajuntament de Rubí","Nit (22 a 06)",,,
"240/2013","2013-07-20","2013","7","Dissabte","18:38:00","Simple","1","Zona Nord - La Serreta","818460009","Ajuntament de Rubí","Tarda (14 a 22)","41.5016979671","2.0332493111","MULTILINESTRING ((419313.9107170983 4594903.722578523, 419313.97468946443 4594903.912071361))"
"240/2013","2013-07-20","2013","7","Dissabte","18:38:00","Simple","1","Zona Nord - La Serreta","818460009","Ajuntament de Rubí","Tarda (14 a 22)",,,
"241/2013","2013-07-20","2013","7","Dissabte","20:00:00","Envestida","2","Centre","818460009","Ajuntament de Rubí","Tarda (14 a 22)","41.49499725","2.0360734032","MULTILINESTRING ((419541.25572026696 4594157.244790481, 419541.45169368916 4594157.2847206425))"
"241/2013","2013-07-20","2013","7","Dissabte","20:00:00","Envestida","2","Centre","818460009","Ajuntament de Rubí","Tarda (14 a 22)",,,
"252/2013","2013-07-21","2013","7","Diumenge","08:10:00","Envestida","2","Can Fatjó","818460009","Ajuntament de Rubí","Matí (06 a 14)",,,
"248/2013","2013-07-21","2013","7","Diumenge","10:15:00","Xoc sense sortida de via","1","Can Fatjó","818460009","Ajuntament de Rubí","Matí (06 a 14)","41.4889009808","2.024967552","MULTILINESTRING ((418606.7423427106 4593490.93885687, 418606.6764902809 4593490.7500091605))"
"248/2013","2013-07-21","2013","7","Diumenge","10:15:00","Xoc sense sortida de via","1","Can Fatjó","818460009","Ajuntament de Rubí","Matí (06 a 14)",,,
"267/2013","2013-07-21","2013","7","Diumenge","10:15:00","Xoc sense sortida de via","1","Can Fatjó","818460009","Ajuntament de Rubí","Matí (06 a 14)","41.4889009808","2.024967552","MULTILINESTRING ((418606.7423427106 4593490.93885687, 418606.6764902809 4593490.7500091605))"
"267/2013","2013-07-21","2013","7","Diumenge","10:15:00","Xoc sense sortida de via","1","Can Fatjó","818460009","Ajuntament de Rubí","Matí (06 a 14)",,,
"249/2013","2013-07-22","2013","7","Dilluns","16:50:00","Xoc sense sortida de via","2","Sector Z","818460009","Ajuntament de Rubí","Tarda (14 a 22)",,,
"250/2013","2013-07-23","2013","7","Dimarts","12:20:00","Envestida","2","Centre","818460009","Ajuntament de Rubí","Matí (06 a 14)",,,
"251/2013","2013-07-23","2013","7","Dimarts","19:00:00","Xoc sense sortida de via","5","Zona Desconeguda","818460009","Ajuntament de Rubí","Tarda (14 a 22)",,,
"253/2013","2013-07-25","2013","7","Dijous","09:00:00","Envestida","2","Zona Desconeguda","818460009","Ajuntament de Rubí","Matí (06 a 14)",,,
"254/2013","2013-07-26","2013","7","Divendres","10:55:00","Fregament negatiu (mateix sentit)","2","Sector Z","818460009","Ajuntament de Rubí","Matí (06 a 14)",,,
"256/2013","2013-07-27","2013","7","Dissabte","08:30:00","Xoc sense sortida de via","1","Ca n'Oriol","818460009","Ajuntament de Rubí","Matí (06 a 14)","41.4971514852","2.0408833634","MULTILINESTRING ((419945.41939444904 4594391.902683746, 419945.5748259322 4594392.028544996))"
"256/2013","2013-07-27","2013","7","Dissabte","08:30:00","Xoc sense sortida de via","1","Ca n'Oriol","818460009","Ajuntament de Rubí","Matí (06 a 14)",,,
"271/2013","2013-07-30","2013","7","Dimarts","13:05:00","Envestida","2","Zona Nord - La Serreta","818460009","Ajuntament de Rubí","Matí (06 a 14)",,,
"257/2013","2013-07-30","2013","7","Dimarts","17:50:00","Altres (incendi, explosió, esllavissada, etc.)","1","Centre","818460009","Ajuntament de Rubí","Tarda (14 a 22)","41.4938803286","2.0324883176","MULTILINESTRING ((419240.61683374585 4594036.608638831, 419240.8167116612 4594036.601651776))"
"257/2013","2013-07-30","2013","7","Dimarts","17:50:00","Altres (incendi, explosió, esllavissada, etc.)","1","Centre","818460009","Ajuntament de Rubí","Tarda (14 a 22)",,,
"258/2013","2013-08-02","2013","8","Divendres","11:10:00","Col·lisió frontal","2","Can Solà","818460009","Ajuntament de Rubí","Matí (06 a 14)",,,
"259/2013","2013-08-02","2013","8","Divendres","13:01:00","Altres (incendi, explosió, esllavissada, etc.)","1","Zona Desconeguda","818460009","Ajuntament de Rubí","Matí (06 a 14)",,,
"255/2013","2013-08-02","2013","8","Divendres","17:50:00","Encalç","2","Zona Desconeguda","818460009","Ajuntament de Rubí","Tarda (14 a 22)",,,
"260/2013","2013-08-03","2013","8","Dissabte","08:55:00","Fregament negatiu (mateix sentit)","2","Zona Nord - La Serreta","818460009","Ajuntament de Rubí","Matí (06 a 14)",,,
"261/2013","2013-08-05","2013","8","Dilluns","16:25:00","Xoc sense sortida de via","1","Can Fatjó","818460009","Ajuntament de Rubí","Tarda (14 a 22)","41.4734651262","2.0199197996","MULTILINESTRING ((418165.81263143156 4591781.893384781, 418166.0109085756 4591781.919579708))"
"261/2013","2013-08-05","2013","8","Dilluns","16:25:00","Xoc sense sortida de via","1","Can Fatjó","818460009","Ajuntament de Rubí","Tarda (14 a 22)",,,
"262/2013","2013-08-06","2013","8","Dimarts","07:30:00","Encalç","2","Can Fatjó","818460009","Ajuntament de Rubí","Matí (06 a 14)",,,
"265/2013","2013-08-07","2013","8","Dimecres","08:40:00","Altres (incendi, explosió, esllavissada, etc.)","1","Zona Desconeguda","818460009","Ajuntament de Rubí","Matí (06 a 14)",,,
"263/2013","2013-08-11","2013","8","Diumenge","06:15:00","Fregament negatiu (mateix sentit)","2","Can Fatjó","818460009","Ajuntament de Rubí","Matí (06 a 14)","41.4867892246","2.0238041181","MULTILINESTRING ((418507.0188945245 4593257.428017002, 418506.86352603254 4593257.553955999))"
"263/2013","2013-08-11","2013","8","Diumenge","06:15:00","Fregament negatiu (mateix sentit)","2","Can Fatjó","818460009","Ajuntament de Rubí","Matí (06 a 14)",,,
"264/2013","2013-08-11","2013","8","Diumenge","14:02:00","Sortida de via amb caiguda, bolcada, xoc","1","El Mercat","818460009","Ajuntament de Rubí","Tarda (14 a 22)","41.4896389101","2.0355749627","MULTILINESTRING ((419493.2138440146 4593562.841832537, 419493.0138586863 4593562.839410051))"
"264/2013","2013-08-11","2013","8","Diumenge","14:02:00","Sortida de via amb caiguda, bolcada, xoc","1","El Mercat","818460009","Ajuntament de Rubí","Tarda (14 a 22)",,,
"266/2013","2013-08-12","2013","8","Dilluns","11:23:00","Envestida","2","Ca n'Oriol","818460009","Ajuntament de Rubí","Matí (06 a 14)",,,
"268/2013","2013-08-15","2013","8","Dijous","08:33:00","Xoc sense sortida de via","1","Can Fatjó","818460009","Ajuntament de Rubí","Matí (06 a 14)",,,
"270/2013","2013-08-17","2013","8","Dissabte","18:25:00","Fregament positiu (diferent sentit)","2","Can Ximelis - D4","818460009","Ajuntament de Rubí","Tarda (14 a 22)",,,
"269/2013","2013-08-18","2013","8","Diumenge","12:11:00","Xoc sense sortida de via","1","Zona Desconeguda","818460009","Ajuntament de Rubí","Matí (06 a 14)",,,
"272/2013","2013-08-23","2013","8","Divendres","08:20:00","Encalç","3","Can Fatjó","818460009","Ajuntament de Rubí","Matí (06 a 14)",,,
"273/2013","2013-08-23","2013","8","Divendres","10:45:00","Encalç","2","El Progrés - Rubí 2000","818460009","Ajuntament de Rubí","Matí (06 a 14)","41.4850671904","2.0368359074","MULTILINESTRING ((419592.76393194665 4593054.020586027, 419592.67940926226 4593054.201848034))"
"273/2013","2013-08-23","2013","8","Divendres","10:45:00","Encalç","2","El Progrés - Rubí 2000","818460009","Ajuntament de Rubí","Matí (06 a 14)",,,
"274/2013","2013-08-23","2013","8","Divendres","20:35:00","Múltiple","4","Ca n'Oriol","818460009","Ajuntament de Rubí","Tarda (14 a 22)","41.4971668225","2.0402508798","MULTILINESTRING ((419892.7958788391 4594394.323622872, 419892.65200511884 4594394.184697164))"
"274/2013","2013-08-23","2013","8","Divendres","20:35:00","Múltiple","4","Ca n'Oriol","818460009","Ajuntament de Rubí","Tarda (14 a 22)",,,
"275/2013","2013-08-26","2013","8","Dilluns","12:50:00","Fregament negatiu (mateix sentit)","2","Zona Desconeguda","818460009","Ajuntament de Rubí","Matí (06 a 14)",,,
"276/2013","2013-08-27","2013","8","Dimarts","12:15:00","Encalç","2","Zona Desconeguda","818460009","Ajuntament de Rubí","Matí (06 a 14)",,,
"277/2013","2013-08-27","2013","8","Dimarts","20:35:00","Múltiple","4","Centre","818460009","Ajuntament de Rubí","Tarda (14 a 22)","41.4904271396","2.0344195129","MULTILINESTRING ((419397.5930307759 4593651.337021247, 419397.68067436793 4593651.516794996))"
"277/2013","2013-08-27","2013","8","Dimarts","20:35:00","Múltiple","4","Centre","818460009","Ajuntament de Rubí","Tarda (14 a 22)",,,
"278/2013","2013-08-30","2013","8","Divendres","07:00:00","Envestida","2","Zona Desconeguda","818460009","Ajuntament de Rubí","Matí (06 a 14)",,,
"279/2013","2013-08-31","2013","8","Dissabte","15:30:00","Xoc sense sortida de via","1","Ca n'Oriol","818460009","Ajuntament de Rubí","Tarda (14 a 22)","41.4990689557","2.0439574918","MULTILINESTRING ((420204.35999246076 4594602.060855899, 420204.52382328105 4594601.9461412))"
"279/2013","2013-08-31","2013","8","Dissabte","15:30:00","Xoc sense sortida de via","1","Ca n'Oriol","818460009","Ajuntament de Rubí","Tarda (14 a 22)",,,
"280/2013","2013-09-01","2013","9","Diumenge","15:00:00","Envestida","2","Centre","818460009","Ajuntament de Rubí","Tarda (14 a 22)",,,
"281/2013","2013-09-01","2013","9","Diumenge","18:45:00","Envestida","2","Sector Z","818460009","Ajuntament de Rubí","Tarda (14 a 22)",,,
"282/2013","2013-09-02","2013","9","Dilluns","13:15:00","Col·lisió frontal","2","Can Fatjó","818460009","Ajuntament de Rubí","Matí (06 a 14)",,,
"283/2013","2013-09-02","2013","9","Dilluns","17:15:00","Xoc sense sortida de via","1","Sant Muç","818460009","Ajuntament de Rubí","Tarda (14 a 22)",,,
"284/2013","2013-09-03","2013","9","Dimarts","15:00:00","Envestida","2","Centre","818460009","Ajuntament de Rubí","Tarda (14 a 22)",,,
"285/2013","2013-09-04","2013","9","Dimecres","10:15:00","Fregament negatiu (mateix sentit)","2","Can Fatjó","818460009","Ajuntament de Rubí","Matí (06 a 14)","41.4916400736","2.026811201","MULTILINESTRING ((418763.96820097987 4593793.280363213, 418764.10526797303 4593793.134717617))"
"285/2013","2013-09-04","2013","9","Dimecres","10:15:00","Fregament negatiu (mateix sentit)","2","Can Fatjó","818460009","Ajuntament de Rubí","Matí (06 a 14)",,,
"286/2013","2013-09-05","2013","9","Dijous","07:30:00","Encalç","2","El Progrés - Rubí 2000","818460009","Ajuntament de Rubí","Matí (06 a 14)",,,
"287/2013","2013-09-06","2013","9","Divendres","16:30:00","Xoc sense sortida de via","1","Can Vallhonrat","818460009","Ajuntament de Rubí","Tarda (14 a 22)",,,
"288/2013","2013-09-07","2013","9","Dissabte","05:38:00","Sortida de via amb caiguda, bolcada, xoc","1","Zona Desconeguda","818460009","Ajuntament de Rubí","Nit (22 a 06)",,,
"290/2013","2013-09-07","2013","9","Dissabte","22:25:00","Col·lisió frontal","2","Zona Desconeguda","818460009","Ajuntament de Rubí","Nit (22 a 06)",,,
"289/2013","2013-09-08","2013","9","Diumenge","05:40:00","Xoc sense sortida de via","3","Zona Nord - La Serreta","818460009","Ajuntament de Rubí","Nit (22 a 06)",,,
"291/2013","2013-09-08","2013","9","Diumenge","11:54:00","Encalç","2","Centre","818460009","Ajuntament de Rubí","Matí (06 a 14)",,,
"293/2013","2013-09-08","2013","9","Diumenge","12:30:00","Xoc sense sortida de via","2","Centre","818460009","Ajuntament de Rubí","Matí (06 a 14)",,,
"294/2013","2013-09-08","2013","9","Diumenge","17:47:00","Xoc sense sortida de via","1","Centre","818460009","Ajuntament de Rubí","Tarda (14 a 22)",,,
"292/2013","2013-09-09","2013","9","Dilluns","02:10:00","Xoc sense sortida de via","1","Centre","818460009","Ajuntament de Rubí","Nit (22 a 06)",,,
"295/2013","2013-09-09","2013","9","Dilluns","05:10:00","Encalç","2","Zona Desconeguda","818460009","Ajuntament de Rubí","Nit (22 a 06)",,,
"296/2013","2013-09-10","2013","9","Dimarts","13:00:00","Envestida","2","Can Fatjó","818460009","Ajuntament de Rubí","Matí (06 a 14)","41.4734486807","2.0197577699","MULTILINESTRING ((418152.2627314316 4591780.220884781, 418152.4610085755 4591780.247079708))"
"296/2013","2013-09-10","2013","9","Dimarts","13:00:00","Envestida","2","Can Fatjó","818460009","Ajuntament de Rubí","Matí (06 a 14)",,,
"297/2013","2013-09-13","2013","9","Divendres","11:30:00","Xoc sense sortida de via","1","Centre","818460009","Ajuntament de Rubí","Matí (06 a 14)","41.4872707898","2.0300897027","MULTILINESTRING ((419032.26040913607 4593304.951215444, 419032.2778455146 4593305.150453927))"
"297/2013","2013-09-13","2013","9","Divendres","11:30:00","Xoc sense sortida de via","1","Centre","818460009","Ajuntament de Rubí","Matí (06 a 14)",,,
"298/2013","2013-09-13","2013","9","Divendres","15:16:00","Sortida de via amb caiguda, bolcada, xoc","1","Les Torres","818460009","Ajuntament de Rubí","Tarda (14 a 22)",,,
"299/2013","2013-09-17","2013","9","Dimarts","11:50:00","Atropellament","2","Ca n'Oriol","818460009","Ajuntament de Rubí","Matí (06 a 14)","41.4964402301","2.0390706141","MULTILINESTRING ((419793.31494590396 4594314.58130892, 419793.3114612051 4594314.781278557))"
"299/2013","2013-09-17","2013","9","Dimarts","11:50:00","Atropellament","2","Ca n'Oriol","818460009","Ajuntament de Rubí","Matí (06 a 14)",,,
"300/2013","2013-09-18","2013","9","Dimecres","12:05:00","Encalç","2","Zona Desconeguda","818460009","Ajuntament de Rubí","Matí (06 a 14)",,,
"301/2013","2013-09-19","2013","9","Dijous","10:40:00","Xoc sense sortida de via","1","El Progrés - Rubí 2000","818460009","Ajuntament de Rubí","Matí (06 a 14)","41.4852138573","2.0367416618","MULTILINESTRING ((419585.07734348124 4593070.391291404, 419584.9928246415 4593070.572555204))"
"301/2013","2013-09-19","2013","9","Dijous","10:40:00","Xoc sense sortida de via","1","El Progrés - Rubí 2000","818460009","Ajuntament de Rubí","Matí (06 a 14)",,,
"302/2013","2013-09-19","2013","9","Dijous","19:30:00","Encalç","2","Centre","818460009","Ajuntament de Rubí","Tarda (14 a 22)",,,
"303/2013","2013-09-19","2013","9","Dijous","23:30:00","Sortida de via amb caiguda, bolcada, xoc","1","Ca n'Alzamora","818460009","Ajuntament de Rubí","Nit (22 a 06)","41.48299376","2.0306497866","MULTILINESTRING ((419073.7991907039 4592829.715019259, 419073.6071209384 4592829.659259011))"
"303/2013","2013-09-19","2013","9","Dijous","23:30:00","Sortida de via amb caiguda, bolcada, xoc","1","Ca n'Alzamora","818460009","Ajuntament de Rubí","Nit (22 a 06)",,,
"304/2013","2013-09-21","2013","9","Dissabte","01:00:00","Xoc sense sortida de via","1","Centre","818460009","Ajuntament de Rubí","Nit (22 a 06)",,,
"308/2013","2013-09-22","2013","9","Diumenge","20:05:00","Envestida","2","Zona Desconeguda","818460009","Ajuntament de Rubí","Tarda (14 a 22)",,,
"307/2013","2013-09-23","2013","9","Dilluns","10:20:00","Atropellament","2","Centre","818460009","Ajuntament de Rubí","Matí (06 a 14)","41.4953428537","2.0345649804","MULTILINESTRING ((419415.87376735377 4594197.138714929, 419415.87235647195 4594196.938719907))"
"307/2013","2013-09-23","2013","9","Dilluns","10:20:00","Atropellament","2","Centre","818460009","Ajuntament de Rubí","Matí (06 a 14)",,,
"305/2013","2013-09-23","2013","9","Dilluns","13:00:00","Xoc sense sortida de via","1","25 de Setembre","818460009","Ajuntament de Rubí","Matí (06 a 14)","41.4818049107","2.0396714612","MULTILINESTRING ((419825.5116585334 4592689.341983299, 419825.3320780446 4592689.253944397))"
"305/2013","2013-09-23","2013","9","Dilluns","13:00:00","Xoc sense sortida de via","1","25 de Setembre","818460009","Ajuntament de Rubí","Matí (06 a 14)",,,
"306/2013","2013-09-23","2013","9","Dilluns","13:45:00","Envestida","2","Can Vallhonrat","818460009","Ajuntament de Rubí","Matí (06 a 14)","41.4741889365","2.0311625954","MULTILINESTRING ((419105.6664662536 4591851.686061168, 419105.4665883382 4591851.693048223))"
"306/2013","2013-09-23","2013","9","Dilluns","13:45:00","Envestida","2","Can Vallhonrat","818460009","Ajuntament de Rubí","Matí (06 a 14)",,,
"309/2013","2013-09-24","2013","9","Dimarts","12:26:00","Encalç","2","Centre","818460009","Ajuntament de Rubí","Matí (06 a 14)",,,
"310/2013","2013-09-24","2013","9","Dimarts","19:00:00","Sortida de via amb caiguda, bolcada, xoc","1","Zona Desconeguda","818460009","Ajuntament de Rubí","Tarda (14 a 22)",,,
"311/2013","2013-09-25","2013","9","Dimecres","09:20:00","Xoc sense sortida de via","1","Can Rosés","818460009","Ajuntament de Rubí","Matí (06 a 14)","41.5071480969","2.0369940603","MULTILINESTRING ((419633.30448370794 4595505.472632656, 419633.1499449439 4595505.345676874))"
"311/2013","2013-09-25","2013","9","Dimecres","09:20:00","Xoc sense sortida de via","1","Can Rosés","818460009","Ajuntament de Rubí","Matí (06 a 14)",,,
"312/2013","2013-09-26","2013","9","Dijous","21:44:00","Encalç","2","El Progrés - Rubí 2000","818460009","Ajuntament de Rubí","Tarda (14 a 22)","41.4870906825","2.0354887467","MULTILINESTRING ((419482.740172295 4593279.916693731, 419482.7828297266 4593280.112091641))"
"312/2013","2013-09-26","2013","9","Dijous","21:44:00","Encalç","2","El Progrés - Rubí 2000","818460009","Ajuntament de Rubí","Tarda (14 a 22)",,,
"313/2013","2013-09-27","2013","9","Divendres","08:55:00","Atropellament","2","Zona Nord - La Serreta","818460009","Ajuntament de Rubí","Matí (06 a 14)",,,
"314/2013","2013-09-27","2013","9","Divendres","13:45:00","Envestida","2","Ca n'Oriol","818460009","Ajuntament de Rubí","Matí (06 a 14)","41.4958340511","2.0391161351","MULTILINESTRING ((419796.36849712016 4594247.240514565, 419796.3613294937 4594247.440386086))"
"314/2013","2013-09-27","2013","9","Divendres","13:45:00","Envestida","2","Ca n'Oriol","818460009","Ajuntament de Rubí","Matí (06 a 14)",,,
"315/2013","2013-09-28","2013","9","Dissabte","10:50:00","Envestida","2","Zona Desconeguda","818460009","Ajuntament de Rubí","Matí (06 a 14)",,,
"316/2013","2013-09-30","2013","9","Dilluns","10:50:00","Envestida","2","Zona Nord - La Serreta","818460009","Ajuntament de Rubí","Matí (06 a 14)",,,
"317/2013","2013-09-30","2013","9","Dilluns","13:40:00","Encalç","2","Zona Desconeguda","818460009","Ajuntament de Rubí","Matí (06 a 14)",,,
"318/2013","2013-09-30","2013","9","Dilluns","16:45:00","Encalç","2","Zona Desconeguda","818460009","Ajuntament de Rubí","Tarda (14 a 22)",,,
"319/2013","2013-10-01","2013","10","Dimarts","13:43:00","Encalç","3","Zona Desconeguda","818460009","Ajuntament de Rubí","Matí (06 a 14)",,,
"320/2013","2013-10-02","2013","10","Dimecres","12:00:00","Atropellament","2","Centre","818460009","Ajuntament de Rubí","Matí (06 a 14)",,,
"323/2013","2013-10-04","2013","10","Divendres","14:00:00","Sortida de via amb caiguda, bolcada, xoc","1","Zona Desconeguda","818460009","Ajuntament de Rubí","Tarda (14 a 22)",,,
"327/2013","2013-10-04","2013","10","Divendres","14:48:00","Encalç","4","Can Ximelis - D4","818460009","Ajuntament de Rubí","Tarda (14 a 22)",,,
"324/2013","2013-10-04","2013","10","Divendres","15:00:00","Xoc sense sortida de via","1","Can Ximelis - D4","818460009","Ajuntament de Rubí","Tarda (14 a 22)",,,
"325/2013","2013-10-04","2013","10","Divendres","17:13:00","Fregament negatiu (mateix sentit)","2","El Progrés - Rubí 2000","818460009","Ajuntament de Rubí","Tarda (14 a 22)","41.4864515346","2.0365666067","MULTILINESTRING ((419572.04169097356 4593208.009194911, 419571.8615879645 4593208.096159884))"
"325/2013","2013-10-04","2013","10","Divendres","17:13:00","Fregament negatiu (mateix sentit)","2","El Progrés - Rubí 2000","818460009","Ajuntament de Rubí","Tarda (14 a 22)",,,
"322/2013","2013-10-04","2013","10","Divendres","18:25:00","Atropellament","2","El Mercat","818460009","Ajuntament de Rubí","Tarda (14 a 22)","41.4898757143","2.036001072","MULTILINESTRING ((419528.9024066463 4593588.800298872, 419529.0525421952 4593588.668165165))"
"322/2013","2013-10-04","2013","10","Divendres","18:25:00","Atropellament","2","El Mercat","818460009","Ajuntament de Rubí","Tarda (14 a 22)",,,
"321/2013","2013-10-04","2013","10","Divendres","22:15:00","Col·lisió frontal","3","Castellnou - Can Mir","818460009","Ajuntament de Rubí","Nit (22 a 06)",,,
"326/2013","2013-10-05","2013","10","Dissabte","09:00:00","Xoc sense sortida de via","2","Plana de Can Bertran","818460009","Ajuntament de Rubí","Matí (06 a 14)",,,
"328/2013","2013-10-07","2013","10","Dilluns","13:43:00","Encalç","2","Can Rosés","818460009","Ajuntament de Rubí","Matí (06 a 14)",,,
"329/2013","2013-10-08","2013","10","Dimarts","17:50:00","Atropellament","2","Sant Muç","818460009","Ajuntament de Rubí","Tarda (14 a 22)",,,
"330/2013","2013-10-10","2013","10","Dijous","18:07:00","Xoc sense sortida de via","1","Zona Desconeguda","818460009","Ajuntament de Rubí","Tarda (14 a 22)",,,
"332/2013","2013-10-11","2013","10","Divendres","06:50:00","Encalç","2","Plana de Can Bertran","818460009","Ajuntament de Rubí","Matí (06 a 14)","41.4924556662","2.0385026981","MULTILINESTRING ((419740.99512209196 4593872.738096393, 419740.98692945595 4593872.937928525))"
"332/2013","2013-10-11","2013","10","Divendres","06:50:00","Encalç","2","Plana de Can Bertran","818460009","Ajuntament de Rubí","Matí (06 a 14)",,,
"333/2013","2013-10-11","2013","10","Divendres","06:50:00","Xoc sense sortida de via","2","Zona Nord - La Serreta","818460009","Ajuntament de Rubí","Matí (06 a 14)",,,
"331/2013","2013-10-11","2013","10","Divendres","11:45:00","Encalç","2","Zona Nord - La Serreta","818460009","Ajuntament de Rubí","Matí (06 a 14)","41.4998448981","2.0325569039","MULTILINESTRING ((419253.7571695617 4594698.768696336, 419253.9446927489 4594698.699161783))"
"331/2013","2013-10-11","2013","10","Divendres","11:45:00","Encalç","2","Zona Nord - La Serreta","818460009","Ajuntament de Rubí","Matí (06 a 14)",,,
"334/2013","2013-10-12","2013","10","Dissabte","12:15:00","Encalç","2","Zona Desconeguda","818460009","Ajuntament de Rubí","Matí (06 a 14)",,,
"335/2013","2013-10-13","2013","10","Diumenge","05:00:00","Sortida de via amb caiguda, bolcada, xoc","1","Zona Desconeguda","818460009","Ajuntament de Rubí","Nit (22 a 06)",,,
"336/2013","2013-10-15","2013","10","Dimarts","16:57:00","Xoc sense sortida de via","2","Ca n'Oriol","818460009","Ajuntament de Rubí","Tarda (14 a 22)","41.5020803457","2.0475492223","MULTILINESTRING ((420507.9556351795 4594933.111687163, 420507.864646906 4594932.933582885))"
"336/2013","2013-10-15","2013","10","Dimarts","16:57:00","Xoc sense sortida de via","2","Ca n'Oriol","818460009","Ajuntament de Rubí","Tarda (14 a 22)",,,
"337/2013","2013-10-18","2013","10","Divendres","08:25:00","Altres (incendi, explosió, esllavissada, etc.)","3","Zona Nord - La Serreta","818460009","Ajuntament de Rubí","Matí (06 a 14)",,,
"338/2013","2013-10-18","2013","10","Divendres","11:50:00","Sortida de via amb caiguda, bolcada, xoc","1","Zona Desconeguda","818460009","Ajuntament de Rubí","Matí (06 a 14)",,,
"341/2013","2013-10-18","2013","10","Divendres","15:15:00","Encalç","2","El Progrés - Rubí 2000","818460009","Ajuntament de Rubí","Tarda (14 a 22)",,,
"339/2013","2013-10-18","2013","10","Divendres","20:40:00","Xoc sense sortida de via","1","Zona Desconeguda","818460009","Ajuntament de Rubí","Tarda (14 a 22)",,,
"340/2013","2013-10-20","2013","10","Diumenge","07:45:00","Xoc sense sortida de via","1","Centre","818460009","Ajuntament de Rubí","Matí (06 a 14)","41.4878161985","2.0309515977","MULTILINESTRING ((419104.8783458264 4593364.698188813, 419104.9199277683 4593364.8938184185))"
"340/2013","2013-10-20","2013","10","Diumenge","07:45:00","Xoc sense sortida de via","1","Centre","818460009","Ajuntament de Rubí","Matí (06 a 14)",,,
"344/2013","2013-10-21","2013","10","Dilluns","07:40:00","Xoc sense sortida de via","3","El Progrés - Rubí 2000","818460009","Ajuntament de Rubí","Matí (06 a 14)",,,
"343/2013","2013-10-21","2013","10","Dilluns","14:30:00","Xoc sense sortida de via","2","Centre","818460009","Ajuntament de Rubí","Tarda (14 a 22)","41.4954965113","2.0349848831","MULTILINESTRING ((419451.21281471755 4594213.706002418, 419451.0128196232 4594213.707403224))"
"343/2013","2013-10-21","2013","10","Dilluns","14:30:00","Xoc sense sortida de via","2","Centre","818460009","Ajuntament de Rubí","Tarda (14 a 22)",,,
"342/2013","2013-10-21","2013","10","Dilluns","19:25:00","Encalç","3","Zona Desconeguda","818460009","Ajuntament de Rubí","Tarda (14 a 22)",,,
"345/2013","2013-10-22","2013","10","Dimarts","06:20:00","Simple","1","Centre","818460009","Ajuntament de Rubí","Matí (06 a 14)",,,
"346/2013","2013-10-23","2013","10","Dimecres","14:05:00","Col·lisió frontal","2","Can Rosés","818460009","Ajuntament de Rubí","Tarda (14 a 22)","41.5025840553","2.0334031545","MULTILINESTRING ((419327.81969843997 4595001.970582551, 419327.9455645868 4595002.126010068))"
"346/2013","2013-10-23","2013","10","Dimecres","14:05:00","Col·lisió frontal","2","Can Rosés","818460009","Ajuntament de Rubí","Tarda (14 a 22)",,,
"348/2013","2013-10-24","2013","10","Dijous","06:40:00","Atropellament","2","El Progrés - Rubí 2000","818460009","Ajuntament de Rubí","Matí (06 a 14)",,,
"347/2013","2013-10-24","2013","10","Dijous","07:10:00","Encalç","2","Can Fatjó","818460009","Ajuntament de Rubí","Matí (06 a 14)",,,
"349/2013","2013-10-24","2013","10","Dijous","16:45:00","Encalç","2","Zona Nord - La Serreta","818460009","Ajuntament de Rubí","Tarda (14 a 22)","41.5014750686","2.0331596224","MULTILINESTRING ((419306.21384166984 4594879.248818775, 419306.1468888932 4594879.060358365))"
"349/2013","2013-10-24","2013","10","Dijous","16:45:00","Encalç","2","Zona Nord - La Serreta","818460009","Ajuntament de Rubí","Tarda (14 a 22)",,,
"350/2013","2013-10-25","2013","10","Divendres","16:30:00","Fregament negatiu (mateix sentit)","2","Zona Nord - La Serreta","818460009","Ajuntament de Rubí","Tarda (14 a 22)","41.4966753502","2.0367224768","MULTILINESTRING ((419597.670204626 4594343.0435417, 419597.54540616815 4594342.8872556025))"
"350/2013","2013-10-25","2013","10","Divendres","16:30:00","Fregament negatiu (mateix sentit)","2","Zona Nord - La Serreta","818460009","Ajuntament de Rubí","Tarda (14 a 22)",,,
"351/2013","2013-10-28","2013","10","Dilluns","08:30:00","Atropellament","2","Centre","818460009","Ajuntament de Rubí","Matí (06 a 14)","41.4858197282","2.0331354828","MULTILINESTRING ((419284.6450114317 4593141.155593401, 419284.8182152422 4593141.0555912005))"
"351/2013","2013-10-28","2013","10","Dilluns","08:30:00","Atropellament","2","Centre","818460009","Ajuntament de Rubí","Matí (06 a 14)",,,
"352/2013","2013-10-28","2013","10","Dilluns","10:32:00","Fregament positiu (diferent sentit)","3","Sant Muç","818460009","Ajuntament de Rubí","Matí (06 a 14)","41.5083277006","2.0138264018","MULTILINESTRING ((417701.22092050815 4595658.258652274, 417701.3036606775 4595658.076569696))"
"352/2013","2013-10-28","2013","10","Dilluns","10:32:00","Fregament positiu (diferent sentit)","3","Sant Muç","818460009","Ajuntament de Rubí","Matí (06 a 14)",,,
"353/2013","2013-10-29","2013","10","Dimarts","10:00:00","Xoc sense sortida de via","1","Centre","818460009","Ajuntament de Rubí","Matí (06 a 14)",,,
"354/2013","2013-10-29","2013","10","Dimarts","11:15:00","Envestida","2","Centre","818460009","Ajuntament de Rubí","Matí (06 a 14)",,,
"355/2013","2013-10-30","2013","10","Dimecres","12:30:00","Altres (incendi, explosió, esllavissada, etc.)","2","Ca n'Alzamora","818460009","Ajuntament de Rubí","Matí (06 a 14)",,,
"356/2013","2013-11-03","2013","11","Diumenge","20:36:00","Xoc sense sortida de via","2","Centre","818460009","Ajuntament de Rubí","Tarda (14 a 22)",,,
"357/2013","2013-11-04","2013","11","Dilluns","11:30:00","Atropellament","2","Centre","818460009","Ajuntament de Rubí","Matí (06 a 14)","41.4908176028","2.032031808","MULTILINESTRING ((419198.8289399726 4593697.101824283, 419198.7805532968 4593696.907765712))"
"357/2013","2013-11-04","2013","11","Dilluns","11:30:00","Atropellament","2","Centre","818460009","Ajuntament de Rubí","Matí (06 a 14)",,,
"358/2013","2013-11-04","2013","11","Dilluns","14:15:00","Envestida","2","Can Vallhonrat","818460009","Ajuntament de Rubí","Tarda (14 a 22)","41.4741889365","2.0311625954","MULTILINESTRING ((419105.6664662536 4591851.686061168, 419105.4665883382 4591851.693048223))"
"358/2013","2013-11-04","2013","11","Dilluns","14:15:00","Envestida","2","Can Vallhonrat","818460009","Ajuntament de Rubí","Tarda (14 a 22)",,,
"360/2013","2013-11-05","2013","11","Dimarts","09:55:00","Envestida","2","Plana de Can Bertran","818460009","Ajuntament de Rubí","Matí (06 a 14)","41.4920445963","2.0339775451","MULTILINESTRING ((419362.82274875883 4593831.477985041, 419362.675098345 4593831.343080055))"
"360/2013","2013-11-05","2013","11","Dimarts","09:55:00","Envestida","2","Plana de Can Bertran","818460009","Ajuntament de Rubí","Matí (06 a 14)",,,
"363/2013","2013-11-05","2013","11","Dimarts","12:50:00","Encalç","4","Zona Desconeguda","818460009","Ajuntament de Rubí","Matí (06 a 14)",,,
"359/2013","2013-11-05","2013","11","Dimarts","17:05:00","Fregament negatiu (mateix sentit)","2","Can Fatjó","818460009","Ajuntament de Rubí","Tarda (14 a 22)","41.4822459837","2.0264317616","MULTILINESTRING ((418720.71487680305 4592750.661380264, 418720.5295690706 4592750.586140352))"
"359/2013","2013-11-05","2013","11","Dimarts","17:05:00","Fregament negatiu (mateix sentit)","2","Can Fatjó","818460009","Ajuntament de Rubí","Tarda (14 a 22)",,,
"361/2013","2013-11-05","2013","11","Dimarts","18:05:00","Atropellament","3","Sector Z","818460009","Ajuntament de Rubí","Tarda (14 a 22)",,,
"362/2013","2013-11-05","2013","11","Dimarts","19:30:00","Fregament negatiu (mateix sentit)","5","Centre","818460009","Ajuntament de Rubí","Tarda (14 a 22)","41.4928636338","2.0343857429","MULTILINESTRING ((419397.93840000004 4593921.960300001, 419397.7384 4593921.960300001))"
"362/2013","2013-11-05","2013","11","Dimarts","19:30:00","Fregament negatiu (mateix sentit)","5","Centre","818460009","Ajuntament de Rubí","Tarda (14 a 22)",,,
"364/2013","2013-11-06","2013","11","Dimecres","18:15:00","Envestida","2","El Progrés - Rubí 2000","818460009","Ajuntament de Rubí","Tarda (14 a 22)",,,
"365/2013","2013-11-07","2013","11","Dijous","19:45:00","Atropellament","3","El Progrés - Rubí 2000","818460009","Ajuntament de Rubí","Tarda (14 a 22)",,,
"366/2013","2013-11-08","2013","11","Divendres","16:00:00","Xoc sense sortida de via","1","Centre","818460009","Ajuntament de Rubí","Tarda (14 a 22)",,,
"367/2013","2013-11-11","2013","11","Dilluns","13:35:00","Encalç","2","Can Rosés","818460009","Ajuntament de Rubí","Matí (06 a 14)",,,
"368/2013","2013-11-11","2013","11","Dilluns","15:00:00","Fregament negatiu (mateix sentit)","2","Ca n'Oriol","818460009","Ajuntament de Rubí","Tarda (14 a 22)","41.5011053975","2.0471456961","MULTILINESTRING ((420473.08830638975 4594825.067318932, 420472.98830851977 4594825.240525243))"
"368/2013","2013-11-11","2013","11","Dilluns","15:00:00","Fregament negatiu (mateix sentit)","2","Ca n'Oriol","818460009","Ajuntament de Rubí","Tarda (14 a 22)",,,
"369/2013","2013-11-12","2013","11","Dimarts","10:10:00","Envestida","2","Centre","818460009","Ajuntament de Rubí","Matí (06 a 14)",,,
"370/2013","2013-11-12","2013","11","Dimarts","18:30:00","Col·lisió frontal","3","El Mercat","818460009","Ajuntament de Rubí","Tarda (14 a 22)","41.4889123067","2.039203316","MULTILINESTRING ((419795.14706256305 4593478.710885038, 419795.06015008397 4593478.891013384))"
"370/2013","2013-11-12","2013","11","Dimarts","18:30:00","Col·lisió frontal","3","El Mercat","818460009","Ajuntament de Rubí","Tarda (14 a 22)",,,
"371/2013","2013-11-13","2013","11","Dimecres","06:00:00","Xoc sense sortida de via","2","Les Torres","818460009","Ajuntament de Rubí","Matí (06 a 14)",,,
"372/2013","2013-11-13","2013","11","Dimecres","12:30:00","Envestida","2","Can Vallhonrat","818460009","Ajuntament de Rubí","Matí (06 a 14)","41.4745937661","2.0329735701","MULTILINESTRING ((419257.2771311307 4591895.041965204, 419257.2841081742 4591894.842086938))"
"372/2013","2013-11-13","2013","11","Dimecres","12:30:00","Envestida","2","Can Vallhonrat","818460009","Ajuntament de Rubí","Matí (06 a 14)",,,
"373/2013","2013-11-14","2013","11","Dijous","11:00:00","Altres (incendi, explosió, esllavissada, etc.)","1","Zona Desconeguda","818460009","Ajuntament de Rubí","Matí (06 a 14)",,,
"374/2013","2013-11-14","2013","11","Dijous","13:45:00","Encalç","3","Zona Desconeguda","818460009","Ajuntament de Rubí","Matí (06 a 14)",,,
"375/2013","2013-11-15","2013","11","Divendres","07:40:00","Atropellament","3","Can Rosés","818460009","Ajuntament de Rubí","Matí (06 a 14)",,,
"377/2013","2013-11-16","2013","11","Dissabte","08:30:00","Altres (incendi, explosió, esllavissada, etc.)","0","Can Rosés","818460009","Ajuntament de Rubí","Matí (06 a 14)","41.5044337532","2.0356120099","MULTILINESTRING ((419514.45806367643 4595205.272223261, 419514.59485156863 4595205.418131015))"
"377/2013","2013-11-16","2013","11","Dissabte","08:30:00","Altres (incendi, explosió, esllavissada, etc.)","0","Can Rosés","818460009","Ajuntament de Rubí","Matí (06 a 14)",,,
"379/2013","2013-11-16","2013","11","Dissabte","08:30:00","Col·lisió frontal","2","Can Rosés","818460009","Ajuntament de Rubí","Matí (06 a 14)","41.5044337532","2.0356120099","MULTILINESTRING ((419514.45806367643 4595205.272223261, 419514.59485156863 4595205.418131015))"
"379/2013","2013-11-16","2013","11","Dissabte","08:30:00","Col·lisió frontal","2","Can Rosés","818460009","Ajuntament de Rubí","Matí (06 a 14)",,,
"378/2013","2013-11-16","2013","11","Dissabte","12:30:00","Encalç","2","Zona Desconeguda","818460009","Ajuntament de Rubí","Matí (06 a 14)",,,
"376/2013","2013-11-16","2013","11","Dissabte","13:10:00","Encalç","2","Centre","818460009","Ajuntament de Rubí","Matí (06 a 14)",,,
"380/2013","2013-11-17","2013","11","Diumenge","12:55:00","Xoc sense sortida de via","1","Zona Desconeguda","818460009","Ajuntament de Rubí","Matí (06 a 14)",,,
"381/2013","2013-11-18","2013","11","Dilluns","13:10:00","Sortida de via amb caiguda, bolcada, xoc","1","Zona Desconeguda","818460009","Ajuntament de Rubí","Matí (06 a 14)",,,
"382/2013","2013-11-19","2013","11","Dimarts","11:35:00","Sortida de via amb caiguda, bolcada, xoc","2","Zona Desconeguda","818460009","Ajuntament de Rubí","Matí (06 a 14)",,,
"383/2013","2013-11-19","2013","11","Dimarts","17:40:00","Encalç","2","Centre","818460009","Ajuntament de Rubí","Tarda (14 a 22)",,,
"384/2013","2013-11-20","2013","11","Dimecres","07:35:00","Encalç","2","Can Rosés","818460009","Ajuntament de Rubí","Matí (06 a 14)",,,
"385/2013","2013-11-20","2013","11","Dimecres","14:50:00","Encalç","2","Les Torres","818460009","Ajuntament de Rubí","Tarda (14 a 22)","41.4857059367","2.0316955492","MULTILINESTRING ((419164.3584816446 4593129.719819496, 419164.403475526 4593129.914692662))"
"385/2013","2013-11-20","2013","11","Dimecres","14:50:00","Encalç","2","Les Torres","818460009","Ajuntament de Rubí","Tarda (14 a 22)",,,
"386/2013","2013-11-21","2013","11","Dijous","12:26:00","Fregament negatiu (mateix sentit)","2","Les Torres","818460009","Ajuntament de Rubí","Matí (06 a 14)",,,
"388/2013","2013-11-22","2013","11","Divendres","13:20:00","Múltiple","6","Zona Desconeguda","818460009","Ajuntament de Rubí","Matí (06 a 14)",,,
"389/2013","2013-11-22","2013","11","Divendres","17:30:00","Sortida de via amb caiguda, bolcada, xoc","2","Ca n'Alzamora","818460009","Ajuntament de Rubí","Tarda (14 a 22)",,,
"387/2013","2013-11-22","2013","11","Divendres","18:50:00","Encalç","2","Sector Z","818460009","Ajuntament de Rubí","Tarda (14 a 22)",,,
"390/2013","2013-11-23","2013","11","Dissabte","17:00:00","Atropellament","2","Can Fatjó","818460009","Ajuntament de Rubí","Tarda (14 a 22)",,,
"391/2013","2013-11-23","2013","11","Dissabte","23:05:00","Envestida","2","Centre","818460009","Ajuntament de Rubí","Nit (22 a 06)",,,
"392/2013","2013-11-25","2013","11","Dilluns","17:45:00","Envestida","2","Centre","818460009","Ajuntament de Rubí","Tarda (14 a 22)",,,
"393/2013","2013-11-25","2013","11","Dilluns","18:30:00","Col·lisió frontal","2","El Mercat","818460009","Ajuntament de Rubí","Tarda (14 a 22)",,,
"394/2013","2013-11-26","2013","11","Dimarts","08:45:00","Encalç","2","Sector Z","818460009","Ajuntament de Rubí","Matí (06 a 14)",,,
"396/2013","2013-11-26","2013","11","Dimarts","11:40:00","Envestida","2","El Mercat","818460009","Ajuntament de Rubí","Matí (06 a 14)",,,
"395/2013","2013-11-26","2013","11","Dimarts","12:20:00","Atropellament","3","Centre","818460009","Ajuntament de Rubí","Matí (06 a 14)",,,
"397/2013","2013-11-26","2013","11","Dimarts","17:15:00","Xoc sense sortida de via","1","Ca n'Alzamora","818460009","Ajuntament de Rubí","Tarda (14 a 22)","41.483327782","2.0320170327","MULTILINESTRING ((419188.3629856427 4592865.507747865, 419188.16544752364 4592865.476463818))"
"397/2013","2013-11-26","2013","11","Dimarts","17:15:00","Xoc sense sortida de via","1","Ca n'Alzamora","818460009","Ajuntament de Rubí","Tarda (14 a 22)",,,
"398/2013","2013-11-27","2013","11","Dimecres","16:55:00","Col·lisió frontal","2","Centre","818460009","Ajuntament de Rubí","Tarda (14 a 22)","41.49499725","2.0360734032","MULTILINESTRING ((419541.25572026696 4594157.244790481, 419541.45169368916 4594157.2847206425))"
"398/2013","2013-11-27","2013","11","Dimecres","16:55:00","Col·lisió frontal","2","Centre","818460009","Ajuntament de Rubí","Tarda (14 a 22)",,,
"399/2013","2013-11-28","2013","11","Dijous","20:10:00","Fregament negatiu (mateix sentit)","2","Centre","818460009","Ajuntament de Rubí","Tarda (14 a 22)","41.4875897466","2.0298717747","MULTILINESTRING ((419014.37383844086 4593340.67274627, 419014.5733512545 4593340.658795027))"
"399/2013","2013-11-28","2013","11","Dijous","20:10:00","Fregament negatiu (mateix sentit)","2","Centre","818460009","Ajuntament de Rubí","Tarda (14 a 22)",,,
"400/2013","2013-11-29","2013","11","Divendres","14:05:00","Fregament negatiu (mateix sentit)","2","El Progrés - Rubí 2000","818460009","Ajuntament de Rubí","Tarda (14 a 22)",,,
"401/2013","2013-11-30","2013","11","Dissabte","11:45:00","Xoc sense sortida de via","1","Zona Desconeguda","818460009","Ajuntament de Rubí","Matí (06 a 14)",,,
"402/2013","2013-11-30","2013","11","Dissabte","17:00:00","Xoc sense sortida de via","2","Can Rosés","818460009","Ajuntament de Rubí","Tarda (14 a 22)",,,
"403/2013","2013-12-02","2013","12","Dilluns","23:40:00","Envestida","2","Centre","818460009","Ajuntament de Rubí","Nit (22 a 06)",,,
"404/2013","2013-12-04","2013","12","Dimecres","08:10:00","Envestida","2","Zona Nord - La Serreta","818460009","Ajuntament de Rubí","Matí (06 a 14)",,,
"405/2013","2013-12-04","2013","12","Dimecres","08:30:00","Fregament negatiu (mateix sentit)","2","Zona Desconeguda","818460009","Ajuntament de Rubí","Matí (06 a 14)",,,
"406/2013","2013-12-04","2013","12","Dimecres","17:15:00","Encalç","2","Zona Desconeguda","818460009","Ajuntament de Rubí","Tarda (14 a 22)",,,
"409/2013","2013-12-05","2013","12","Dijous","19:00:00","Envestida","2","Ca n'Oriol","818460009","Ajuntament de Rubí","Tarda (14 a 22)","41.5000678796","2.0406056427","MULTILINESTRING ((419925.9620303726 4594716.088782433, 419925.8560404966 4594715.9191765785))"
"409/2013","2013-12-05","2013","12","Dijous","19:00:00","Envestida","2","Ca n'Oriol","818460009","Ajuntament de Rubí","Tarda (14 a 22)",,,
"408/2013","2013-12-05","2013","12","Dijous","23:50:00","Altres (incendi, explosió, esllavissada, etc.)","1","El Mercat","818460009","Ajuntament de Rubí","Nit (22 a 06)","41.4872958942","2.0384568164","MULTILINESTRING ((419730.7725904353 4593299.939875331, 419730.8107539137 4593300.136200441))"
"408/2013","2013-12-05","2013","12","Dijous","23:50:00","Altres (incendi, explosió, esllavissada, etc.)","1","El Mercat","818460009","Ajuntament de Rubí","Nit (22 a 06)",,,
"407/2013","2013-12-08","2013","12","Diumenge","09:20:00","Sortida de via amb caiguda, bolcada, xoc","1","Can Ximelis - D4","818460009","Ajuntament de Rubí","Matí (06 a 14)",,,
"410/2013","2013-12-09","2013","12","Dilluns","09:00:00","Fregament negatiu (mateix sentit)","2","Zona Desconeguda","818460009","Ajuntament de Rubí","Matí (06 a 14)",,,
"411/2013","2013-12-10","2013","12","Dimarts","10:15:00","Xoc sense sortida de via","1","Sant Muç","818460009","Ajuntament de Rubí","Matí (06 a 14)",,,
"412/2013","2013-12-10","2013","12","Dimarts","13:06:00","Envestida","2","Centre","818460009","Ajuntament de Rubí","Matí (06 a 14)",,,
"413/2013","2013-12-10","2013","12","Dimarts","15:30:00","Xoc sense sortida de via","1","Sant Muç","818460009","Ajuntament de Rubí","Tarda (14 a 22)",,,
"414/2013","2013-12-11","2013","12","Dimecres","08:10:00","Col·lisió frontal","2","Centre","818460009","Ajuntament de Rubí","Matí (06 a 14)","41.4951847709","2.0318672961","MULTILINESTRING ((419190.50547843834 4594182.105723326, 419190.49500458455 4594181.905997768))"
"414/2013","2013-12-11","2013","12","Dimecres","08:10:00","Col·lisió frontal","2","Centre","818460009","Ajuntament de Rubí","Matí (06 a 14)",,,
"416/2013","2013-12-12","2013","12","Dijous","12:30:00","Encalç","2","Plana de Can Bertran","818460009","Ajuntament de Rubí","Matí (06 a 14)","41.490773378","2.0386248097","MULTILINESTRING ((419749.11082899256 4593685.855518689, 419749.1047053232 4593686.055424918))"
"416/2013","2013-12-12","2013","12","Dijous","12:30:00","Encalç","2","Plana de Can Bertran","818460009","Ajuntament de Rubí","Matí (06 a 14)",,,
"415/2013","2013-12-12","2013","12","Dijous","16:30:00","Fregament negatiu (mateix sentit)","2","Centre","818460009","Ajuntament de Rubí","Tarda (14 a 22)","41.4896954226","2.0335800733","MULTILINESTRING ((419326.5621435203 4593570.937933107, 419326.74885802687 4593571.009610808))"
"415/2013","2013-12-12","2013","12","Dijous","16:30:00","Fregament negatiu (mateix sentit)","2","Centre","818460009","Ajuntament de Rubí","Tarda (14 a 22)",,,
"417/2013","2013-12-14","2013","12","Dissabte","13:00:00","Múltiple","3","25 de Setembre","818460009","Ajuntament de Rubí","Matí (06 a 14)",,,
"418/2013","2013-12-17","2013","12","Dimarts","12:30:00","Encalç","2","El Progrés - Rubí 2000","818460009","Ajuntament de Rubí","Matí (06 a 14)",,,
"419/2013","2013-12-19","2013","12","Dijous","12:15:00","Encalç","2","El Progrés - Rubí 2000","818460009","Ajuntament de Rubí","Matí (06 a 14)",,,
"420/2013","2013-12-19","2013","12","Dijous","13:58:00","Fregament positiu (diferent sentit)","2","Can Solà","818460009","Ajuntament de Rubí","Matí (06 a 14)",,,
"421/2013","2013-12-19","2013","12","Dijous","19:30:00","Encalç","2","Can Fatjó","818460009","Ajuntament de Rubí","Tarda (14 a 22)","41.4838160021","2.02492515","MULTILINESTRING ((418596.84152849135 4592926.438453691, 418596.7679713218 4592926.252471588))"
"421/2013","2013-12-19","2013","12","Dijous","19:30:00","Encalç","2","Can Fatjó","818460009","Ajuntament de Rubí","Tarda (14 a 22)",,,
"422/2013","2013-12-21","2013","12","Dissabte","01:15:00","Xoc sense sortida de via","3","Can Fatjó","818460009","Ajuntament de Rubí","Nit (22 a 06)","41.485911297","2.0247487852","MULTILINESTRING ((418584.6479970263 4593159.050126973, 418584.7601293685 4593159.215735963))"
"422/2013","2013-12-21","2013","12","Dissabte","01:15:00","Xoc sense sortida de via","3","Can Fatjó","818460009","Ajuntament de Rubí","Nit (22 a 06)",,,
"423/2013","2013-12-21","2013","12","Dissabte","04:50:00","Fregament negatiu (mateix sentit)","2","Zona Desconeguda","818460009","Ajuntament de Rubí","Nit (22 a 06)",,,
"424/2013","2013-12-22","2013","12","Diumenge","08:20:00","Xoc sense sortida de via","1","El Progrés - Rubí 2000","818460009","Ajuntament de Rubí","Matí (06 a 14)",,,
"425/2013","2013-12-24","2013","12","Dimarts","09:00:00","Atropellament","2","Les Torres","818460009","Ajuntament de Rubí","Matí (06 a 14)",,,
"426/2013","2013-12-25","2013","12","Dimecres","02:00:00","Envestida","4","Centre","818460009","Ajuntament de Rubí","Nit (22 a 06)",,,
"427/2013","2013-12-25","2013","12","Dimecres","19:00:00","Xoc sense sortida de via","2","Centre","818460009","Ajuntament de Rubí","Tarda (14 a 22)",,,
"428/2013","2013-12-26","2013","12","Dijous","22:00:00","Sortida de via amb caiguda, bolcada, xoc","1","Sant Muç","818460009","Ajuntament de Rubí","Nit (22 a 06)","41.5109182014","2.0128223298","MULTILINESTRING ((417620.7556240546 4595946.824969857, 417620.7508654062 4595946.625026478))"
"428/2013","2013-12-26","2013","12","Dijous","22:00:00","Sortida de via amb caiguda, bolcada, xoc","1","Sant Muç","818460009","Ajuntament de Rubí","Nit (22 a 06)",,,
"429/2013","2013-12-27","2013","12","Divendres","12:35:00","Encalç","2","Ca n'Oriol","818460009","Ajuntament de Rubí","Matí (06 a 14)","41.4959344679","2.0397560468","MULTILINESTRING ((419849.9827813256 4594257.954240519, 419849.82097510074 4594257.836687356))"
"429/2013","2013-12-27","2013","12","Divendres","12:35:00","Encalç","2","Ca n'Oriol","818460009","Ajuntament de Rubí","Matí (06 a 14)",,,
"430/2013","2013-12-29","2013","12","Diumenge","19:53:00","Encalç","2","El Progrés - Rubí 2000","818460009","Ajuntament de Rubí","Tarda (14 a 22)","41.4861355674","2.0369595791","MULTILINESTRING ((419604.323949398 4593172.518078479, 419604.4100325306 4593172.698604639))"
"430/2013","2013-12-29","2013","12","Diumenge","19:53:00","Encalç","2","El Progrés - Rubí 2000","818460009","Ajuntament de Rubí","Tarda (14 a 22)",,,
"431/2013","2013-12-31","2013","12","Dimarts","15:41:00","Envestida","2","Zona Desconeguda","818460009","Ajuntament de Rubí","Tarda (14 a 22)",,,
