"ID","DATA_ACCIDENT",ANY_ACCIDENT,MES_ACCIDENT,"DIA_SETMANA_ACCIDENT","HORA_ACCIDENT","TIPUS_ACCIDENT",N_IMPLICATS,"ZONA","CODI_ENS","NOM_ENS","TRAM_HORARI",LATITUD,LONGITUD,"PUNT_ACCIDENT"
"1/2010","2010-01-03","2010","1","Diumenge","20:30:00","Xoc sense sortida de via","1","Sector Z","818460009","Ajuntament de Rubí","Tarda (14 a 22)",,,
"2/2010","2010-01-04","2010","1","Dilluns","20:53:00","Sortida de via amb caiguda, bolcada, xoc","1","Sant Jordi Parc","818460009","Ajuntament de Rubí","Tarda (14 a 22)","41.4904966654","2.0195472185","MULTILINESTRING ((418156.1437462496 4593673.077222452, 418156.329161666 4593673.152196602))"
"2/2010","2010-01-04","2010","1","Dilluns","20:53:00","Sortida de via amb caiguda, bolcada, xoc","1","Sant Jordi Parc","818460009","Ajuntament de Rubí","Tarda (14 a 22)",,,
"3/2010","2010-01-05","2010","1","Dimarts","20:30:00","Encalç","3","Sector Z","818460009","Ajuntament de Rubí","Tarda (14 a 22)",,,
"4/2010","2010-01-06","2010","1","Dimecres","11:29:00","Sortida de via amb caiguda, bolcada, xoc","6","Zona Desconeguda","818460009","Ajuntament de Rubí","Matí (06 a 14)",,,
"8/2010","2010-01-07","2010","1","Dijous","19:00:00","Atropellament","3","Les Torres","818460009","Ajuntament de Rubí","Tarda (14 a 22)",,,
"5/2010","2010-01-07","2010","1","Dijous","22:30:00","Xoc sense sortida de via","1","Sant Muç","818460009","Ajuntament de Rubí","Nit (22 a 06)","41.5173966042","2.0105905106","MULTILINESTRING ((417442.7420745505 4596668.196195869, 417442.7384994007 4596667.996227825))"
"5/2010","2010-01-07","2010","1","Dijous","22:30:00","Xoc sense sortida de via","1","Sant Muç","818460009","Ajuntament de Rubí","Nit (22 a 06)",,,
"6/2010","2010-01-08","2010","1","Divendres","01:15:00","Sortida de via amb caiguda, bolcada, xoc","1","El Mercat","818460009","Ajuntament de Rubí","Nit (22 a 06)","41.4871025299","2.0370823698","MULTILINESTRING ((419615.72400026873 4593279.892598544, 419615.9022003584 4593279.801798061))"
"6/2010","2010-01-08","2010","1","Divendres","01:15:00","Sortida de via amb caiguda, bolcada, xoc","1","El Mercat","818460009","Ajuntament de Rubí","Nit (22 a 06)",,,
"7/2010","2010-01-08","2010","1","Divendres","07:45:00","Col·lisió frontal","2","Can Solà","818460009","Ajuntament de Rubí","Matí (06 a 14)","41.5335793034","2.0044956938","MULTILINESTRING ((416954.96359027183 4598470.523149206, 416954.7837870292 4598470.610732275))"
"7/2010","2010-01-08","2010","1","Divendres","07:45:00","Col·lisió frontal","2","Can Solà","818460009","Ajuntament de Rubí","Matí (06 a 14)",,,
"10/2010","2010-01-08","2010","1","Divendres","09:00:00","Fregament negatiu (mateix sentit)","2","Zona Nord - La Serreta","818460009","Ajuntament de Rubí","Matí (06 a 14)",,,
"13/2010","2010-01-08","2010","1","Divendres","19:10:00","Altres (incendi, explosió, esllavissada, etc.)","1","Zona Desconeguda","818460009","Ajuntament de Rubí","Tarda (14 a 22)",,,
"11/2010","2010-01-09","2010","1","Dissabte","19:15:00","Xoc sense sortida de via","1","Can Rosés","818460009","Ajuntament de Rubí","Tarda (14 a 22)",,,
"12/2010","2010-01-10","2010","1","Diumenge","11:15:00","Sortida de via amb caiguda, bolcada, xoc","2","Can Rosés","818460009","Ajuntament de Rubí","Matí (06 a 14)","41.505255395","2.0385997141","MULTILINESTRING ((419764.95749322587 4595293.861675459, 419764.8230909678 4595293.713567277))"
"12/2010","2010-01-10","2010","1","Diumenge","11:15:00","Sortida de via amb caiguda, bolcada, xoc","2","Can Rosés","818460009","Ajuntament de Rubí","Matí (06 a 14)",,,
"9/2010","2010-01-10","2010","1","Diumenge","13:10:00","Encalç","2","Can Fatjó","818460009","Ajuntament de Rubí","Matí (06 a 14)","41.4867892246","2.0238041181","MULTILINESTRING ((418507.0188945245 4593257.428017002, 418506.86352603254 4593257.553955999))"
"9/2010","2010-01-10","2010","1","Diumenge","13:10:00","Encalç","2","Can Fatjó","818460009","Ajuntament de Rubí","Matí (06 a 14)",,,
"17/2010","2010-01-11","2010","1","Dilluns","09:00:00","Xoc sense sortida de via","1","Ca n'Oriol","818460009","Ajuntament de Rubí","Matí (06 a 14)","41.4981211636","2.0425858778","MULTILINESTRING ((420088.8685041889 4594498.112582041, 420088.72033891856 4594497.978242722))"
"17/2010","2010-01-11","2010","1","Dilluns","09:00:00","Xoc sense sortida de via","1","Ca n'Oriol","818460009","Ajuntament de Rubí","Matí (06 a 14)",,,
"14/2010","2010-01-11","2010","1","Dilluns","09:30:00","Envestida","2","Can Fatjó","818460009","Ajuntament de Rubí","Matí (06 a 14)","41.4693172914","2.0108981819","MULTILINESTRING ((417407.42184043466 4591330.060461037, 417407.29078724596 4591329.909381382))"
"14/2010","2010-01-11","2010","1","Dilluns","09:30:00","Envestida","2","Can Fatjó","818460009","Ajuntament de Rubí","Matí (06 a 14)",,,
"15/2010","2010-01-11","2010","1","Dilluns","12:12:00","Envestida","2","Can Rosés","818460009","Ajuntament de Rubí","Matí (06 a 14)",,,
"18/2010","2010-01-12","2010","1","Dimarts","05:30:00","Fregament negatiu (mateix sentit)","4","Can Fatjó","818460009","Ajuntament de Rubí","Nit (22 a 06)",,,
"16/2010","2010-01-12","2010","1","Dimarts","08:15:00","Fregament positiu (diferent sentit)","2","Plana de Can Bertran","818460009","Ajuntament de Rubí","Matí (06 a 14)","41.4931491378","2.0371771971","MULTILINESTRING ((419631.2377000093 4593951.152980026, 419631.16930001235 4593950.965040033))"
"16/2010","2010-01-12","2010","1","Dimarts","08:15:00","Fregament positiu (diferent sentit)","2","Plana de Can Bertran","818460009","Ajuntament de Rubí","Matí (06 a 14)",,,
"20/2010","2010-01-12","2010","1","Dimarts","16:35:00","Envestida","2","Zona Desconeguda","818460009","Ajuntament de Rubí","Tarda (14 a 22)",,,
"19/2010","2010-01-12","2010","1","Dimarts","19:45:00","Xoc sense sortida de via","2","Zona Desconeguda","818460009","Ajuntament de Rubí","Tarda (14 a 22)",,,
"21/2010","2010-01-13","2010","1","Dimecres","14:00:00","Encalç","2","Centre","818460009","Ajuntament de Rubí","Tarda (14 a 22)",,,
"22/2010","2010-01-13","2010","1","Dimecres","18:15:00","Encalç","2","Zona Nord - La Serreta","818460009","Ajuntament de Rubí","Tarda (14 a 22)","41.4983407625","2.0317437961","MULTILINESTRING ((419184.1494735187 4594532.596789666, 419184.0810646916 4594532.408852887))"
"22/2010","2010-01-13","2010","1","Dimecres","18:15:00","Encalç","2","Zona Nord - La Serreta","818460009","Ajuntament de Rubí","Tarda (14 a 22)",,,
"23/2010","2010-01-13","2010","1","Dimecres","19:50:00","Envestida","2","Centre","818460009","Ajuntament de Rubí","Tarda (14 a 22)",,,
"24/2010","2010-01-14","2010","1","Dijous","18:40:00","Fregament negatiu (mateix sentit)","2","Can Vallhonrat","818460009","Ajuntament de Rubí","Tarda (14 a 22)","41.4741889365","2.0311625954","MULTILINESTRING ((419105.6664662536 4591851.686061168, 419105.4665883382 4591851.693048223))"
"24/2010","2010-01-14","2010","1","Dijous","18:40:00","Fregament negatiu (mateix sentit)","2","Can Vallhonrat","818460009","Ajuntament de Rubí","Tarda (14 a 22)",,,
"25/2010","2010-01-15","2010","1","Divendres","13:55:00","Xoc sense sortida de via","2","Can Rosés","818460009","Ajuntament de Rubí","Matí (06 a 14)","41.504273753","2.0330730106","MULTILINESTRING ((419302.4039112966 4595189.8512575235, 419302.44928172894 4595190.046043364))"
"25/2010","2010-01-15","2010","1","Divendres","13:55:00","Xoc sense sortida de via","2","Can Rosés","818460009","Ajuntament de Rubí","Matí (06 a 14)",,,
"27/2010","2010-01-15","2010","1","Divendres","18:30:00","Envestida","2","El Mercat","818460009","Ajuntament de Rubí","Tarda (14 a 22)","41.4872958942","2.0384568164","MULTILINESTRING ((419730.7725904353 4593299.939875331, 419730.8107539137 4593300.136200441))"
"27/2010","2010-01-15","2010","1","Divendres","18:30:00","Envestida","2","El Mercat","818460009","Ajuntament de Rubí","Tarda (14 a 22)",,,
"26/2010","2010-01-16","2010","1","Dissabte","22:30:00","Xoc sense sortida de via","2","Ca n'Oriol","818460009","Ajuntament de Rubí","Nit (22 a 06)","41.4970695879","2.0385360243","MULTILINESTRING ((419749.46631372895 4594385.149254464, 419749.47085163847 4594384.9493059525))"
"26/2010","2010-01-16","2010","1","Dissabte","22:30:00","Xoc sense sortida de via","2","Ca n'Oriol","818460009","Ajuntament de Rubí","Nit (22 a 06)",,,
"28/2010","2010-01-19","2010","1","Dimarts","11:35:00","Envestida","2","Zona Nord - La Serreta","818460009","Ajuntament de Rubí","Matí (06 a 14)","41.5004894111","2.0333640817","MULTILINESTRING ((419322.04740321694 4594769.631565634, 419321.9957376227 4594769.438354179))"
"28/2010","2010-01-19","2010","1","Dimarts","11:35:00","Envestida","2","Zona Nord - La Serreta","818460009","Ajuntament de Rubí","Matí (06 a 14)",,,
"29/2010","2010-01-19","2010","1","Dimarts","13:40:00","Col·lisió frontal","2","Zona Nord - La Serreta","818460009","Ajuntament de Rubí","Matí (06 a 14)","41.5021386392","2.0341453082","MULTILINESTRING ((419389.3612656617 4594951.8623514585, 419389.1807875488 4594951.9485352775))"
"29/2010","2010-01-19","2010","1","Dimarts","13:40:00","Col·lisió frontal","2","Zona Nord - La Serreta","818460009","Ajuntament de Rubí","Matí (06 a 14)",,,
"30/2010","2010-01-19","2010","1","Dimarts","15:05:00","Envestida","2","Sector Z","818460009","Ajuntament de Rubí","Tarda (14 a 22)",,,
"31/2010","2010-01-19","2010","1","Dimarts","21:05:00","Col·lisió frontal","2","Plana de Can Bertran","818460009","Ajuntament de Rubí","Tarda (14 a 22)","41.4942739383","2.0353138334","MULTILINESTRING ((419477.05419574946 4594077.769000762, 419477.05786099925 4594077.569034349))"
"31/2010","2010-01-19","2010","1","Dimarts","21:05:00","Col·lisió frontal","2","Plana de Can Bertran","818460009","Ajuntament de Rubí","Tarda (14 a 22)",,,
"32/2010","2010-01-20","2010","1","Dimecres","08:00:00","Fregament negatiu (mateix sentit)","3","Ca n'Oriol","818460009","Ajuntament de Rubí","Matí (06 a 14)",,,
"33/2010","2010-01-20","2010","1","Dimecres","13:00:00","Col·lisió frontal","2","Can Rosés","818460009","Ajuntament de Rubí","Matí (06 a 14)","41.5051606185","2.0452022704","MULTILINESTRING ((420315.7086460932 4595277.138981239, 420315.90476145776 4595277.1782083195))"
"33/2010","2010-01-20","2010","1","Dimecres","13:00:00","Col·lisió frontal","2","Can Rosés","818460009","Ajuntament de Rubí","Matí (06 a 14)",,,
"34/2010","2010-01-20","2010","1","Dimecres","18:15:00",,"2","Les Torres","818460009","Ajuntament de Rubí","Tarda (14 a 22)",,,
"35/2010","2010-01-21","2010","1","Dijous","09:40:00","Xoc sense sortida de via","1","Zona Nord - La Serreta","818460009","Ajuntament de Rubí","Matí (06 a 14)","41.499939341","2.032461208","MULTILINESTRING ((419246.01436973934 4594709.402754593, 419245.9477596523 4594709.214172788))"
"35/2010","2010-01-21","2010","1","Dijous","09:40:00","Xoc sense sortida de via","1","Zona Nord - La Serreta","818460009","Ajuntament de Rubí","Matí (06 a 14)",,,
"36/2010","2010-01-21","2010","1","Dijous","21:40:00","Envestida","2","Zona Nord - La Serreta","818460009","Ajuntament de Rubí","Tarda (14 a 22)","41.5013578819","2.0377517876","MULTILINESTRING ((419689.30209488573 4594861.968304218, 419689.31475984753 4594861.768705623))"
"36/2010","2010-01-21","2010","1","Dijous","21:40:00","Envestida","2","Zona Nord - La Serreta","818460009","Ajuntament de Rubí","Tarda (14 a 22)",,,
"37/2010","2010-01-22","2010","1","Divendres","00:15:00","Sortida de via amb caiguda, bolcada, xoc","1","Zona Desconeguda","818460009","Ajuntament de Rubí","Nit (22 a 06)",,,
"39/2010","2010-01-22","2010","1","Divendres","15:45:00","Xoc sense sortida de via","1","Can Fatjó","818460009","Ajuntament de Rubí","Tarda (14 a 22)",,,
"38/2010","2010-01-22","2010","1","Divendres","17:00:00","Xoc sense sortida de via","2","Centre","818460009","Ajuntament de Rubí","Tarda (14 a 22)",,,
"40/2010","2010-01-23","2010","1","Dissabte","01:15:00","Envestida","2","Centre","818460009","Ajuntament de Rubí","Nit (22 a 06)",,,
"41/2010","2010-01-25","2010","1","Dilluns","07:20:00","Encalç","3","25 de Setembre","818460009","Ajuntament de Rubí","Matí (06 a 14)","41.4855296456","2.0407482954","MULTILINESTRING ((419919.9971332737 4593101.773202839, 419919.82404436485 4593101.873403785))"
"41/2010","2010-01-25","2010","1","Dilluns","07:20:00","Encalç","3","25 de Setembre","818460009","Ajuntament de Rubí","Matí (06 a 14)",,,
"42/2010","2010-01-27","2010","1","Dimecres","05:05:00","Envestida","2","Zona Desconeguda","818460009","Ajuntament de Rubí","Nit (22 a 06)",,,
"44/2010","2010-01-27","2010","1","Dimecres","08:10:00","Xoc sense sortida de via","2","Can Rosés","818460009","Ajuntament de Rubí","Matí (06 a 14)","41.5003061168","2.0394084316","MULTILINESTRING ((419826.20839355426 4594743.491721411, 419826.3490247389 4594743.633928549))"
"44/2010","2010-01-27","2010","1","Dimecres","08:10:00","Xoc sense sortida de via","2","Can Rosés","818460009","Ajuntament de Rubí","Matí (06 a 14)",,,
"43/2010","2010-01-27","2010","1","Dimecres","09:30:00","Altres (incendi, explosió, esllavissada, etc.)","1","Sant Muç","818460009","Ajuntament de Rubí","Matí (06 a 14)","41.5085863367","2.0136656331","MULTILINESTRING ((417688.13182050816 4595687.125852273, 417688.2145606774 4595686.943769697))"
"43/2010","2010-01-27","2010","1","Dimecres","09:30:00","Altres (incendi, explosió, esllavissada, etc.)","1","Sant Muç","818460009","Ajuntament de Rubí","Matí (06 a 14)",,,
"45/2010","2010-01-31","2010","1","Diumenge","04:45:00","Xoc sense sortida de via","1","Zona Desconeguda","818460009","Ajuntament de Rubí","Nit (22 a 06)",,,
"48/2010","2010-02-01","2010","2","Dilluns","08:15:00","Envestida","2","Centre","818460009","Ajuntament de Rubí","Matí (06 a 14)",,,
"46/2010","2010-02-01","2010","2","Dilluns","13:23:00","Xoc sense sortida de via","1","Centre","818460009","Ajuntament de Rubí","Matí (06 a 14)","41.4886472557","2.0311799641","MULTILINESTRING ((419124.99152156146 4593456.747276674, 419125.00199541537 4593456.947002229))"
"46/2010","2010-02-01","2010","2","Dilluns","13:23:00","Xoc sense sortida de via","1","Centre","818460009","Ajuntament de Rubí","Matí (06 a 14)",,,
"47/2010","2010-02-01","2010","2","Dilluns","14:48:00","Encalç","2","Zona Desconeguda","818460009","Ajuntament de Rubí","Tarda (14 a 22)",,,
"49/2010","2010-02-02","2010","2","Dimarts","18:45:00","Atropellament","2","Centre","818460009","Ajuntament de Rubí","Tarda (14 a 22)",,,
"51/2010","2010-02-03","2010","2","Dimecres","11:00:00",,"1","Sant Muç","818460009","Ajuntament de Rubí","Matí (06 a 14)",,,
"50/2010","2010-02-03","2010","2","Dimecres","11:30:00","Xoc sense sortida de via","2","Zona Nord - La Serreta","818460009","Ajuntament de Rubí","Matí (06 a 14)",,,
"52/2010","2010-02-05","2010","2","Divendres","19:00:00","Xoc sense sortida de via","2","Plana de Can Bertran","818460009","Ajuntament de Rubí","Tarda (14 a 22)","41.4928130839","2.0350989083","MULTILINESTRING ((419457.23724176566 4593915.756192823, 419457.3749890209 4593915.611190431))"
"52/2010","2010-02-05","2010","2","Divendres","19:00:00","Xoc sense sortida de via","2","Plana de Can Bertran","818460009","Ajuntament de Rubí","Tarda (14 a 22)",,,
"53/2010","2010-02-06","2010","2","Dissabte","11:50:00","Col·lisió frontal","2","Castellnou - Can Mir","818460009","Ajuntament de Rubí","Matí (06 a 14)","41.5342699893","1.9956167858","MULTILINESTRING ((416215.04989920376 4598555.916834618, 416215.1018989385 4598555.7237128215))"
"53/2010","2010-02-06","2010","2","Dissabte","11:50:00","Col·lisió frontal","2","Castellnou - Can Mir","818460009","Ajuntament de Rubí","Matí (06 a 14)",,,
"54/2010","2010-02-07","2010","2","Diumenge","11:45:00","Xoc sense sortida de via","2","Zona Desconeguda","818460009","Ajuntament de Rubí","Matí (06 a 14)",,,
"55/2010","2010-02-09","2010","2","Dimarts","15:33:00","Xoc sense sortida de via","1","Sant Muç","818460009","Ajuntament de Rubí","Tarda (14 a 22)",,,
"57/2010","2010-02-09","2010","2","Dimarts","20:40:00","Envestida","4","Zona Nord - La Serreta","818460009","Ajuntament de Rubí","Tarda (14 a 22)","41.4999175604","2.0321976474","MULTILINESTRING ((419223.9222339135 4594707.042467635, 419223.98994521785 4594707.230656845))"
"57/2010","2010-02-09","2010","2","Dimarts","20:40:00","Envestida","4","Zona Nord - La Serreta","818460009","Ajuntament de Rubí","Tarda (14 a 22)",,,
"56/2010","2010-02-09","2010","2","Dimarts","21:20:00","Altres (incendi, explosió, esllavissada, etc.)","1","Zona Desconeguda","818460009","Ajuntament de Rubí","Tarda (14 a 22)",,,
"58/2010","2010-02-10","2010","2","Dimecres","15:48:00","Xoc sense sortida de via","1","Centre","818460009","Ajuntament de Rubí","Tarda (14 a 22)",,,
"59/2010","2010-02-12","2010","2","Divendres","07:22:00","Sortida de via amb caiguda, bolcada, xoc","1","Can Fatjó","818460009","Ajuntament de Rubí","Matí (06 a 14)",,,
"60/2010","2010-02-13","2010","2","Dissabte","03:05:00","Col·lisió frontal","2","Ca n'Oriol","818460009","Ajuntament de Rubí","Nit (22 a 06)",,,
"61/2010","2010-02-14","2010","2","Diumenge","12:30:00","Envestida","2","Can Rosés","818460009","Ajuntament de Rubí","Matí (06 a 14)",,,
"63/2010","2010-02-14","2010","2","Diumenge","13:20:00","Fregament positiu (diferent sentit)","2","Centre","818460009","Ajuntament de Rubí","Matí (06 a 14)","41.4966495386","2.0309105819","MULTILINESTRING ((419112.4550183964 4594345.421012999, 419112.4759245283 4594345.619917332))"
"63/2010","2010-02-14","2010","2","Diumenge","13:20:00","Fregament positiu (diferent sentit)","2","Centre","818460009","Ajuntament de Rubí","Matí (06 a 14)",,,
"62/2010","2010-02-14","2010","2","Diumenge","22:00:00","Xoc sense sortida de via","2","Zona Nord - La Serreta","818460009","Ajuntament de Rubí","Nit (22 a 06)",,,
"64/2010","2010-02-16","2010","2","Dimarts","11:33:00","Xoc sense sortida de via","1","Can Serrafossà - La Perla","818460009","Ajuntament de Rubí","Matí (06 a 14)","41.487962806","2.0091903284","MULTILINESTRING ((417288.482432978 4593401.753606795, 417288.43034397054 4593401.56050906))"
"64/2010","2010-02-16","2010","2","Dimarts","11:33:00","Xoc sense sortida de via","1","Can Serrafossà - La Perla","818460009","Ajuntament de Rubí","Matí (06 a 14)",,,
"65/2010","2010-02-16","2010","2","Dimarts","19:35:00","Xoc sense sortida de via","1","Sector Z","818460009","Ajuntament de Rubí","Tarda (14 a 22)",,,
"66/2010","2010-02-16","2010","2","Dimarts","19:50:00","Xoc sense sortida de via","2","Centre","818460009","Ajuntament de Rubí","Tarda (14 a 22)",,,
"71/2010","2010-02-17","2010","2","Dimecres","18:25:00","Envestida","2","Zona Desconeguda","818460009","Ajuntament de Rubí","Tarda (14 a 22)",,,
"73/2010","2010-02-18","2010","2","Dijous","14:00:00","Xoc sense sortida de via","2","Centre","818460009","Ajuntament de Rubí","Tarda (14 a 22)","41.491409923","2.0326573231","MULTILINESTRING ((419251.65658387437 4593762.19229595, 419251.85517849925 4593762.168627933))"
"73/2010","2010-02-18","2010","2","Dijous","14:00:00","Xoc sense sortida de via","2","Centre","818460009","Ajuntament de Rubí","Tarda (14 a 22)",,,
"74/2010","2010-02-18","2010","2","Dijous","15:10:00","Envestida","2","Zona Desconeguda","818460009","Ajuntament de Rubí","Tarda (14 a 22)",,,
"68/2010","2010-02-18","2010","2","Dijous","16:05:00","Envestida","2","Can Rosés","818460009","Ajuntament de Rubí","Tarda (14 a 22)",,,
"67/2010","2010-02-18","2010","2","Dijous","17:50:00","Encalç","2","Sector Z","818460009","Ajuntament de Rubí","Tarda (14 a 22)",,,
"72/2010","2010-02-18","2010","2","Dijous","18:50:00","Envestida","2","Plana de Can Bertran","818460009","Ajuntament de Rubí","Tarda (14 a 22)","41.4942739383","2.0353138334","MULTILINESTRING ((419477.05419574946 4594077.769000762, 419477.05786099925 4594077.569034349))"
"72/2010","2010-02-18","2010","2","Dijous","18:50:00","Envestida","2","Plana de Can Bertran","818460009","Ajuntament de Rubí","Tarda (14 a 22)",,,
"70/2010","2010-02-19","2010","2","Divendres","01:05:00","Fregament positiu (diferent sentit)","2","Castellnou - Can Mir","818460009","Ajuntament de Rubí","Nit (22 a 06)",,,
"69/2010","2010-02-19","2010","2","Divendres","14:30:00","Envestida","2","Sector Z","818460009","Ajuntament de Rubí","Tarda (14 a 22)",,,
"76/2010","2010-02-20","2010","2","Dissabte","10:15:00","Altres (incendi, explosió, esllavissada, etc.)","2","Centre","818460009","Ajuntament de Rubí","Matí (06 a 14)",,,
"75/2010","2010-02-20","2010","2","Dissabte","15:10:00","Encalç","2","Les Torres","818460009","Ajuntament de Rubí","Tarda (14 a 22)",,,
"78/2010","2010-02-21","2010","2","Diumenge","11:30:00","Xoc sense sortida de via","2","Castellnou - Can Mir","818460009","Ajuntament de Rubí","Matí (06 a 14)","41.5160874328","2.0024728855","MULTILINESTRING ((416763.63486740255 4596530.599251491, 416763.78935653664 4596530.472235319))"
"78/2010","2010-02-21","2010","2","Diumenge","11:30:00","Xoc sense sortida de via","2","Castellnou - Can Mir","818460009","Ajuntament de Rubí","Matí (06 a 14)",,,
"77/2010","2010-02-22","2010","2","Dilluns","12:50:00","Fregament positiu (diferent sentit)","2","Zona Desconeguda","818460009","Ajuntament de Rubí","Matí (06 a 14)",,,
"84/2010","2010-02-23","2010","2","Dimarts","00:30:00","Xoc sense sortida de via","1","Centre","818460009","Ajuntament de Rubí","Nit (22 a 06)",,,
"79/2010","2010-02-23","2010","2","Dimarts","12:12:00","Envestida","2","Can Fatjó","818460009","Ajuntament de Rubí","Matí (06 a 14)",,,
"80/2010","2010-02-26","2010","2","Divendres","12:05:00","Encalç","2","Centre","818460009","Ajuntament de Rubí","Matí (06 a 14)","41.4899373179","2.0341038589","MULTILINESTRING ((419370.63593077555 4593597.250821245, 419370.7235743675 4593597.430594995))"
"80/2010","2010-02-26","2010","2","Divendres","12:05:00","Encalç","2","Centre","818460009","Ajuntament de Rubí","Matí (06 a 14)",,,
"81/2010","2010-02-26","2010","2","Divendres","14:10:00","Xoc sense sortida de via","1","Sant Muç","818460009","Ajuntament de Rubí","Tarda (14 a 22)",,,
"82/2010","2010-02-27","2010","2","Dissabte","15:50:00","Envestida","2","Zona Nord - La Serreta","818460009","Ajuntament de Rubí","Tarda (14 a 22)",,,
"83/2010","2010-03-01","2010","3","Dilluns","17:05:00","Xoc sense sortida de via","1","Centre","818460009","Ajuntament de Rubí","Tarda (14 a 22)",,,
"85/2010","2010-03-04","2010","3","Dijous","03:00:00","Xoc sense sortida de via","2","Centre","818460009","Ajuntament de Rubí","Nit (22 a 06)",,,
"87/2010","2010-03-04","2010","3","Dijous","08:25:00","Envestida","2","Zona Desconeguda","818460009","Ajuntament de Rubí","Matí (06 a 14)",,,
"86/2010","2010-03-04","2010","3","Dijous","19:40:00","Envestida","2","Centre","818460009","Ajuntament de Rubí","Tarda (14 a 22)","41.4941719911","2.0335792489","MULTILINESTRING ((419332.1863985457 4594068.056599731, 419332.09559806087 4594067.878399641))"
"86/2010","2010-03-04","2010","3","Dijous","19:40:00","Envestida","2","Centre","818460009","Ajuntament de Rubí","Tarda (14 a 22)",,,
"88/2010","2010-03-05","2010","3","Divendres","13:50:00","Envestida","2","Les Torres","818460009","Ajuntament de Rubí","Matí (06 a 14)",,,
"89/2010","2010-03-06","2010","3","Dissabte","18:10:00","Envestida","2","El Mercat","818460009","Ajuntament de Rubí","Tarda (14 a 22)",,,
"90/2010","2010-03-07","2010","3","Diumenge","15:25:00","Sortida de via amb caiguda, bolcada, xoc","1","Can Vallhonrat","818460009","Ajuntament de Rubí","Tarda (14 a 22)","41.4741889365","2.0311625954","MULTILINESTRING ((419105.6664662536 4591851.686061168, 419105.4665883382 4591851.693048223))"
"90/2010","2010-03-07","2010","3","Diumenge","15:25:00","Sortida de via amb caiguda, bolcada, xoc","1","Can Vallhonrat","818460009","Ajuntament de Rubí","Tarda (14 a 22)",,,
"91/2010","2010-03-09","2010","3","Dimarts","06:30:00","Múltiple","3","Sector Z","818460009","Ajuntament de Rubí","Matí (06 a 14)",,,
"92/2010","2010-03-09","2010","3","Dimarts","09:30:00","Encalç","2","Zona Desconeguda","818460009","Ajuntament de Rubí","Matí (06 a 14)",,,
"93/2010","2010-03-10","2010","3","Dimecres","12:22:00","Envestida","2","Centre","818460009","Ajuntament de Rubí","Matí (06 a 14)",,,
"94/2010","2010-03-11","2010","3","Dijous","06:46:00","Xoc sense sortida de via","2","Centre","818460009","Ajuntament de Rubí","Matí (06 a 14)",,,
"96/2010","2010-03-11","2010","3","Dijous","11:20:00","Envestida","2","Can Vallhonrat","818460009","Ajuntament de Rubí","Matí (06 a 14)","41.4741889365","2.0311625954","MULTILINESTRING ((419105.6664662536 4591851.686061168, 419105.4665883382 4591851.693048223))"
"96/2010","2010-03-11","2010","3","Dijous","11:20:00","Envestida","2","Can Vallhonrat","818460009","Ajuntament de Rubí","Matí (06 a 14)",,,
"95/2010","2010-03-11","2010","3","Dijous","11:36:00","Xoc sense sortida de via","2","Zona Nord - La Serreta","818460009","Ajuntament de Rubí","Matí (06 a 14)","41.4967299994","2.0313789933","MULTILINESTRING ((419151.6282308098 4594354.108912378, 419151.6981077463 4594353.921516501))"
"95/2010","2010-03-11","2010","3","Dijous","11:36:00","Xoc sense sortida de via","2","Zona Nord - La Serreta","818460009","Ajuntament de Rubí","Matí (06 a 14)",,,
"100/2010","2010-03-13","2010","3","Dissabte","02:35:00","Sortida de via amb caiguda, bolcada, xoc","1","Zona Desconeguda","818460009","Ajuntament de Rubí","Nit (22 a 06)",,,
"101/2010","2010-03-15","2010","3","Dilluns","23:55:00","Sortida de via amb caiguda, bolcada, xoc","1","Zona Desconeguda","818460009","Ajuntament de Rubí","Nit (22 a 06)",,,
"97/2010","2010-03-16","2010","3","Dimarts","08:34:00","Fregament negatiu (mateix sentit)","2","El Mercat","818460009","Ajuntament de Rubí","Matí (06 a 14)","41.4895704446","2.0342192431","MULTILINESTRING ((419379.9262922475 4593556.430591584, 419379.7873563299 4593556.574455448))"
"97/2010","2010-03-16","2010","3","Dimarts","08:34:00","Fregament negatiu (mateix sentit)","2","El Mercat","818460009","Ajuntament de Rubí","Matí (06 a 14)",,,
"99/2010","2010-03-16","2010","3","Dimarts","08:38:00","Xoc sense sortida de via","1","El Progrés - Rubí 2000","818460009","Ajuntament de Rubí","Matí (06 a 14)",,,
"98/2010","2010-03-16","2010","3","Dimarts","15:50:00","Altres (incendi, explosió, esllavissada, etc.)","1","Zona Desconeguda","818460009","Ajuntament de Rubí","Tarda (14 a 22)",,,
"102/2010","2010-03-17","2010","3","Dimecres","14:40:00","Encalç","2","Sector Z","818460009","Ajuntament de Rubí","Tarda (14 a 22)","41.4899994928","2.0396492502","MULTILINESTRING ((419833.57198312454 4593599.067516278, 419833.7678108326 4593599.108155037))"
"102/2010","2010-03-17","2010","3","Dimecres","14:40:00","Encalç","2","Sector Z","818460009","Ajuntament de Rubí","Tarda (14 a 22)",,,
"103/2010","2010-03-17","2010","3","Dimecres","17:00:00","Xoc sense sortida de via","2","Ca n'Oriol","818460009","Ajuntament de Rubí","Tarda (14 a 22)","41.4967848097","2.039645159","MULTILINESTRING ((419841.7321276962 4594352.496793058, 419841.6572035951 4594352.311357411))"
"103/2010","2010-03-17","2010","3","Dimecres","17:00:00","Xoc sense sortida de via","2","Ca n'Oriol","818460009","Ajuntament de Rubí","Tarda (14 a 22)",,,
"104/2010","2010-03-18","2010","3","Dijous","07:55:00","Múltiple","4","Sector Z","818460009","Ajuntament de Rubí","Matí (06 a 14)",,,
"105/2010","2010-03-19","2010","3","Divendres","01:58:00","Xoc sense sortida de via","1","Centre","818460009","Ajuntament de Rubí","Nit (22 a 06)","41.4909665266","2.0315084583","MULTILINESTRING ((419155.3235541741 4593714.125411187, 419155.28197223204 4593713.929781582))"
"105/2010","2010-03-19","2010","3","Divendres","01:58:00","Xoc sense sortida de via","1","Centre","818460009","Ajuntament de Rubí","Nit (22 a 06)",,,
"106/2010","2010-03-19","2010","3","Divendres","23:45:00","Sortida de via amb caiguda, bolcada, xoc","1","Zona Desconeguda","818460009","Ajuntament de Rubí","Nit (22 a 06)",,,
"108/2010","2010-03-21","2010","3","Diumenge","11:15:00","Xoc sense sortida de via","1","Sant Muç","818460009","Ajuntament de Rubí","Matí (06 a 14)",,,
"107/2010","2010-03-21","2010","3","Diumenge","12:30:00","Xoc sense sortida de via","3","Zona Desconeguda","818460009","Ajuntament de Rubí","Matí (06 a 14)",,,
"109/2010","2010-03-22","2010","3","Dilluns","08:15:00","Encalç","2","El Mercat","818460009","Ajuntament de Rubí","Matí (06 a 14)",,,
"136/2010","2010-03-23","2010","3","Dimarts","20:00:00","Sortida de via amb caiguda, bolcada, xoc","2","Can Rosés","818460009","Ajuntament de Rubí","Tarda (14 a 22)",,,
"110/2010","2010-03-25","2010","3","Dijous","17:10:00","Atropellament","2","El Progrés - Rubí 2000","818460009","Ajuntament de Rubí","Tarda (14 a 22)",,,
"111/2010","2010-03-25","2010","3","Dijous","18:30:00","Xoc sense sortida de via","2","Zona Nord - La Serreta","818460009","Ajuntament de Rubí","Tarda (14 a 22)",,,
"112/2010","2010-03-26","2010","3","Divendres","09:00:00","Xoc sense sortida de via","4","Centre","818460009","Ajuntament de Rubí","Matí (06 a 14)","41.4904759984","2.0286584941","MULTILINESTRING ((418916.7848208112 4593662.3369767275, 418916.790894415 4593662.137068972))"
"112/2010","2010-03-26","2010","3","Divendres","09:00:00","Xoc sense sortida de via","4","Centre","818460009","Ajuntament de Rubí","Matí (06 a 14)",,,
"115/2010","2010-03-26","2010","3","Divendres","11:00:00","Fregament negatiu (mateix sentit)","2","Can Vallhonrat","818460009","Ajuntament de Rubí","Matí (06 a 14)","41.4741889365","2.0311625954","MULTILINESTRING ((419105.6664662536 4591851.686061168, 419105.4665883382 4591851.693048223))"
"115/2010","2010-03-26","2010","3","Divendres","11:00:00","Fregament negatiu (mateix sentit)","2","Can Vallhonrat","818460009","Ajuntament de Rubí","Matí (06 a 14)",,,
"116/2010","2010-03-27","2010","3","Dissabte","10:35:00","Envestida","0","Centre","818460009","Ajuntament de Rubí","Matí (06 a 14)",,,
"117/2010","2010-03-27","2010","3","Dissabte","10:35:00","Envestida","0","Centre","818460009","Ajuntament de Rubí","Matí (06 a 14)",,,
"118/2010","2010-03-27","2010","3","Dissabte","10:35:00","Envestida","0","Centre","818460009","Ajuntament de Rubí","Matí (06 a 14)",,,
"119/2010","2010-03-27","2010","3","Dissabte","10:35:00","Envestida","1","Centre","818460009","Ajuntament de Rubí","Matí (06 a 14)",,,
"120/2010","2010-03-27","2010","3","Dissabte","10:35:00","Envestida","2","Centre","818460009","Ajuntament de Rubí","Matí (06 a 14)",,,
"125/2010","2010-03-27","2010","3","Dissabte","14:24:00","Altres (incendi, explosió, esllavissada, etc.)","1","Plana del Castell","818460009","Ajuntament de Rubí","Tarda (14 a 22)",,,
"121/2010","2010-03-28","2010","3","Diumenge","17:02:00","Xoc sense sortida de via","2","Centre","818460009","Ajuntament de Rubí","Tarda (14 a 22)","41.4889124204","2.0302377721","MULTILINESTRING ((419046.66507925006 4593487.067918061, 419046.6825056666 4593487.267157414))"
"121/2010","2010-03-28","2010","3","Diumenge","17:02:00","Xoc sense sortida de via","2","Centre","818460009","Ajuntament de Rubí","Tarda (14 a 22)",,,
"231/2010","2010-03-28","2010","3","Diumenge","17:45:00","Envestida","1","Zona Desconeguda","818460009","Ajuntament de Rubí","Tarda (14 a 22)",,,
"113/2010","2010-03-29","2010","3","Dilluns","07:00:00","Xoc sense sortida de via","2","Centre","818460009","Ajuntament de Rubí","Matí (06 a 14)",,,
"122/2010","2010-03-29","2010","3","Dilluns","09:30:00","Xoc sense sortida de via","2","Zona Desconeguda","818460009","Ajuntament de Rubí","Matí (06 a 14)",,,
"114/2010","2010-03-29","2010","3","Dilluns","21:08:00","Envestida","2","Sector Z","818460009","Ajuntament de Rubí","Tarda (14 a 22)",,,
"123/2010","2010-03-30","2010","3","Dimarts","11:20:00","Sortida de via amb caiguda, bolcada, xoc","1","Can Vallhonrat","818460009","Ajuntament de Rubí","Matí (06 a 14)","41.4741889365","2.0311625954","MULTILINESTRING ((419105.6664662536 4591851.686061168, 419105.4665883382 4591851.693048223))"
"123/2010","2010-03-30","2010","3","Dimarts","11:20:00","Sortida de via amb caiguda, bolcada, xoc","1","Can Vallhonrat","818460009","Ajuntament de Rubí","Matí (06 a 14)",,,
"124/2010","2010-03-31","2010","3","Dimecres","16:16:00","Xoc sense sortida de via","3","Can Barceló - Vallespark","818460009","Ajuntament de Rubí","Tarda (14 a 22)","41.5269215506","1.9941711006","MULTILINESTRING ((416084.94644784066 4597741.480273428, 416085.01269712084 4597741.291564569))"
"124/2010","2010-03-31","2010","3","Dimecres","16:16:00","Xoc sense sortida de via","3","Can Barceló - Vallespark","818460009","Ajuntament de Rubí","Tarda (14 a 22)",,,
"126/2010","2010-04-03","2010","4","Dissabte","19:20:00","Envestida","2","Can Fatjó","818460009","Ajuntament de Rubí","Tarda (14 a 22)",,,
"127/2010","2010-04-04","2010","4","Diumenge","08:10:00","Xoc sense sortida de via","1","El Mercat","818460009","Ajuntament de Rubí","Matí (06 a 14)",,,
"130/2010","2010-04-04","2010","4","Diumenge","16:00:00","Fregament negatiu (mateix sentit)","2","Sector Z","818460009","Ajuntament de Rubí","Tarda (14 a 22)",,,
"128/2010","2010-04-05","2010","4","Dilluns","16:45:00","Envestida","2","Can Vallhonrat","818460009","Ajuntament de Rubí","Tarda (14 a 22)","41.4741889365","2.0311625954","MULTILINESTRING ((419105.6664662536 4591851.686061168, 419105.4665883382 4591851.693048223))"
"128/2010","2010-04-05","2010","4","Dilluns","16:45:00","Envestida","2","Can Vallhonrat","818460009","Ajuntament de Rubí","Tarda (14 a 22)",,,
"129/2010","2010-04-06","2010","4","Dimarts","08:10:00","Encalç","2","Centre","818460009","Ajuntament de Rubí","Matí (06 a 14)","41.4959350338","2.0311035652","MULTILINESTRING ((419127.68987843866 4594266.114723326, 419127.6794045848 4594265.914997769))"
"129/2010","2010-04-06","2010","4","Dimarts","08:10:00","Encalç","2","Centre","818460009","Ajuntament de Rubí","Matí (06 a 14)",,,
"131/2010","2010-04-06","2010","4","Dimarts","19:50:00","Xoc sense sortida de via","3","Sant Muç","818460009","Ajuntament de Rubí","Tarda (14 a 22)",,,
"132/2010","2010-04-07","2010","4","Dimecres","13:50:00","Fregament negatiu (mateix sentit)","2","Zona Nord - La Serreta","818460009","Ajuntament de Rubí","Matí (06 a 14)","41.5016919366","2.0337624627","MULTILINESTRING ((419356.7899001536 4594902.765607873, 419356.73793353816 4594902.572477165))"
"132/2010","2010-04-07","2010","4","Dimecres","13:50:00","Fregament negatiu (mateix sentit)","2","Zona Nord - La Serreta","818460009","Ajuntament de Rubí","Matí (06 a 14)",,,
"133/2010","2010-04-08","2010","4","Dijous","20:20:00","Altres (incendi, explosió, esllavissada, etc.)","2","Centre","818460009","Ajuntament de Rubí","Tarda (14 a 22)","41.4914964685","2.0321387547","MULTILINESTRING ((419208.47648649587 4593772.285017956, 419208.6750819946 4593772.261357272))"
"133/2010","2010-04-08","2010","4","Dijous","20:20:00","Altres (incendi, explosió, esllavissada, etc.)","2","Centre","818460009","Ajuntament de Rubí","Tarda (14 a 22)",,,
"135/2010","2010-04-10","2010","4","Dissabte","09:10:00","Col·lisió frontal","2","Zona Desconeguda","818460009","Ajuntament de Rubí","Matí (06 a 14)",,,
"134/2010","2010-04-10","2010","4","Dissabte","10:30:00","Sortida de via amb caiguda, bolcada, xoc","1","Sant Muç","818460009","Ajuntament de Rubí","Matí (06 a 14)","41.5193219993","2.0114951888","MULTILINESTRING ((417520.71352151723 4596880.901273478, 417520.63296202314 4596881.084331306))"
"134/2010","2010-04-10","2010","4","Dissabte","10:30:00","Sortida de via amb caiguda, bolcada, xoc","1","Sant Muç","818460009","Ajuntament de Rubí","Matí (06 a 14)",,,
"137/2010","2010-04-13","2010","4","Dimarts","11:50:00","Fregament negatiu (mateix sentit)","2","Ca n'Oriol","818460009","Ajuntament de Rubí","Matí (06 a 14)","41.4955273552","2.0390397033","MULTILINESTRING ((419789.6876813258 4594213.420440517, 419789.52587510104 4594213.302887358))"
"137/2010","2010-04-13","2010","4","Dimarts","11:50:00","Fregament negatiu (mateix sentit)","2","Ca n'Oriol","818460009","Ajuntament de Rubí","Matí (06 a 14)",,,
"138/2010","2010-04-13","2010","4","Dimarts","19:40:00","Xoc sense sortida de via","1","Centre","818460009","Ajuntament de Rubí","Tarda (14 a 22)",,,
"140/2010","2010-04-18","2010","4","Diumenge","00:25:00","Xoc sense sortida de via","4","Plana de Can Bertran","818460009","Ajuntament de Rubí","Nit (22 a 06)","41.4922036358","2.0356533156","MULTILINESTRING ((419502.89857458055 4593847.433275841, 419502.7611327741 4593847.578567787))"
"140/2010","2010-04-18","2010","4","Diumenge","00:25:00","Xoc sense sortida de via","4","Plana de Can Bertran","818460009","Ajuntament de Rubí","Nit (22 a 06)",,,
"139/2010","2010-04-18","2010","4","Diumenge","16:15:00","Col·lisió frontal","2","Centre","818460009","Ajuntament de Rubí","Tarda (14 a 22)",,,
"142/2010","2010-04-19","2010","4","Dilluns","18:40:00","Encalç","2","Centre","818460009","Ajuntament de Rubí","Tarda (14 a 22)",,,
"141/2010","2010-04-19","2010","4","Dilluns","23:15:00","Xoc sense sortida de via","1","Castellnou - Can Mir","818460009","Ajuntament de Rubí","Nit (22 a 06)",,,
"143/2010","2010-04-20","2010","4","Dimarts","09:50:00","Xoc sense sortida de via","1","Centre","818460009","Ajuntament de Rubí","Matí (06 a 14)","41.4886472557","2.0311799641","MULTILINESTRING ((419124.99152156146 4593456.747276674, 419125.00199541537 4593456.947002229))"
"143/2010","2010-04-20","2010","4","Dimarts","09:50:00","Xoc sense sortida de via","1","Centre","818460009","Ajuntament de Rubí","Matí (06 a 14)",,,
"144/2010","2010-04-20","2010","4","Dimarts","13:30:00","Xoc sense sortida de via","2","Zona Desconeguda","818460009","Ajuntament de Rubí","Matí (06 a 14)",,,
"145/2010","2010-04-21","2010","4","Dimecres","04:30:00","Sortida de via amb caiguda, bolcada, xoc","1","Sant Muç","818460009","Ajuntament de Rubí","Nit (22 a 06)",,,
"146/2010","2010-04-21","2010","4","Dimecres","13:05:00","Encalç","2","Zona Desconeguda","818460009","Ajuntament de Rubí","Matí (06 a 14)",,,
"147/2010","2010-04-22","2010","4","Dijous","11:30:00","Envestida","2","Les Torres","818460009","Ajuntament de Rubí","Matí (06 a 14)",,,
"148/2010","2010-04-23","2010","4","Divendres","15:05:00","Encalç","2","Can Fatjó","818460009","Ajuntament de Rubí","Tarda (14 a 22)",,,
"149/2010","2010-04-25","2010","4","Diumenge","12:57:00","Fregament negatiu (mateix sentit)","2","El Mercat","818460009","Ajuntament de Rubí","Matí (06 a 14)","41.4895704446","2.0342192431","MULTILINESTRING ((419379.9262922475 4593556.430591584, 419379.7873563299 4593556.574455448))"
"149/2010","2010-04-25","2010","4","Diumenge","12:57:00","Fregament negatiu (mateix sentit)","2","El Mercat","818460009","Ajuntament de Rubí","Matí (06 a 14)",,,
"150/2010","2010-04-25","2010","4","Diumenge","20:35:00","Fregament negatiu (mateix sentit)","3","Ca n'Alzamora","818460009","Ajuntament de Rubí","Tarda (14 a 22)","41.482248862","2.032303131","MULTILINESTRING ((419210.9011339855 4592745.403095988, 419210.71711198054 4592745.481427986))"
"150/2010","2010-04-25","2010","4","Diumenge","20:35:00","Fregament negatiu (mateix sentit)","3","Ca n'Alzamora","818460009","Ajuntament de Rubí","Tarda (14 a 22)",,,
"151/2010","2010-04-26","2010","4","Dilluns","11:30:00","Xoc sense sortida de via","2","Zona Desconeguda","818460009","Ajuntament de Rubí","Matí (06 a 14)",,,
"152/2010","2010-04-26","2010","4","Dilluns","13:05:00","Xoc sense sortida de via","2","Can Fatjó","818460009","Ajuntament de Rubí","Matí (06 a 14)",,,
"153/2010","2010-04-28","2010","4","Dimecres","09:00:00","Xoc sense sortida de via","2","Sant Muç","818460009","Ajuntament de Rubí","Matí (06 a 14)",,,
"154/2010","2010-04-28","2010","4","Dimecres","18:00:00","Fregament negatiu (mateix sentit)","2","El Mercat","818460009","Ajuntament de Rubí","Tarda (14 a 22)",,,
"155/2010","2010-04-28","2010","4","Dimecres","21:20:00","Envestida","2","El Mercat","818460009","Ajuntament de Rubí","Tarda (14 a 22)",,,
"157/2010","2010-04-29","2010","4","Dijous","10:00:00","Múltiple","3","Zona Nord - La Serreta","818460009","Ajuntament de Rubí","Matí (06 a 14)",,,
"156/2010","2010-04-29","2010","4","Dijous","14:15:00","Envestida","2","Castellnou - Can Mir","818460009","Ajuntament de Rubí","Tarda (14 a 22)",,,
"158/2010","2010-04-30","2010","4","Divendres","14:40:00","Fregament negatiu (mateix sentit)","2","25 de Setembre","818460009","Ajuntament de Rubí","Tarda (14 a 22)","41.4853687558","2.0411422213","MULTILINESTRING ((419952.6851332738 4593083.54640284, 419952.5120443649 4593083.646603786))"
"158/2010","2010-04-30","2010","4","Divendres","14:40:00","Fregament negatiu (mateix sentit)","2","25 de Setembre","818460009","Ajuntament de Rubí","Tarda (14 a 22)",,,
"159/2010","2010-04-30","2010","4","Divendres","16:21:00","Encalç","2","Zona Desconeguda","818460009","Ajuntament de Rubí","Tarda (14 a 22)",,,
"160/2010","2010-05-03","2010","5","Dilluns","08:20:00","Envestida","2","Centre","818460009","Ajuntament de Rubí","Matí (06 a 14)",,,
"161/2010","2010-05-04","2010","5","Dimarts","19:45:00","Xoc sense sortida de via","2","Can Rosés","818460009","Ajuntament de Rubí","Tarda (14 a 22)",,,
"162/2010","2010-05-04","2010","5","Dimarts","20:25:00","Atropellament","2","Centre","818460009","Ajuntament de Rubí","Tarda (14 a 22)",,,
"163/2010","2010-05-05","2010","5","Dimecres","18:58:00","Col·lisió frontal","1","Ca n'Alzamora","818460009","Ajuntament de Rubí","Tarda (14 a 22)","41.4799778444","2.034188048","MULTILINESTRING ((419365.3374035999 4592491.650639423, 419365.382338133 4592491.455752565))"
"163/2010","2010-05-05","2010","5","Dimecres","18:58:00","Col·lisió frontal","1","Ca n'Alzamora","818460009","Ajuntament de Rubí","Tarda (14 a 22)",,,
"164/2010","2010-05-06","2010","5","Dijous","11:20:00","Envestida","2","Centre","818460009","Ajuntament de Rubí","Matí (06 a 14)",,,
"165/2010","2010-05-06","2010","5","Dijous","18:10:00","Xoc sense sortida de via","1","Castellnou - Can Mir","818460009","Ajuntament de Rubí","Tarda (14 a 22)","41.520189836","1.9982090584","MULTILINESTRING ((416413.1127780066 4596990.1515587345, 416413.290937342 4596990.060678313))"
"165/2010","2010-05-06","2010","5","Dijous","18:10:00","Xoc sense sortida de via","1","Castellnou - Can Mir","818460009","Ajuntament de Rubí","Tarda (14 a 22)",,,
"166/2010","2010-05-06","2010","5","Dijous","20:10:00","Col·lisió frontal","2","Ca n'Oriol","818460009","Ajuntament de Rubí","Tarda (14 a 22)",,,
"168/2010","2010-05-08","2010","5","Dissabte","13:55:00","Col·lisió frontal","2","Plana del Castell","818460009","Ajuntament de Rubí","Matí (06 a 14)",,,
"169/2010","2010-05-09","2010","5","Diumenge","02:00:00","Sortida de via amb caiguda, bolcada, xoc","1","Can Fatjó","818460009","Ajuntament de Rubí","Nit (22 a 06)",,,
"167/2010","2010-05-09","2010","5","Diumenge","04:20:00","Sortida de via amb caiguda, bolcada, xoc","2","El Mercat","818460009","Ajuntament de Rubí","Nit (22 a 06)",,,
"170/2010","2010-05-09","2010","5","Diumenge","13:00:00","Xoc sense sortida de via","1","Ca n'Oriol","818460009","Ajuntament de Rubí","Matí (06 a 14)","41.4994984824","2.0438453549","MULTILINESTRING ((420195.6218943491 4594649.892770351, 420195.5975257987 4594649.694260466))"
"170/2010","2010-05-09","2010","5","Diumenge","13:00:00","Xoc sense sortida de via","1","Ca n'Oriol","818460009","Ajuntament de Rubí","Matí (06 a 14)",,,
"171/2010","2010-05-11","2010","5","Dimarts","11:56:00","Xoc sense sortida de via","2","Zona Desconeguda","818460009","Ajuntament de Rubí","Matí (06 a 14)",,,
"202/2010","2010-05-12","2010","5","Dimecres","11:15:00","Atropellament","2","Centre","818460009","Ajuntament de Rubí","Matí (06 a 14)",,,
"172/2010","2010-05-12","2010","5","Dimecres","18:20:00","Encalç","2","Can Fatjó","818460009","Ajuntament de Rubí","Tarda (14 a 22)","41.4906635233","2.0273294556","MULTILINESTRING ((418806.009092172 4593684.231306631, 418806.148022896 4593684.375175509))"
"172/2010","2010-05-12","2010","5","Dimecres","18:20:00","Encalç","2","Can Fatjó","818460009","Ajuntament de Rubí","Tarda (14 a 22)",,,
"173/2010","2010-05-13","2010","5","Dijous","13:27:00","Atropellament","2","El Progrés - Rubí 2000","818460009","Ajuntament de Rubí","Matí (06 a 14)","41.4866967379","2.0340573755","MULTILINESTRING ((419362.7705183962 4593237.512513, 419362.7914245283 4593237.711417331))"
"173/2010","2010-05-13","2010","5","Dijous","13:27:00","Atropellament","2","El Progrés - Rubí 2000","818460009","Ajuntament de Rubí","Matí (06 a 14)",,,
"174/2010","2010-05-14","2010","5","Divendres","16:22:00","Xoc sense sortida de via","1","Centre","818460009","Ajuntament de Rubí","Tarda (14 a 22)",,,
"176/2010","2010-05-15","2010","5","Dissabte","10:00:00","Encalç","2","El Progrés - Rubí 2000","818460009","Ajuntament de Rubí","Matí (06 a 14)",,,
"175/2010","2010-05-15","2010","5","Dissabte","18:35:00","Envestida","2","Zona Desconeguda","818460009","Ajuntament de Rubí","Tarda (14 a 22)",,,
"177/2010","2010-05-16","2010","5","Diumenge","07:40:00","Envestida","2","Les Torres","818460009","Ajuntament de Rubí","Matí (06 a 14)",,,
"178/2010","2010-05-16","2010","5","Diumenge","15:05:00","Atropellament","2","El Progrés - Rubí 2000","818460009","Ajuntament de Rubí","Tarda (14 a 22)",,,
"179/2010","2010-05-18","2010","5","Dimarts","12:00:00","Col·lisió frontal","4","Can Fatjó","818460009","Ajuntament de Rubí","Matí (06 a 14)","41.468686375","2.0262226378","MULTILINESTRING ((418686.22345676454 4591245.323511076, 418686.20937568595 4591245.523014769))"
"179/2010","2010-05-18","2010","5","Dimarts","12:00:00","Col·lisió frontal","4","Can Fatjó","818460009","Ajuntament de Rubí","Matí (06 a 14)",,,
"180/2010","2010-05-19","2010","5","Dimecres","12:40:00","Xoc sense sortida de via","1","Centre","818460009","Ajuntament de Rubí","Matí (06 a 14)",,,
"181/2010","2010-05-21","2010","5","Divendres","11:10:00","Xoc sense sortida de via","0","Zona Desconeguda","818460009","Ajuntament de Rubí","Matí (06 a 14)",,,
"182/2010","2010-05-21","2010","5","Divendres","11:10:00","Xoc sense sortida de via","2","Zona Desconeguda","818460009","Ajuntament de Rubí","Matí (06 a 14)",,,
"183/2010","2010-05-22","2010","5","Dissabte","12:00:00","Fregament negatiu (mateix sentit)","2","Zona Nord - La Serreta","818460009","Ajuntament de Rubí","Matí (06 a 14)","41.4967935701","2.0316796088","MULTILINESTRING ((419176.82392715913 4594360.692378102, 419176.84430287883 4594360.891337469))"
"183/2010","2010-05-22","2010","5","Dissabte","12:00:00","Fregament negatiu (mateix sentit)","2","Zona Nord - La Serreta","818460009","Ajuntament de Rubí","Matí (06 a 14)",,,
"184/2010","2010-05-22","2010","5","Dissabte","13:10:00","Xoc sense sortida de via","1","Sant Muç","818460009","Ajuntament de Rubí","Matí (06 a 14)",,,
"185/2010","2010-05-23","2010","5","Diumenge","07:45:00","Atropellament","2","Centre","818460009","Ajuntament de Rubí","Matí (06 a 14)",,,
"203/2010","2010-05-23","2010","5","Diumenge","10:00:00","Atropellament","2","El Mercat","818460009","Ajuntament de Rubí","Matí (06 a 14)","41.4890621069","2.0371928171","MULTILINESTRING ((419627.54449973075 4593497.253101454, 419627.3662996411 4593497.343901941))"
"203/2010","2010-05-23","2010","5","Diumenge","10:00:00","Atropellament","2","El Mercat","818460009","Ajuntament de Rubí","Matí (06 a 14)",,,
"186/2010","2010-05-24","2010","5","Dilluns","12:08:00","Envestida","2","Centre","818460009","Ajuntament de Rubí","Matí (06 a 14)",,,
"187/2010","2010-05-24","2010","5","Dilluns","16:00:00","Envestida","2","Centre","818460009","Ajuntament de Rubí","Tarda (14 a 22)",,,
"192/2010","2010-05-25","2010","5","Dimarts","08:45:00","Envestida","2","Centre","818460009","Ajuntament de Rubí","Matí (06 a 14)","41.4929327035","2.0327035079","MULTILINESTRING ((419257.4023089109 4593931.199645382, 419257.60227854777 4593931.196160507))"
"192/2010","2010-05-25","2010","5","Dimarts","08:45:00","Envestida","2","Centre","818460009","Ajuntament de Rubí","Matí (06 a 14)",,,
"194/2010","2010-05-25","2010","5","Dimarts","10:56:00",,"2","Zona Desconeguda","818460009","Ajuntament de Rubí","Matí (06 a 14)",,,
"189/2010","2010-05-25","2010","5","Dimarts","13:05:00","Envestida","2","Can Fatjó","818460009","Ajuntament de Rubí","Matí (06 a 14)",,,
"191/2010","2010-05-25","2010","5","Dimarts","18:39:00","Atropellament","2","Ca n'Alzamora","818460009","Ajuntament de Rubí","Tarda (14 a 22)","41.4810544265","2.0357459238","MULTILINESTRING ((419496.67371082166 4592609.5732675735, 419496.84491442895 4592609.676656765))"
"191/2010","2010-05-25","2010","5","Dimarts","18:39:00","Atropellament","2","Ca n'Alzamora","818460009","Ajuntament de Rubí","Tarda (14 a 22)",,,
"188/2010","2010-05-25","2010","5","Dimarts","21:30:00","Col·lisió frontal","2","Centre","818460009","Ajuntament de Rubí","Tarda (14 a 22)","41.4907570308","2.0286531978","MULTILINESTRING ((418916.6984272391 4593693.542449045, 418916.69396965223 4593693.342498727))"
"188/2010","2010-05-25","2010","5","Dimarts","21:30:00","Col·lisió frontal","2","Centre","818460009","Ajuntament de Rubí","Tarda (14 a 22)",,,
"190/2010","2010-05-26","2010","5","Dimecres","17:30:00","Envestida","2","25 de Setembre","818460009","Ajuntament de Rubí","Tarda (14 a 22)",,,
"193/2010","2010-05-27","2010","5","Dijous","09:42:00","Xoc sense sortida de via","1","Can Fatjó","818460009","Ajuntament de Rubí","Matí (06 a 14)",,,
"195/2010","2010-05-27","2010","5","Dijous","10:30:00","Múltiple","4","Zona Desconeguda","818460009","Ajuntament de Rubí","Matí (06 a 14)",,,
"196/2010","2010-05-27","2010","5","Dijous","17:45:00","Envestida","2","Ca n'Oriol","818460009","Ajuntament de Rubí","Tarda (14 a 22)",,,
"197/2010","2010-05-28","2010","5","Divendres","08:10:00","Fregament negatiu (mateix sentit)","2","Zona Desconeguda","818460009","Ajuntament de Rubí","Matí (06 a 14)",,,
"198/2010","2010-05-31","2010","5","Dilluns","16:35:00","Encalç","2","Can Fatjó","818460009","Ajuntament de Rubí","Tarda (14 a 22)","41.4883240611","2.0238841021","MULTILINESTRING ((418515.57505765266 4593427.908835729, 418515.50827687036 4593427.720314305))"
"198/2010","2010-05-31","2010","5","Dilluns","16:35:00","Encalç","2","Can Fatjó","818460009","Ajuntament de Rubí","Tarda (14 a 22)",,,
"200/2010","2010-06-02","2010","6","Dimecres","11:30:00","Sortida de via amb caiguda, bolcada, xoc","1","Can Fatjó","818460009","Ajuntament de Rubí","Matí (06 a 14)",,,
"199/2010","2010-06-02","2010","6","Dimecres","16:55:00","Encalç","2","Plana de Can Bertran","818460009","Ajuntament de Rubí","Tarda (14 a 22)","41.4917217539","2.036732516","MULTILINESTRING ((419592.2291739695 4593793.046095239, 419592.40953195933 4593792.959660319))"
"199/2010","2010-06-02","2010","6","Dimecres","16:55:00","Encalç","2","Plana de Can Bertran","818460009","Ajuntament de Rubí","Tarda (14 a 22)",,,
"201/2010","2010-06-03","2010","6","Dijous","06:15:00","Encalç","2","Ca n'Alzamora","818460009","Ajuntament de Rubí","Matí (06 a 14)","41.4773613744","2.0348125128","MULTILINESTRING ((419414.2796256531 4592200.391943021, 419414.2304008709 4592200.585790695))"
"201/2010","2010-06-03","2010","6","Dijous","06:15:00","Encalç","2","Ca n'Alzamora","818460009","Ajuntament de Rubí","Matí (06 a 14)",,,
"204/2010","2010-06-05","2010","6","Dissabte","17:30:00","Col·lisió frontal","3","Zona Desconeguda","818460009","Ajuntament de Rubí","Tarda (14 a 22)",,,
"205/2010","2010-06-07","2010","6","Dilluns","07:15:00","Encalç","2","Zona Desconeguda","818460009","Ajuntament de Rubí","Matí (06 a 14)",,,
"206/2010","2010-06-07","2010","6","Dilluns","10:45:00","Col·lisió frontal","2","Zona Desconeguda","818460009","Ajuntament de Rubí","Matí (06 a 14)",,,
"207/2010","2010-06-07","2010","6","Dilluns","11:15:00","Fregament negatiu (mateix sentit)","2","El Progrés - Rubí 2000","818460009","Ajuntament de Rubí","Matí (06 a 14)",,,
"208/2010","2010-06-07","2010","6","Dilluns","15:20:00","Altres (incendi, explosió, esllavissada, etc.)","2","Centre","818460009","Ajuntament de Rubí","Tarda (14 a 22)",,,
"209/2010","2010-06-07","2010","6","Dilluns","16:35:00","Atropellament","2","Centre","818460009","Ajuntament de Rubí","Tarda (14 a 22)","41.4969126051","2.0309541068","MULTILINESTRING ((419116.40839076263 4594374.587184325, 419116.4431210167 4594374.784145767))"
"209/2010","2010-06-07","2010","6","Dilluns","16:35:00","Atropellament","2","Centre","818460009","Ajuntament de Rubí","Tarda (14 a 22)",,,
"210/2010","2010-06-09","2010","6","Dimecres","03:30:00","Sortida de via amb caiguda, bolcada, xoc","1","Zona Desconeguda","818460009","Ajuntament de Rubí","Nit (22 a 06)",,,
"211/2010","2010-06-09","2010","6","Dimecres","11:20:00","Envestida","2","Zona Desconeguda","818460009","Ajuntament de Rubí","Matí (06 a 14)",,,
"212/2010","2010-06-09","2010","6","Dimecres","15:20:00","Xoc sense sortida de via","1","Centre","818460009","Ajuntament de Rubí","Tarda (14 a 22)","41.4944741969","2.0315841287","MULTILINESTRING ((419165.9771300823 4594103.28193483, 419165.9841067765 4594103.481813108))"
"212/2010","2010-06-09","2010","6","Dimecres","15:20:00","Xoc sense sortida de via","1","Centre","818460009","Ajuntament de Rubí","Tarda (14 a 22)",,,
"213/2010","2010-06-10","2010","6","Dijous","07:40:00","Sortida de via amb caiguda, bolcada, xoc","1","Zona Desconeguda","818460009","Ajuntament de Rubí","Matí (06 a 14)",,,
"214/2010","2010-06-10","2010","6","Dijous","12:50:00","Xoc sense sortida de via","1","Can Vallhonrat","818460009","Ajuntament de Rubí","Matí (06 a 14)","41.4741889365","2.0311625954","MULTILINESTRING ((419105.6664662536 4591851.686061168, 419105.4665883382 4591851.693048223))"
"214/2010","2010-06-10","2010","6","Dijous","12:50:00","Xoc sense sortida de via","1","Can Vallhonrat","818460009","Ajuntament de Rubí","Matí (06 a 14)",,,
"217/2010","2010-06-10","2010","6","Dijous","18:35:00","Encalç","2","Zona Nord - La Serreta","818460009","Ajuntament de Rubí","Tarda (14 a 22)",,,
"218/2010","2010-06-11","2010","6","Divendres","13:45:00",,"1","Ca n'Oriol","818460009","Ajuntament de Rubí","Matí (06 a 14)","41.4981758475","2.042658464","MULTILINESTRING ((420094.9907252281 4594504.120248492, 420094.84960030427 4594503.978531324))"
"218/2010","2010-06-11","2010","6","Divendres","13:45:00",,"1","Ca n'Oriol","818460009","Ajuntament de Rubí","Matí (06 a 14)",,,
"215/2010","2010-06-11","2010","6","Divendres","16:00:00","Envestida","2","Ca n'Alzamora","818460009","Ajuntament de Rubí","Tarda (14 a 22)",,,
"216/2010","2010-06-11","2010","6","Divendres","16:40:00","Altres (incendi, explosió, esllavissada, etc.)","2","Zona Desconeguda","818460009","Ajuntament de Rubí","Tarda (14 a 22)",,,
"220/2010","2010-06-11","2010","6","Divendres","21:00:00","Xoc sense sortida de via","1","Sant Jordi Parc","818460009","Ajuntament de Rubí","Tarda (14 a 22)","41.4920186042","2.0174443563","MULTILINESTRING ((417982.71480366786 4593844.054629747, 417982.51870489033 4593844.093939663))"
"220/2010","2010-06-11","2010","6","Divendres","21:00:00","Xoc sense sortida de via","1","Sant Jordi Parc","818460009","Ajuntament de Rubí","Tarda (14 a 22)",,,
"238/2010","2010-06-11","2010","6","Divendres","23:05:00","Altres (incendi, explosió, esllavissada, etc.)","1","Zona Desconeguda","818460009","Ajuntament de Rubí","Nit (22 a 06)",,,
"219/2010","2010-06-13","2010","6","Diumenge","09:00:00","Xoc sense sortida de via","1","Centre","818460009","Ajuntament de Rubí","Matí (06 a 14)","41.4886472557","2.0311799641","MULTILINESTRING ((419124.99152156146 4593456.747276674, 419125.00199541537 4593456.947002229))"
"219/2010","2010-06-13","2010","6","Diumenge","09:00:00","Xoc sense sortida de via","1","Centre","818460009","Ajuntament de Rubí","Matí (06 a 14)",,,
"221/2010","2010-06-15","2010","6","Dimarts","11:30:00","Xoc sense sortida de via","4","Les Torres","818460009","Ajuntament de Rubí","Matí (06 a 14)",,,
"222/2010","2010-06-16","2010","6","Dimecres","09:45:00","Xoc sense sortida de via","2","El Progrés - Rubí 2000","818460009","Ajuntament de Rubí","Matí (06 a 14)","41.4863916212","2.0346791013","MULTILINESTRING ((419414.2079194967 4593203.180618354, 419414.40279266227 4593203.135624473))"
"222/2010","2010-06-16","2010","6","Dimecres","09:45:00","Xoc sense sortida de via","2","El Progrés - Rubí 2000","818460009","Ajuntament de Rubí","Matí (06 a 14)",,,
"223/2010","2010-06-16","2010","6","Dimecres","16:40:00","Envestida","2","Centre","818460009","Ajuntament de Rubí","Tarda (14 a 22)",,,
"224/2010","2010-06-16","2010","6","Dimecres","23:50:00","Xoc sense sortida de via","1","Centre","818460009","Ajuntament de Rubí","Nit (22 a 06)",,,
"225/2010","2010-06-17","2010","6","Dijous","05:15:00","Sortida de via amb caiguda, bolcada, xoc","1","Can Fatjó","818460009","Ajuntament de Rubí","Nit (22 a 06)",,,
"226/2010","2010-06-19","2010","6","Dissabte","15:30:00","Xoc sense sortida de via","0","Centre","818460009","Ajuntament de Rubí","Tarda (14 a 22)",,,
"227/2010","2010-06-20","2010","6","Diumenge","00:15:00","Xoc sense sortida de via","1","Can Fatjó","818460009","Ajuntament de Rubí","Nit (22 a 06)",,,
"228/2010","2010-06-20","2010","6","Diumenge","11:15:00","Fregament positiu (diferent sentit)","2","Castellnou - Can Mir","818460009","Ajuntament de Rubí","Matí (06 a 14)","41.5204762607","1.9975550363","MULTILINESTRING ((416358.91053850425 4597022.582643521, 416359.08971800574 4597022.493791362))"
"228/2010","2010-06-20","2010","6","Diumenge","11:15:00","Fregament positiu (diferent sentit)","2","Castellnou - Can Mir","818460009","Ajuntament de Rubí","Matí (06 a 14)",,,
"229/2010","2010-06-21","2010","6","Dilluns","13:10:00","Envestida","2","El Mercat","818460009","Ajuntament de Rubí","Matí (06 a 14)",,,
"230/2010","2010-06-23","2010","6","Dimecres","00:40:00","Encalç","3","Els Avets","818460009","Ajuntament de Rubí","Nit (22 a 06)",,,
"233/2010","2010-06-23","2010","6","Dimecres","15:17:00","Sortida de via amb caiguda, bolcada, xoc","1","Ca n'Alzamora","818460009","Ajuntament de Rubí","Tarda (14 a 22)",,,
"232/2010","2010-06-23","2010","6","Dimecres","15:25:00","Envestida","2","Centre","818460009","Ajuntament de Rubí","Tarda (14 a 22)",,,
"234/2010","2010-06-24","2010","6","Dijous","17:00:00","Encalç","2","Sector Z","818460009","Ajuntament de Rubí","Tarda (14 a 22)",,,
"235/2010","2010-06-25","2010","6","Divendres","16:30:00","Atropellament","2","Plana de Can Bertran","818460009","Ajuntament de Rubí","Tarda (14 a 22)","41.4942739383","2.0353138334","MULTILINESTRING ((419477.05419574946 4594077.769000762, 419477.05786099925 4594077.569034349))"
"235/2010","2010-06-25","2010","6","Divendres","16:30:00","Atropellament","2","Plana de Can Bertran","818460009","Ajuntament de Rubí","Tarda (14 a 22)",,,
"236/2010","2010-06-26","2010","6","Dissabte","09:50:00","Encalç","2","Centre","818460009","Ajuntament de Rubí","Matí (06 a 14)",,,
"237/2010","2010-06-26","2010","6","Dissabte","17:10:00","Xoc sense sortida de via","1","Sant Muç","818460009","Ajuntament de Rubí","Tarda (14 a 22)",,,
"239/2010","2010-06-30","2010","6","Dimecres","11:59:00","Xoc sense sortida de via","1","Centre","818460009","Ajuntament de Rubí","Matí (06 a 14)",,,
"240/2010","2010-07-02","2010","7","Divendres","13:44:00","Envestida","2","Ca n'Oriol","818460009","Ajuntament de Rubí","Matí (06 a 14)","41.4981211636","2.0425858778","MULTILINESTRING ((420088.8685041889 4594498.112582041, 420088.72033891856 4594497.978242722))"
"240/2010","2010-07-02","2010","7","Divendres","13:44:00","Envestida","2","Ca n'Oriol","818460009","Ajuntament de Rubí","Matí (06 a 14)",,,
"241/2010","2010-07-02","2010","7","Divendres","18:15:00","Atropellament","2","Zona Nord - La Serreta","818460009","Ajuntament de Rubí","Tarda (14 a 22)",,,
"242/2010","2010-07-02","2010","7","Divendres","19:20:00","Envestida","2","Sant Jordi Parc","818460009","Ajuntament de Rubí","Tarda (14 a 22)","41.4902546539","2.0207675673","MULTILINESTRING ((418257.8422319258 4593645.000264074, 418257.76304256765 4593645.183918764))"
"242/2010","2010-07-02","2010","7","Divendres","19:20:00","Envestida","2","Sant Jordi Parc","818460009","Ajuntament de Rubí","Tarda (14 a 22)",,,
"243/2010","2010-07-05","2010","7","Dilluns","16:30:00","Atropellament","2","Zona Nord - La Serreta","818460009","Ajuntament de Rubí","Tarda (14 a 22)",,,
"244/2010","2010-07-05","2010","7","Dilluns","20:33:00","Sortida de via amb caiguda, bolcada, xoc","1","Zona Desconeguda","818460009","Ajuntament de Rubí","Tarda (14 a 22)",,,
"246/2010","2010-07-07","2010","7","Dimecres","08:00:00","Col·lisió frontal","1","Castellnou - Can Mir","818460009","Ajuntament de Rubí","Matí (06 a 14)","41.5177959457","1.999543848","MULTILINESTRING ((416521.4496410734 4596723.129937254, 416521.54648809787 4596722.954949672))"
"246/2010","2010-07-07","2010","7","Dimecres","08:00:00","Col·lisió frontal","1","Castellnou - Can Mir","818460009","Ajuntament de Rubí","Matí (06 a 14)",,,
"245/2010","2010-07-07","2010","7","Dimecres","19:25:00","Atropellament","2","Centre","818460009","Ajuntament de Rubí","Tarda (14 a 22)",,,
"248/2010","2010-07-08","2010","7","Dijous","13:50:00","Envestida","2","El Mercat","818460009","Ajuntament de Rubí","Matí (06 a 14)","41.4890962657","2.0382803183","MULTILINESTRING ((419718.33765590115 4593500.162607539, 419718.2229412014 4593499.998776718))"
"248/2010","2010-07-08","2010","7","Dijous","13:50:00","Envestida","2","El Mercat","818460009","Ajuntament de Rubí","Matí (06 a 14)",,,
"254/2010","2010-07-09","2010","7","Divendres","00:10:00","Envestida","2","Can Rosés","818460009","Ajuntament de Rubí","Nit (22 a 06)","41.5012026676","2.0407248616","MULTILINESTRING ((419937.18199494557 4594841.813259901, 419937.3327265942 4594841.9447131995))"
"254/2010","2010-07-09","2010","7","Divendres","00:10:00","Envestida","2","Can Rosés","818460009","Ajuntament de Rubí","Nit (22 a 06)",,,
"247/2010","2010-07-09","2010","7","Divendres","11:10:00","Fregament negatiu (mateix sentit)","3","Centre","818460009","Ajuntament de Rubí","Matí (06 a 14)","41.49499725","2.0360734032","MULTILINESTRING ((419541.25572026696 4594157.244790481, 419541.45169368916 4594157.2847206425))"
"247/2010","2010-07-09","2010","7","Divendres","11:10:00","Fregament negatiu (mateix sentit)","3","Centre","818460009","Ajuntament de Rubí","Matí (06 a 14)",,,
"252/2010","2010-07-09","2010","7","Divendres","22:00:00","Xoc sense sortida de via","2","Ca n'Oriol","818460009","Ajuntament de Rubí","Nit (22 a 06)","41.5009342686","2.0459984984","MULTILINESTRING ((420377.13699390466 4594807.293298413, 420377.02372520615 4594807.128464552))"
"252/2010","2010-07-09","2010","7","Divendres","22:00:00","Xoc sense sortida de via","2","Ca n'Oriol","818460009","Ajuntament de Rubí","Nit (22 a 06)",,,
"249/2010","2010-07-10","2010","7","Dissabte","12:56:00","Envestida","2","Sant Muç","818460009","Ajuntament de Rubí","Matí (06 a 14)",,,
"253/2010","2010-07-10","2010","7","Dissabte","17:20:00","Encalç","2","Plana de Can Bertran","818460009","Ajuntament de Rubí","Tarda (14 a 22)","41.4929049654","2.0384729936","MULTILINESTRING ((419739.0702220919 4593922.647296394, 419739.06202945585 4593922.847128525))"
"253/2010","2010-07-10","2010","7","Dissabte","17:20:00","Encalç","2","Plana de Can Bertran","818460009","Ajuntament de Rubí","Tarda (14 a 22)",,,
"250/2010","2010-07-10","2010","7","Dissabte","20:30:00","Fregament negatiu (mateix sentit)","2","Ca n'Oriol","818460009","Ajuntament de Rubí","Tarda (14 a 22)","41.4978856841","2.0391792797","MULTILINESTRING ((419804.1648841279 4594475.156291605, 419804.16837883706 4594474.95632214))"
"250/2010","2010-07-10","2010","7","Dissabte","20:30:00","Fregament negatiu (mateix sentit)","2","Ca n'Oriol","818460009","Ajuntament de Rubí","Tarda (14 a 22)",,,
"251/2010","2010-07-11","2010","7","Diumenge","18:00:00","Xoc sense sortida de via","2","Centre","818460009","Ajuntament de Rubí","Tarda (14 a 22)","41.4907570308","2.0286531978","MULTILINESTRING ((418916.6984272391 4593693.542449045, 418916.69396965223 4593693.342498727))"
"251/2010","2010-07-11","2010","7","Diumenge","18:00:00","Xoc sense sortida de via","2","Centre","818460009","Ajuntament de Rubí","Tarda (14 a 22)",,,
"256/2010","2010-07-11","2010","7","Diumenge","21:25:00","Fregament negatiu (mateix sentit)","2","El Mercat","818460009","Ajuntament de Rubí","Tarda (14 a 22)","41.4878091238","2.0382595848","MULTILINESTRING ((419714.869691404 4593357.15805652, 419715.05095520546 4593357.242575359))"
"256/2010","2010-07-11","2010","7","Diumenge","21:25:00","Fregament negatiu (mateix sentit)","2","El Mercat","818460009","Ajuntament de Rubí","Tarda (14 a 22)",,,
"255/2010","2010-07-12","2010","7","Dilluns","01:15:00","Xoc sense sortida de via","1","Zona Desconeguda","818460009","Ajuntament de Rubí","Nit (22 a 06)",,,
"257/2010","2010-07-13","2010","7","Dimarts","08:20:00","Envestida","2","El Progrés - Rubí 2000","818460009","Ajuntament de Rubí","Matí (06 a 14)",,,
"258/2010","2010-07-17","2010","7","Dissabte","00:50:00","Fregament negatiu (mateix sentit)","2","Les Torres","818460009","Ajuntament de Rubí","Nit (22 a 06)",,,
"259/2010","2010-07-17","2010","7","Dissabte","01:45:00","Xoc sense sortida de via","1","Centre","818460009","Ajuntament de Rubí","Nit (22 a 06)","41.4949168052","2.0294300365","MULTILINESTRING ((418986.7591439525 4594154.631433415, 418986.69525860343 4594154.441911221))"
"259/2010","2010-07-17","2010","7","Dissabte","01:45:00","Xoc sense sortida de via","1","Centre","818460009","Ajuntament de Rubí","Nit (22 a 06)",,,
"260/2010","2010-07-17","2010","7","Dissabte","08:50:00","Xoc sense sortida de via","1","Sector Z","818460009","Ajuntament de Rubí","Matí (06 a 14)",,,
"261/2010","2010-07-20","2010","7","Dimarts","12:50:00","Envestida","3","Centre","818460009","Ajuntament de Rubí","Matí (06 a 14)",,,
"263/2010","2010-07-21","2010","7","Dimecres","07:35:00","Envestida","2","Centre","818460009","Ajuntament de Rubí","Matí (06 a 14)",,,
"264/2010","2010-07-21","2010","7","Dimecres","07:45:00","Encalç","2","Centre","818460009","Ajuntament de Rubí","Matí (06 a 14)",,,
"265/2010","2010-07-21","2010","7","Dimecres","13:00:00","Envestida","2","Can Vallhonrat","818460009","Ajuntament de Rubí","Matí (06 a 14)","41.4741889365","2.0311625954","MULTILINESTRING ((419105.6664662536 4591851.686061168, 419105.4665883382 4591851.693048223))"
"265/2010","2010-07-21","2010","7","Dimecres","13:00:00","Envestida","2","Can Vallhonrat","818460009","Ajuntament de Rubí","Matí (06 a 14)",,,
"266/2010","2010-07-21","2010","7","Dimecres","13:10:00","Col·lisió frontal","2","El Progrés - Rubí 2000","818460009","Ajuntament de Rubí","Matí (06 a 14)",,,
"262/2010","2010-07-21","2010","7","Dimecres","18:00:00","Envestida","2","Zona Nord - La Serreta","818460009","Ajuntament de Rubí","Tarda (14 a 22)",,,
"267/2010","2010-07-22","2010","7","Dijous","10:10:00","Sortida de via amb caiguda, bolcada, xoc","1","Zona Desconeguda","818460009","Ajuntament de Rubí","Matí (06 a 14)",,,
"268/2010","2010-07-23","2010","7","Divendres","16:34:00","Xoc sense sortida de via","1","Zona Desconeguda","818460009","Ajuntament de Rubí","Tarda (14 a 22)",,,
"269/2010","2010-07-24","2010","7","Dissabte","05:30:00","Xoc sense sortida de via","1","Sant Muç","818460009","Ajuntament de Rubí","Nit (22 a 06)",,,
"271/2010","2010-07-25","2010","7","Diumenge","17:20:00","Envestida","2","Zona Nord - La Serreta","818460009","Ajuntament de Rubí","Tarda (14 a 22)","41.4957462096","2.0343927148","MULTILINESTRING ((419401.9615333016 4594241.885713757, 419402.0266444019 4594242.074818343))"
"271/2010","2010-07-25","2010","7","Diumenge","17:20:00","Envestida","2","Zona Nord - La Serreta","818460009","Ajuntament de Rubí","Tarda (14 a 22)",,,
"270/2010","2010-07-26","2010","7","Dilluns","12:55:00","Envestida","2","Can Fatjó","818460009","Ajuntament de Rubí","Matí (06 a 14)",,,
"272/2010","2010-07-26","2010","7","Dilluns","14:25:00","Envestida","3","Can Rosés","818460009","Ajuntament de Rubí","Tarda (14 a 22)","41.5026039775","2.0427037294","MULTILINESTRING ((420104.0829086118 4594995.542363301, 420104.20021148253 4594995.704351068))"
"272/2010","2010-07-26","2010","7","Dilluns","14:25:00","Envestida","3","Can Rosés","818460009","Ajuntament de Rubí","Tarda (14 a 22)",,,
"273/2010","2010-07-26","2010","7","Dilluns","15:00:00","Envestida","2","Plana de Can Bertran","818460009","Ajuntament de Rubí","Tarda (14 a 22)",,,
"274/2010","2010-07-27","2010","7","Dimarts","13:15:00","Encalç","0","Plana de Can Bertran","818460009","Ajuntament de Rubí","Matí (06 a 14)","41.4924556662","2.0385026981","MULTILINESTRING ((419740.99512209196 4593872.738096393, 419740.98692945595 4593872.937928525))"
"274/2010","2010-07-27","2010","7","Dimarts","13:15:00","Encalç","0","Plana de Can Bertran","818460009","Ajuntament de Rubí","Matí (06 a 14)",,,
"275/2010","2010-07-27","2010","7","Dimarts","13:15:00","Encalç","3","Plana de Can Bertran","818460009","Ajuntament de Rubí","Matí (06 a 14)","41.4924556662","2.0385026981","MULTILINESTRING ((419740.99512209196 4593872.738096393, 419740.98692945595 4593872.937928525))"
"275/2010","2010-07-27","2010","7","Dimarts","13:15:00","Encalç","3","Plana de Can Bertran","818460009","Ajuntament de Rubí","Matí (06 a 14)",,,
"276/2010","2010-07-27","2010","7","Dimarts","13:20:00","Envestida","2","Centre","818460009","Ajuntament de Rubí","Matí (06 a 14)",,,
"277/2010","2010-07-27","2010","7","Dimarts","15:45:00","Xoc sense sortida de via","1","Sant Muç","818460009","Ajuntament de Rubí","Tarda (14 a 22)","41.509193896","2.0126379047","MULTILINESTRING ((417603.27276047075 4595755.492429602, 417603.0798806276 4595755.43953947))"
"277/2010","2010-07-27","2010","7","Dimarts","15:45:00","Xoc sense sortida de via","1","Sant Muç","818460009","Ajuntament de Rubí","Tarda (14 a 22)",,,
"278/2010","2010-07-28","2010","7","Dimecres","13:00:00","Fregament negatiu (mateix sentit)","2","Zona Desconeguda","818460009","Ajuntament de Rubí","Matí (06 a 14)",,,
"279/2010","2010-07-28","2010","7","Dimecres","15:50:00","Col·lisió frontal","2","Ca n'Alzamora","818460009","Ajuntament de Rubí","Tarda (14 a 22)",,,
"280/2010","2010-07-28","2010","7","Dimecres","17:20:00","Encalç","2","Zona Nord - La Serreta","818460009","Ajuntament de Rubí","Tarda (14 a 22)","41.4972037785","2.0321200694","MULTILINESTRING ((419214.1442668928 4594406.01535648, 419214.07258919056 4594405.828641974))"
"280/2010","2010-07-28","2010","7","Dimecres","17:20:00","Encalç","2","Zona Nord - La Serreta","818460009","Ajuntament de Rubí","Tarda (14 a 22)",,,
"283/2010","2010-07-29","2010","7","Dijous","23:53:00","Sortida de via amb caiguda, bolcada, xoc","1","Zona Desconeguda","818460009","Ajuntament de Rubí","Nit (22 a 06)",,,
"281/2010","2010-07-30","2010","7","Divendres","08:50:00","Encalç","2","Zona Desconeguda","818460009","Ajuntament de Rubí","Matí (06 a 14)",,,
"285/2010","2010-07-31","2010","7","Dissabte","00:05:00","Col·lisió frontal","2","Sector Z","818460009","Ajuntament de Rubí","Nit (22 a 06)",,,
"286/2010","2010-07-31","2010","7","Dissabte","17:50:00","Altres (incendi, explosió, esllavissada, etc.)","2","Ca n'Oriol","818460009","Ajuntament de Rubí","Tarda (14 a 22)","41.5000678796","2.0406056427","MULTILINESTRING ((419925.9620303726 4594716.088782433, 419925.8560404966 4594715.9191765785))"
"286/2010","2010-07-31","2010","7","Dissabte","17:50:00","Altres (incendi, explosió, esllavissada, etc.)","2","Ca n'Oriol","818460009","Ajuntament de Rubí","Tarda (14 a 22)",,,
"282/2010","2010-08-01","2010","8","Diumenge","07:05:00","Sortida de via amb caiguda, bolcada, xoc","1","Castellnou - Can Mir","818460009","Ajuntament de Rubí","Matí (06 a 14)","41.5275593365","2.0044827792","MULTILINESTRING ((416946.08813426894 4597802.132049995, 416946.1042456918 4597802.331399995))"
"282/2010","2010-08-01","2010","8","Diumenge","07:05:00","Sortida de via amb caiguda, bolcada, xoc","1","Castellnou - Can Mir","818460009","Ajuntament de Rubí","Matí (06 a 14)",,,
"287/2010","2010-08-02","2010","8","Dilluns","07:00:00","Encalç","2","Sant Muç","818460009","Ajuntament de Rubí","Matí (06 a 14)","41.5048064106","2.014184726","MULTILINESTRING ((417726.74761871534 4595266.796591634, 417726.667758287 4595266.979955515))"
"287/2010","2010-08-02","2010","8","Dilluns","07:00:00","Encalç","2","Sant Muç","818460009","Ajuntament de Rubí","Matí (06 a 14)",,,
"284/2010","2010-08-02","2010","8","Dilluns","10:30:00","Fregament negatiu (mateix sentit)","2","Zona Desconeguda","818460009","Ajuntament de Rubí","Matí (06 a 14)",,,
"288/2010","2010-08-02","2010","8","Dilluns","19:15:00","Sortida de via amb caiguda, bolcada, xoc","1","Zona Desconeguda","818460009","Ajuntament de Rubí","Tarda (14 a 22)",,,
"289/2010","2010-08-03","2010","8","Dimarts","16:25:00","Sortida de via amb caiguda, bolcada, xoc","1","Castellnou - Can Mir","818460009","Ajuntament de Rubí","Tarda (14 a 22)","41.5231155556","2.0043653567","MULTILINESTRING ((416930.5631558963 4597309.0735498015, 416930.66810786177 4597308.903299736))"
"289/2010","2010-08-03","2010","8","Dimarts","16:25:00","Sortida de via amb caiguda, bolcada, xoc","1","Castellnou - Can Mir","818460009","Ajuntament de Rubí","Tarda (14 a 22)",,,
"290/2010","2010-08-03","2010","8","Dimarts","16:25:00","Sortida de via amb caiguda, bolcada, xoc","0","Castellnou - Can Mir","818460009","Ajuntament de Rubí","Tarda (14 a 22)","41.5231155556","2.0043653567","MULTILINESTRING ((416930.5631558963 4597309.0735498015, 416930.66810786177 4597308.903299736))"
"290/2010","2010-08-03","2010","8","Dimarts","16:25:00","Sortida de via amb caiguda, bolcada, xoc","0","Castellnou - Can Mir","818460009","Ajuntament de Rubí","Tarda (14 a 22)",,,
"291/2010","2010-08-03","2010","8","Dimarts","16:25:00","Sortida de via amb caiguda, bolcada, xoc","0","Castellnou - Can Mir","818460009","Ajuntament de Rubí","Tarda (14 a 22)","41.5231155556","2.0043653567","MULTILINESTRING ((416930.5631558963 4597309.0735498015, 416930.66810786177 4597308.903299736))"
"291/2010","2010-08-03","2010","8","Dimarts","16:25:00","Sortida de via amb caiguda, bolcada, xoc","0","Castellnou - Can Mir","818460009","Ajuntament de Rubí","Tarda (14 a 22)",,,
"292/2010","2010-08-03","2010","8","Dimarts","16:25:00","Sortida de via amb caiguda, bolcada, xoc","1","Castellnou - Can Mir","818460009","Ajuntament de Rubí","Tarda (14 a 22)","41.5231155556","2.0043653567","MULTILINESTRING ((416930.5631558963 4597309.0735498015, 416930.66810786177 4597308.903299736))"
"292/2010","2010-08-03","2010","8","Dimarts","16:25:00","Sortida de via amb caiguda, bolcada, xoc","1","Castellnou - Can Mir","818460009","Ajuntament de Rubí","Tarda (14 a 22)",,,
"293/2010","2010-08-04","2010","8","Dimecres","01:10:00","Encalç","1","Can Fatjó","818460009","Ajuntament de Rubí","Nit (22 a 06)","41.4909869177","2.0277077051","MULTILINESTRING ((418838.0243458398 4593719.757229477, 418838.0898277863 4593719.946205969))"
"293/2010","2010-08-04","2010","8","Dimecres","01:10:00","Encalç","1","Can Fatjó","818460009","Ajuntament de Rubí","Nit (22 a 06)",,,
"294/2010","2010-08-05","2010","8","Dijous","19:30:00","Sortida de via amb caiguda, bolcada, xoc","2","Zona Desconeguda","818460009","Ajuntament de Rubí","Tarda (14 a 22)",,,
"296/2010","2010-08-06","2010","8","Divendres","08:08:00","Envestida","2","Can Vallhonrat","818460009","Ajuntament de Rubí","Matí (06 a 14)","41.4741889365","2.0311625954","MULTILINESTRING ((419105.6664662536 4591851.686061168, 419105.4665883382 4591851.693048223))"
"296/2010","2010-08-06","2010","8","Divendres","08:08:00","Envestida","2","Can Vallhonrat","818460009","Ajuntament de Rubí","Matí (06 a 14)",,,
"297/2010","2010-08-06","2010","8","Divendres","12:00:00","Xoc sense sortida de via","1","Centre","818460009","Ajuntament de Rubí","Matí (06 a 14)",,,
"295/2010","2010-08-06","2010","8","Divendres","17:55:00","Envestida","2","Can Fatjó","818460009","Ajuntament de Rubí","Tarda (14 a 22)",,,
"299/2010","2010-08-06","2010","8","Divendres","18:30:00","Xoc sense sortida de via","0","Centre","818460009","Ajuntament de Rubí","Tarda (14 a 22)",,,
"300/2010","2010-08-06","2010","8","Divendres","18:30:00","Xoc sense sortida de via","1","Centre","818460009","Ajuntament de Rubí","Tarda (14 a 22)",,,
"301/2010","2010-08-06","2010","8","Divendres","18:30:00","Xoc sense sortida de via","2","Centre","818460009","Ajuntament de Rubí","Tarda (14 a 22)",,,
"298/2010","2010-08-09","2010","8","Dilluns","12:30:00","Encalç","2","El Progrés - Rubí 2000","818460009","Ajuntament de Rubí","Matí (06 a 14)","41.4866937787","2.0353761717","MULTILINESTRING ((419472.84796002775 4593235.957575716, 419472.8963467035 4593236.151634289))"
"298/2010","2010-08-09","2010","8","Dilluns","12:30:00","Encalç","2","El Progrés - Rubí 2000","818460009","Ajuntament de Rubí","Matí (06 a 14)",,,
"302/2010","2010-08-10","2010","8","Dimarts","20:00:00","Atropellament","2","El Progrés - Rubí 2000","818460009","Ajuntament de Rubí","Tarda (14 a 22)","41.4870307891","2.0368122323","MULTILINESTRING ((419593.2621997303 4593272.088201456, 419593.08399964054 4593272.17900194))"
"302/2010","2010-08-10","2010","8","Dimarts","20:00:00","Atropellament","2","El Progrés - Rubí 2000","818460009","Ajuntament de Rubí","Tarda (14 a 22)",,,
"303/2010","2010-08-14","2010","8","Dissabte","21:00:00","Xoc sense sortida de via","0","El Mercat","818460009","Ajuntament de Rubí","Tarda (14 a 22)","41.4872958942","2.0384568164","MULTILINESTRING ((419730.7725904353 4593299.939875331, 419730.8107539137 4593300.136200441))"
"303/2010","2010-08-14","2010","8","Dissabte","21:00:00","Xoc sense sortida de via","0","El Mercat","818460009","Ajuntament de Rubí","Tarda (14 a 22)",,,
"304/2010","2010-08-14","2010","8","Dissabte","21:00:00","Xoc sense sortida de via","1","El Mercat","818460009","Ajuntament de Rubí","Tarda (14 a 22)","41.4872958942","2.0384568164","MULTILINESTRING ((419730.7725904353 4593299.939875331, 419730.8107539137 4593300.136200441))"
"304/2010","2010-08-14","2010","8","Dissabte","21:00:00","Xoc sense sortida de via","1","El Mercat","818460009","Ajuntament de Rubí","Tarda (14 a 22)",,,
"305/2010","2010-08-15","2010","8","Diumenge","17:30:00","Fregament negatiu (mateix sentit)","2","Zona Desconeguda","818460009","Ajuntament de Rubí","Tarda (14 a 22)",,,
"306/2010","2010-08-15","2010","8","Diumenge","19:15:00","Col·lisió frontal","2","Can Solà","818460009","Ajuntament de Rubí","Tarda (14 a 22)","41.5337619472","2.0043375162","MULTILINESTRING ((416941.8562945405 4598491.079488844, 416941.96769272076 4598490.913385125))"
"306/2010","2010-08-15","2010","8","Diumenge","19:15:00","Col·lisió frontal","2","Can Solà","818460009","Ajuntament de Rubí","Tarda (14 a 22)",,,
"307/2010","2010-08-15","2010","8","Diumenge","20:30:00","Xoc sense sortida de via","3","Ca n'Oriol","818460009","Ajuntament de Rubí","Tarda (14 a 22)","41.4982448343","2.0384625333","MULTILINESTRING ((419744.7821166824 4594515.694527339, 419744.7887222433 4594515.494636452))"
"307/2010","2010-08-15","2010","8","Diumenge","20:30:00","Xoc sense sortida de via","3","Ca n'Oriol","818460009","Ajuntament de Rubí","Tarda (14 a 22)",,,
"308/2010","2010-08-22","2010","8","Diumenge","12:15:00","Xoc sense sortida de via","1","Sant Muç","818460009","Ajuntament de Rubí","Matí (06 a 14)","41.5060675214","2.0138121226","MULTILINESTRING ((417697.2019760638 4595407.352915877, 417697.21416808484 4595407.153287835))"
"308/2010","2010-08-22","2010","8","Diumenge","12:15:00","Xoc sense sortida de via","1","Sant Muç","818460009","Ajuntament de Rubí","Matí (06 a 14)",,,
"309/2010","2010-08-22","2010","8","Diumenge","18:40:00","Envestida","2","Les Torres","818460009","Ajuntament de Rubí","Tarda (14 a 22)",,,
"310/2010","2010-08-23","2010","8","Dilluns","20:30:00","Envestida","2","Les Torres","818460009","Ajuntament de Rubí","Tarda (14 a 22)",,,
"311/2010","2010-08-25","2010","8","Dimecres","17:35:00","Col·lisió frontal","2","Centre","818460009","Ajuntament de Rubí","Tarda (14 a 22)","41.4946125106","2.0310716126","MULTILINESTRING ((419123.37750845356 4594119.316721752, 419123.36704460473 4594119.116995671))"
"311/2010","2010-08-25","2010","8","Dimecres","17:35:00","Col·lisió frontal","2","Centre","818460009","Ajuntament de Rubí","Tarda (14 a 22)",,,
"312/2010","2010-08-25","2010","8","Dimecres","21:00:00","Múltiple","5","El Progrés - Rubí 2000","818460009","Ajuntament de Rubí","Tarda (14 a 22)",,,
"313/2010","2010-08-26","2010","8","Dijous","09:00:00","Atropellament","2","Zona Nord - La Serreta","818460009","Ajuntament de Rubí","Matí (06 a 14)","41.500861229","2.0334216186","MULTILINESTRING ((419327.30609662813 4594810.858723422, 419327.2644955042 4594810.663097894))"
"313/2010","2010-08-26","2010","8","Dijous","09:00:00","Atropellament","2","Zona Nord - La Serreta","818460009","Ajuntament de Rubí","Matí (06 a 14)",,,
"314/2010","2010-08-26","2010","8","Dijous","18:45:00","Atropellament","2","Ca n'Oriol","818460009","Ajuntament de Rubí","Tarda (14 a 22)","41.497521671","2.0407215645","MULTILINESTRING ((419932.51999336795 4594433.283307826, 419932.3761244906 4594433.144377102))"
"314/2010","2010-08-26","2010","8","Dijous","18:45:00","Atropellament","2","Ca n'Oriol","818460009","Ajuntament de Rubí","Tarda (14 a 22)",,,
"316/2010","2010-08-26","2010","8","Dijous","20:15:00","Altres (incendi, explosió, esllavissada, etc.)","1","Centre","818460009","Ajuntament de Rubí","Tarda (14 a 22)",,,
"315/2010","2010-08-27","2010","8","Divendres","10:20:00","Atropellament","2","Les Torres","818460009","Ajuntament de Rubí","Matí (06 a 14)",,,
"317/2010","2010-08-28","2010","8","Dissabte","12:38:00","Envestida","2","Plana de Can Bertran","818460009","Ajuntament de Rubí","Matí (06 a 14)",,,
"318/2010","2010-08-29","2010","8","Diumenge","17:43:00","Xoc sense sortida de via","2","Sant Jordi Parc","818460009","Ajuntament de Rubí","Tarda (14 a 22)","41.490653649","2.0200618856","MULTILINESTRING ((418199.3038462496 4593690.018722455, 418199.489261666 4593690.093696605))"
"318/2010","2010-08-29","2010","8","Diumenge","17:43:00","Xoc sense sortida de via","2","Sant Jordi Parc","818460009","Ajuntament de Rubí","Tarda (14 a 22)",,,
"320/2010","2010-08-30","2010","8","Dilluns","14:50:00","Encalç","2","Zona Desconeguda","818460009","Ajuntament de Rubí","Tarda (14 a 22)",,,
"319/2010","2010-08-30","2010","8","Dilluns","17:44:00","Encalç","4","Plana de Can Bertran","818460009","Ajuntament de Rubí","Tarda (14 a 22)",,,
"321/2010","2010-08-31","2010","8","Dimarts","09:15:00","Encalç","2","Les Torres","818460009","Ajuntament de Rubí","Matí (06 a 14)","41.4844677619","2.0305456917","MULTILINESTRING ((419066.93439634086 4592993.380848969, 419066.7595951212 4592993.478031959))"
"321/2010","2010-08-31","2010","8","Dimarts","09:15:00","Encalç","2","Les Torres","818460009","Ajuntament de Rubí","Matí (06 a 14)",,,
"322/2010","2010-08-31","2010","8","Dimarts","10:30:00","Xoc sense sortida de via","2","Ca n'Oriol","818460009","Ajuntament de Rubí","Matí (06 a 14)",,,
"324/2010","2010-08-31","2010","8","Dimarts","13:30:00","Envestida","3","El Progrés - Rubí 2000","818460009","Ajuntament de Rubí","Matí (06 a 14)",,,
"323/2010","2010-08-31","2010","8","Dimarts","13:40:00","Xoc sense sortida de via","2","Centre","818460009","Ajuntament de Rubí","Matí (06 a 14)","41.4945213322","2.0310703035","MULTILINESTRING ((419123.15480845346 4594109.195221753, 419123.14434460446 4594108.995495669))"
"323/2010","2010-08-31","2010","8","Dimarts","13:40:00","Xoc sense sortida de via","2","Centre","818460009","Ajuntament de Rubí","Matí (06 a 14)",,,
"325/2010","2010-08-31","2010","8","Dimarts","21:15:00","Xoc sense sortida de via","2","El Mercat","818460009","Ajuntament de Rubí","Tarda (14 a 22)","41.4887037243","2.0389757228","MULTILINESTRING ((419775.8662151919 4593455.953223576, 419775.8280535892 4593455.7568981005))"
"325/2010","2010-08-31","2010","8","Dimarts","21:15:00","Xoc sense sortida de via","2","El Mercat","818460009","Ajuntament de Rubí","Tarda (14 a 22)",,,
"326/2010","2010-09-01","2010","9","Dimecres","15:00:00","Fregament negatiu (mateix sentit)","2","Zona Desconeguda","818460009","Ajuntament de Rubí","Tarda (14 a 22)",,,
"327/2010","2010-09-02","2010","9","Dijous","20:05:00","Xoc sense sortida de via","1","Centre","818460009","Ajuntament de Rubí","Tarda (14 a 22)","41.4886472557","2.0311799641","MULTILINESTRING ((419124.99152156146 4593456.747276674, 419125.00199541537 4593456.947002229))"
"327/2010","2010-09-02","2010","9","Dijous","20:05:00","Xoc sense sortida de via","1","Centre","818460009","Ajuntament de Rubí","Tarda (14 a 22)",,,
"328/2010","2010-09-03","2010","9","Divendres","16:30:00","Xoc sense sortida de via","1","Plana del Castell","818460009","Ajuntament de Rubí","Tarda (14 a 22)",,,
"329/2010","2010-09-03","2010","9","Divendres","16:35:00","Envestida","2","Ca n'Oriol","818460009","Ajuntament de Rubí","Tarda (14 a 22)",,,
"330/2010","2010-09-03","2010","9","Divendres","22:08:00","Sortida de via amb caiguda, bolcada, xoc","1","25 de Setembre","818460009","Ajuntament de Rubí","Nit (22 a 06)","41.4855854866","2.0403102249","MULTILINESTRING ((419883.5027406537 4593108.460634906, 419883.31332087156 4593108.396446543))"
"330/2010","2010-09-03","2010","9","Divendres","22:08:00","Sortida de via amb caiguda, bolcada, xoc","1","25 de Setembre","818460009","Ajuntament de Rubí","Nit (22 a 06)",,,
"331/2010","2010-09-04","2010","9","Dissabte","10:35:00","Envestida","2","Centre","818460009","Ajuntament de Rubí","Matí (06 a 14)",,,
"332/2010","2010-09-05","2010","9","Diumenge","06:30:00","Sortida de via amb caiguda, bolcada, xoc","1","Zona Desconeguda","818460009","Ajuntament de Rubí","Matí (06 a 14)",,,
"333/2010","2010-09-05","2010","9","Diumenge","19:30:00","Fregament negatiu (mateix sentit)","2","Centre","818460009","Ajuntament de Rubí","Tarda (14 a 22)",,,
"334/2010","2010-09-06","2010","9","Dilluns","21:20:00","Altres (incendi, explosió, esllavissada, etc.)","1","Sant Muç","818460009","Ajuntament de Rubí","Tarda (14 a 22)",,,
"335/2010","2010-09-07","2010","9","Dimarts","16:25:00","Xoc sense sortida de via","1","Centre","818460009","Ajuntament de Rubí","Tarda (14 a 22)","41.4929278999","2.0333710513","MULTILINESTRING ((419313.1184089107 4593930.043245378, 419313.3183785476 4593930.039760505))"
"335/2010","2010-09-07","2010","9","Dimarts","16:25:00","Xoc sense sortida de via","1","Centre","818460009","Ajuntament de Rubí","Tarda (14 a 22)",,,
"336/2010","2010-09-08","2010","9","Dimecres","18:15:00","Col·lisió frontal","2","Centre","818460009","Ajuntament de Rubí","Tarda (14 a 22)",,,
"337/2010","2010-09-09","2010","9","Dijous","15:22:00","Sortida de via amb caiguda, bolcada, xoc","1","Sector Z","818460009","Ajuntament de Rubí","Tarda (14 a 22)",,,
"338/2010","2010-09-09","2010","9","Dijous","16:35:00","Altres (incendi, explosió, esllavissada, etc.)","1","Zona Desconeguda","818460009","Ajuntament de Rubí","Tarda (14 a 22)",,,
"339/2010","2010-09-09","2010","9","Dijous","17:30:00","Múltiple","3","Can Fatjó","818460009","Ajuntament de Rubí","Tarda (14 a 22)",,,
"340/2010","2010-09-10","2010","9","Divendres","18:00:00","Encalç","3","Can Ximelis - D4","818460009","Ajuntament de Rubí","Tarda (14 a 22)",,,
"341/2010","2010-09-10","2010","9","Divendres","18:50:00","Xoc sense sortida de via","2","El Mercat","818460009","Ajuntament de Rubí","Tarda (14 a 22)",,,
"342/2010","2010-09-14","2010","9","Dimarts","11:55:00","Fregament negatiu (mateix sentit)","2","Can Rosés","818460009","Ajuntament de Rubí","Matí (06 a 14)",,,
"343/2010","2010-09-16","2010","9","Dijous","13:00:00","Encalç","2","Zona Desconeguda","818460009","Ajuntament de Rubí","Matí (06 a 14)",,,
"345/2010","2010-09-16","2010","9","Dijous","22:30:00","Encalç","2","Ca n'Oriol","818460009","Ajuntament de Rubí","Nit (22 a 06)","41.4989921394","2.0441160052","MULTILINESTRING ((420217.4960924604 4594593.386355899, 420217.65992328065 4594593.2716412))"
"345/2010","2010-09-16","2010","9","Dijous","22:30:00","Encalç","2","Ca n'Oriol","818460009","Ajuntament de Rubí","Nit (22 a 06)",,,
"344/2010","2010-09-17","2010","9","Divendres","03:00:00","Fregament negatiu (mateix sentit)","2","Zona Desconeguda","818460009","Ajuntament de Rubí","Nit (22 a 06)",,,
"346/2010","2010-09-17","2010","9","Divendres","03:20:00","Sortida de via amb caiguda, bolcada, xoc","1","Castellnou - Can Mir","818460009","Ajuntament de Rubí","Nit (22 a 06)",,,
"347/2010","2010-09-17","2010","9","Divendres","15:15:00","Sortida de via amb caiguda, bolcada, xoc","1","Zona Desconeguda","818460009","Ajuntament de Rubí","Tarda (14 a 22)",,,
"350/2010","2010-09-18","2010","9","Dissabte","01:15:00","Xoc sense sortida de via","1","Zona Desconeguda","818460009","Ajuntament de Rubí","Nit (22 a 06)",,,
"349/2010","2010-09-18","2010","9","Dissabte","02:00:00","Altres (incendi, explosió, esllavissada, etc.)","1","Zona Nord - La Serreta","818460009","Ajuntament de Rubí","Nit (22 a 06)","41.4984517984","2.0317942219","MULTILINESTRING ((419188.4963735189 4594544.876989666, 419188.4279646917 4594544.689052888))"
"349/2010","2010-09-18","2010","9","Dissabte","02:00:00","Altres (incendi, explosió, esllavissada, etc.)","1","Zona Nord - La Serreta","818460009","Ajuntament de Rubí","Nit (22 a 06)",,,
"352/2010","2010-09-18","2010","9","Dissabte","19:25:00","Xoc sense sortida de via","1","Ca n'Oriol","818460009","Ajuntament de Rubí","Tarda (14 a 22)","41.4953911715","2.0388007847","MULTILINESTRING ((419769.5770813257 4594198.522840518, 419769.4152751009 4594198.405287358))"
"352/2010","2010-09-18","2010","9","Dissabte","19:25:00","Xoc sense sortida de via","1","Ca n'Oriol","818460009","Ajuntament de Rubí","Tarda (14 a 22)",,,
"348/2010","2010-09-18","2010","9","Dissabte","21:30:00","Xoc sense sortida de via","1","Centre","818460009","Ajuntament de Rubí","Tarda (14 a 22)",,,
"351/2010","2010-09-19","2010","9","Diumenge","17:30:00","Envestida","2","Centre","818460009","Ajuntament de Rubí","Tarda (14 a 22)",,,
"353/2010","2010-09-20","2010","9","Dilluns","11:30:00","Xoc sense sortida de via","2","Zona Nord - La Serreta","818460009","Ajuntament de Rubí","Matí (06 a 14)","41.4972087997","2.0327286939","MULTILINESTRING ((419264.8966282507 4594405.812724497, 419264.9338376676 4594406.009232664))"
"353/2010","2010-09-20","2010","9","Dilluns","11:30:00","Xoc sense sortida de via","2","Zona Nord - La Serreta","818460009","Ajuntament de Rubí","Matí (06 a 14)",,,
"354/2010","2010-09-20","2010","9","Dilluns","12:26:00","Xoc sense sortida de via","1","Can Serrafossà - La Perla","818460009","Ajuntament de Rubí","Matí (06 a 14)","41.4859035749","2.0110006916","MULTILINESTRING ((417436.870998695 4593171.300971211, 417437.0702982601 4593171.317694949))"
"354/2010","2010-09-20","2010","9","Dilluns","12:26:00","Xoc sense sortida de via","1","Can Serrafossà - La Perla","818460009","Ajuntament de Rubí","Matí (06 a 14)",,,
"355/2010","2010-09-20","2010","9","Dilluns","18:15:00","Envestida","2","Centre","818460009","Ajuntament de Rubí","Tarda (14 a 22)",,,
"356/2010","2010-09-21","2010","9","Dimarts","07:20:00","Fregament negatiu (mateix sentit)","2","Can Vallhonrat","818460009","Ajuntament de Rubí","Matí (06 a 14)","41.4741889365","2.0311625954","MULTILINESTRING ((419105.6664662536 4591851.686061168, 419105.4665883382 4591851.693048223))"
"356/2010","2010-09-21","2010","9","Dimarts","07:20:00","Fregament negatiu (mateix sentit)","2","Can Vallhonrat","818460009","Ajuntament de Rubí","Matí (06 a 14)",,,
"357/2010","2010-09-21","2010","9","Dimarts","12:20:00","Xoc sense sortida de via","1","Zona Nord - La Serreta","818460009","Ajuntament de Rubí","Matí (06 a 14)","41.4996805801","2.0353539855","MULTILINESTRING ((419487.1284399723 4594677.97972428, 419487.08005329635 4594677.785665708))"
"357/2010","2010-09-21","2010","9","Dimarts","12:20:00","Xoc sense sortida de via","1","Zona Nord - La Serreta","818460009","Ajuntament de Rubí","Matí (06 a 14)",,,
"358/2010","2010-09-21","2010","9","Dimarts","12:45:00","Xoc sense sortida de via","2","Can Rosés","818460009","Ajuntament de Rubí","Matí (06 a 14)","41.5071110562","2.0337738726","MULTILINESTRING ((419364.46146674606 4595504.393280397, 419364.4191556615 4595504.197807197))"
"358/2010","2010-09-21","2010","9","Dimarts","12:45:00","Xoc sense sortida de via","2","Can Rosés","818460009","Ajuntament de Rubí","Matí (06 a 14)",,,
"359/2010","2010-09-21","2010","9","Dimarts","18:45:00","Atropellament","2","Centre","818460009","Ajuntament de Rubí","Tarda (14 a 22)","41.4888683723","2.0302323675","MULTILINESTRING ((419046.15907925 4593482.182718061, 419046.1765056666 4593482.3819574155))"
"359/2010","2010-09-21","2010","9","Dimarts","18:45:00","Atropellament","2","Centre","818460009","Ajuntament de Rubí","Tarda (14 a 22)",,,
"360/2010","2010-09-22","2010","9","Dimecres","09:35:00","Envestida","2","Ca n'Alzamora","818460009","Ajuntament de Rubí","Matí (06 a 14)",,,
"361/2010","2010-09-22","2010","9","Dimecres","14:15:00","Altres (incendi, explosió, esllavissada, etc.)","2","Centre","818460009","Ajuntament de Rubí","Tarda (14 a 22)",,,
"362/2010","2010-09-22","2010","9","Dimecres","15:45:00","Fregament negatiu (mateix sentit)","2","Zona Desconeguda","818460009","Ajuntament de Rubí","Tarda (14 a 22)",,,
"363/2010","2010-09-22","2010","9","Dimecres","21:20:00","Envestida","2","Sector Z","818460009","Ajuntament de Rubí","Tarda (14 a 22)","41.4863798898","2.0416866038","MULTILINESTRING ((419999.2621789984 4593195.253422081, 419999.3161719978 4593195.445996108))"
"363/2010","2010-09-22","2010","9","Dimecres","21:20:00","Envestida","2","Sector Z","818460009","Ajuntament de Rubí","Tarda (14 a 22)",,,
"364/2010","2010-09-24","2010","9","Divendres","11:45:00","Xoc sense sortida de via","2","Els Avets","818460009","Ajuntament de Rubí","Matí (06 a 14)","41.4857940574","2.0204980272","MULTILINESTRING ((418229.7377972876 4593150.037716992, 418229.6487963834 4593150.216822655))"
"364/2010","2010-09-24","2010","9","Divendres","11:45:00","Xoc sense sortida de via","2","Els Avets","818460009","Ajuntament de Rubí","Matí (06 a 14)",,,
"365/2010","2010-09-25","2010","9","Dissabte","06:45:00","Col·lisió frontal","2","Castellnou - Can Mir","818460009","Ajuntament de Rubí","Matí (06 a 14)","41.5266170213","1.9997818862","MULTILINESTRING ((416552.7613451212 4597702.068489773, 416552.62822682835 4597702.217753031))"
"365/2010","2010-09-25","2010","9","Dissabte","06:45:00","Col·lisió frontal","2","Castellnou - Can Mir","818460009","Ajuntament de Rubí","Matí (06 a 14)",,,
"366/2010","2010-09-25","2010","9","Dissabte","13:20:00","Encalç","4","Plana de Can Bertran","818460009","Ajuntament de Rubí","Matí (06 a 14)","41.4929049654","2.0384729936","MULTILINESTRING ((419739.0702220919 4593922.647296394, 419739.06202945585 4593922.847128525))"
"366/2010","2010-09-25","2010","9","Dissabte","13:20:00","Encalç","4","Plana de Can Bertran","818460009","Ajuntament de Rubí","Matí (06 a 14)",,,
"367/2010","2010-09-27","2010","9","Dilluns","19:50:00","Col·lisió frontal","2","Centre","818460009","Ajuntament de Rubí","Tarda (14 a 22)",,,
"369/2010","2010-09-28","2010","9","Dimarts","13:45:00","Xoc sense sortida de via","1","Castellnou - Can Mir","818460009","Ajuntament de Rubí","Matí (06 a 14)","41.5315830009","1.9999192711","MULTILINESTRING ((416570.4678989063 4598253.4140329, 416570.60759854177 4598253.270910532))"
"369/2010","2010-09-28","2010","9","Dimarts","13:45:00","Xoc sense sortida de via","1","Castellnou - Can Mir","818460009","Ajuntament de Rubí","Matí (06 a 14)",,,
"368/2010","2010-09-28","2010","9","Dimarts","14:15:00","Envestida","2","Centre","818460009","Ajuntament de Rubí","Tarda (14 a 22)",,,
"370/2010","2010-09-30","2010","9","Dijous","02:10:00","Xoc sense sortida de via","1","Sant Muç","818460009","Ajuntament de Rubí","Nit (22 a 06)",,,
"371/2010","2010-09-30","2010","9","Dijous","18:05:00","Fregament negatiu (mateix sentit)","2","Ca n'Alzamora","818460009","Ajuntament de Rubí","Tarda (14 a 22)",,,
"372/2010","2010-10-01","2010","10","Divendres","05:20:00","Envestida","2","El Mercat","818460009","Ajuntament de Rubí","Nit (22 a 06)","41.4918404989","2.0382377379","MULTILINESTRING ((419718.0740834033 4593804.695897854, 419718.1542445378 4593804.879130473))"
"372/2010","2010-10-01","2010","10","Divendres","05:20:00","Envestida","2","El Mercat","818460009","Ajuntament de Rubí","Nit (22 a 06)",,,
"373/2010","2010-10-01","2010","10","Divendres","09:40:00","Fregament negatiu (mateix sentit)","2","Zona Nord - La Serreta","818460009","Ajuntament de Rubí","Matí (06 a 14)","41.4975155756","2.0313689187","MULTILINESTRING ((419151.8306612475 4594441.335092904, 419151.7679149968 4594441.145190541))"
"373/2010","2010-10-01","2010","10","Divendres","09:40:00","Fregament negatiu (mateix sentit)","2","Zona Nord - La Serreta","818460009","Ajuntament de Rubí","Matí (06 a 14)",,,
"430/2010","2010-10-01","2010","10","Divendres","12:25:00","Envestida","2","Zona Desconeguda","818460009","Ajuntament de Rubí","Matí (06 a 14)",,,
"374/2010","2010-10-02","2010","10","Dissabte","01:15:00","Encalç","3","Centre","818460009","Ajuntament de Rubí","Nit (22 a 06)",,,
"375/2010","2010-10-04","2010","10","Dilluns","11:20:00","Encalç","4","Zona Desconeguda","818460009","Ajuntament de Rubí","Matí (06 a 14)",,,
"376/2010","2010-10-04","2010","10","Dilluns","20:00:00","Envestida","2","Sector Z","818460009","Ajuntament de Rubí","Tarda (14 a 22)",,,
"378/2010","2010-10-06","2010","10","Dimecres","10:15:00","Envestida","2","Ca n'Oriol","818460009","Ajuntament de Rubí","Matí (06 a 14)",,,
"377/2010","2010-10-06","2010","10","Dimecres","19:30:00","Atropellament","2","Can Fatjó","818460009","Ajuntament de Rubí","Tarda (14 a 22)","41.4906635233","2.0273294556","MULTILINESTRING ((418806.009092172 4593684.231306631, 418806.148022896 4593684.375175509))"
"377/2010","2010-10-06","2010","10","Dimecres","19:30:00","Atropellament","2","Can Fatjó","818460009","Ajuntament de Rubí","Tarda (14 a 22)",,,
"380/2010","2010-10-08","2010","10","Divendres","22:00:00","Xoc sense sortida de via","3","25 de Setembre","818460009","Ajuntament de Rubí","Nit (22 a 06)","41.4852719493","2.0402246076","MULTILINESTRING ((419875.80681847065 4593073.772604495, 419875.94152462744 4593073.624772661))"
"380/2010","2010-10-08","2010","10","Divendres","22:00:00","Xoc sense sortida de via","3","25 de Setembre","818460009","Ajuntament de Rubí","Nit (22 a 06)",,,
"381/2010","2010-10-08","2010","10","Divendres","23:25:00","Sortida de via amb caiguda, bolcada, xoc","1","Zona Nord - La Serreta","818460009","Ajuntament de Rubí","Nit (22 a 06)","41.5014750686","2.0331596224","MULTILINESTRING ((419306.21384166984 4594879.248818775, 419306.1468888932 4594879.060358365))"
"381/2010","2010-10-08","2010","10","Divendres","23:25:00","Sortida de via amb caiguda, bolcada, xoc","1","Zona Nord - La Serreta","818460009","Ajuntament de Rubí","Nit (22 a 06)",,,
"379/2010","2010-10-09","2010","10","Dissabte","05:50:00","Sortida de via amb caiguda, bolcada, xoc","1","Sant Muç","818460009","Ajuntament de Rubí","Nit (22 a 06)",,,
"383/2010","2010-10-09","2010","10","Dissabte","19:52:00","Múltiple","3","Zona Desconeguda","818460009","Ajuntament de Rubí","Tarda (14 a 22)",,,
"382/2010","2010-10-10","2010","10","Diumenge","04:10:00","Altres (incendi, explosió, esllavissada, etc.)","1","Zona Nord - La Serreta","818460009","Ajuntament de Rubí","Nit (22 a 06)",,,
"390/2010","2010-10-10","2010","10","Diumenge","05:30:00","Altres (incendi, explosió, esllavissada, etc.)","1","Sant Muç","818460009","Ajuntament de Rubí","Nit (22 a 06)",,,
"384/2010","2010-10-10","2010","10","Diumenge","07:00:00","Xoc sense sortida de via","2","El Progrés - Rubí 2000","818460009","Ajuntament de Rubí","Matí (06 a 14)",,,
"385/2010","2010-10-10","2010","10","Diumenge","13:01:00","Envestida","2","Can Rosés","818460009","Ajuntament de Rubí","Matí (06 a 14)","41.5070950408","2.0355967678","MULTILINESTRING ((419516.54830041673 4595500.91873023, 419516.55246722244 4595500.718773641))"
"385/2010","2010-10-10","2010","10","Diumenge","13:01:00","Envestida","2","Can Rosés","818460009","Ajuntament de Rubí","Matí (06 a 14)",,,
"386/2010","2010-10-11","2010","10","Dilluns","04:30:00","Xoc sense sortida de via","2","Ca n'Oriol","818460009","Ajuntament de Rubí","Nit (22 a 06)",,,
"387/2010","2010-10-11","2010","10","Dilluns","19:45:00","Múltiple","3","Zona Desconeguda","818460009","Ajuntament de Rubí","Tarda (14 a 22)",,,
"388/2010","2010-10-11","2010","10","Dilluns","21:10:00","Fregament negatiu (mateix sentit)","2","Can Rosés","818460009","Ajuntament de Rubí","Tarda (14 a 22)",,,
"389/2010","2010-10-12","2010","10","Dimarts","07:25:00","Xoc sense sortida de via","1","Castellnou - Can Mir","818460009","Ajuntament de Rubí","Matí (06 a 14)",,,
"391/2010","2010-10-13","2010","10","Dimecres","13:20:00","Envestida","2","Centre","818460009","Ajuntament de Rubí","Matí (06 a 14)",,,
"392/2010","2010-10-13","2010","10","Dimecres","14:20:00","Xoc sense sortida de via","2","Ca n'Oriol","818460009","Ajuntament de Rubí","Tarda (14 a 22)","41.4983547149","2.0391537194","MULTILINESTRING ((419802.60844949697 4594527.252248587, 419802.61526599585 4594527.0523647815))"
"392/2010","2010-10-13","2010","10","Dimecres","14:20:00","Xoc sense sortida de via","2","Ca n'Oriol","818460009","Ajuntament de Rubí","Tarda (14 a 22)",,,
"393/2010","2010-10-13","2010","10","Dimecres","18:50:00","Xoc sense sortida de via","2","Can Rosés","818460009","Ajuntament de Rubí","Tarda (14 a 22)","41.5091702381","2.0385784548","MULTILINESTRING ((419767.9518500372 4595728.538033365, 419767.947633383 4595728.338077822))"
"393/2010","2010-10-13","2010","10","Dimecres","18:50:00","Xoc sense sortida de via","2","Can Rosés","818460009","Ajuntament de Rubí","Tarda (14 a 22)",,,
"394/2010","2010-10-13","2010","10","Dimecres","20:30:00","Envestida","2","Centre","818460009","Ajuntament de Rubí","Tarda (14 a 22)",,,
"396/2010","2010-10-14","2010","10","Dijous","08:15:00","Xoc sense sortida de via","1","Zona Desconeguda","818460009","Ajuntament de Rubí","Matí (06 a 14)",,,
"395/2010","2010-10-14","2010","10","Dijous","16:20:00","Encalç","2","Zona Nord - La Serreta","818460009","Ajuntament de Rubí","Tarda (14 a 22)",,,
"397/2010","2010-10-14","2010","10","Dijous","20:20:00","Múltiple","4","Plana de Can Bertran","818460009","Ajuntament de Rubí","Tarda (14 a 22)","41.4929818125","2.0369333378","MULTILINESTRING ((419610.606726481 4593932.615110333, 419610.6751353081 4593932.803047112))"
"397/2010","2010-10-14","2010","10","Dijous","20:20:00","Múltiple","4","Plana de Can Bertran","818460009","Ajuntament de Rubí","Tarda (14 a 22)",,,
"398/2010","2010-10-16","2010","10","Dissabte","19:15:00","Encalç","2","Zona Desconeguda","818460009","Ajuntament de Rubí","Tarda (14 a 22)",,,
"399/2010","2010-10-17","2010","10","Diumenge","06:30:00","Xoc sense sortida de via","1","Zona Nord - La Serreta","818460009","Ajuntament de Rubí","Matí (06 a 14)",,,
"400/2010","2010-10-18","2010","10","Dilluns","18:40:00","Xoc sense sortida de via","3","Can Fatjó","818460009","Ajuntament de Rubí","Tarda (14 a 22)","41.4880127856","2.0253200492","MULTILINESTRING ((418634.92918476544 4593391.936292434, 418635.1187796873 4593391.872623244))"
"400/2010","2010-10-18","2010","10","Dilluns","18:40:00","Xoc sense sortida de via","3","Can Fatjó","818460009","Ajuntament de Rubí","Tarda (14 a 22)",,,
"401/2010","2010-10-18","2010","10","Dilluns","21:20:00","Fregament negatiu (mateix sentit)","2","El Progrés - Rubí 2000","818460009","Ajuntament de Rubí","Tarda (14 a 22)",,,
"402/2010","2010-10-19","2010","10","Dimarts","10:00:00","Col·lisió frontal","2","Can Vallhonrat","818460009","Ajuntament de Rubí","Matí (06 a 14)",,,
"403/2010","2010-10-19","2010","10","Dimarts","11:00:00","Envestida","2","Les Torres","818460009","Ajuntament de Rubí","Matí (06 a 14)",,,
"404/2010","2010-10-19","2010","10","Dimarts","11:30:00","Envestida","2","Centre","818460009","Ajuntament de Rubí","Matí (06 a 14)","41.4867450106","2.0306691123","MULTILINESTRING ((419079.96238845336 4593246.0384925855, 419080.00625127123 4593246.233623449))"
"404/2010","2010-10-19","2010","10","Dimarts","11:30:00","Envestida","2","Centre","818460009","Ajuntament de Rubí","Matí (06 a 14)",,,
"406/2010","2010-10-19","2010","10","Dimarts","12:15:00","Fregament negatiu (mateix sentit)","3","Centre","818460009","Ajuntament de Rubí","Matí (06 a 14)","41.494993409","2.0316117235","MULTILINESTRING ((419168.92432156176 4594160.899676673, 419168.9347954155 4594161.09940223))"
"406/2010","2010-10-19","2010","10","Dimarts","12:15:00","Fregament negatiu (mateix sentit)","3","Centre","818460009","Ajuntament de Rubí","Matí (06 a 14)",,,
"405/2010","2010-10-19","2010","10","Dimarts","12:50:00","Envestida","2","Centre","818460009","Ajuntament de Rubí","Matí (06 a 14)","41.4929223441","2.0313715445","MULTILINESTRING ((419146.206008396 4593931.294115872, 419146.40597786126 4593931.290621163))"
"405/2010","2010-10-19","2010","10","Dimarts","12:50:00","Envestida","2","Centre","818460009","Ajuntament de Rubí","Matí (06 a 14)",,,
"412/2010","2010-10-21","2010","10","Dijous","09:20:00","Encalç","2","Ca n'Oriol","818460009","Ajuntament de Rubí","Matí (06 a 14)","41.4984546482","2.0449344934","MULTILINESTRING ((420285.3168272836 4594532.844602557, 420285.15196971147 4594532.957836742))"
"412/2010","2010-10-21","2010","10","Dijous","09:20:00","Encalç","2","Ca n'Oriol","818460009","Ajuntament de Rubí","Matí (06 a 14)",,,
"407/2010","2010-10-22","2010","10","Divendres","06:30:00","Fregament negatiu (mateix sentit)","2","Zona Desconeguda","818460009","Ajuntament de Rubí","Matí (06 a 14)",,,
"411/2010","2010-10-22","2010","10","Divendres","09:35:00",,"2","Sant Jordi Parc","818460009","Ajuntament de Rubí","Matí (06 a 14)","41.4902546539","2.0207675673","MULTILINESTRING ((418257.8422319258 4593645.000264074, 418257.76304256765 4593645.183918764))"
"411/2010","2010-10-22","2010","10","Divendres","09:35:00",,"2","Sant Jordi Parc","818460009","Ajuntament de Rubí","Matí (06 a 14)",,,
"409/2010","2010-10-22","2010","10","Divendres","12:20:00","Col·lisió frontal","2","Sector Z","818460009","Ajuntament de Rubí","Matí (06 a 14)",,,
"408/2010","2010-10-22","2010","10","Divendres","17:01:00","Simple","2","Centre","818460009","Ajuntament de Rubí","Tarda (14 a 22)",,,
"410/2010","2010-10-23","2010","10","Dissabte","09:30:00","Xoc sense sortida de via","2","Ca n'Alzamora","818460009","Ajuntament de Rubí","Matí (06 a 14)","41.4799778444","2.034188048","MULTILINESTRING ((419365.3374035999 4592491.650639423, 419365.382338133 4592491.455752565))"
"410/2010","2010-10-23","2010","10","Dissabte","09:30:00","Xoc sense sortida de via","2","Ca n'Alzamora","818460009","Ajuntament de Rubí","Matí (06 a 14)",,,
"413/2010","2010-10-23","2010","10","Dissabte","11:00:00","Fregament negatiu (mateix sentit)","2","Ca n'Alzamora","818460009","Ajuntament de Rubí","Matí (06 a 14)","41.4830556142","2.0338938778","MULTILINESTRING ((419344.71481567586 4592833.541209236, 419344.5178542343 4592833.506478984))"
"413/2010","2010-10-23","2010","10","Dissabte","11:00:00","Fregament negatiu (mateix sentit)","2","Ca n'Alzamora","818460009","Ajuntament de Rubí","Matí (06 a 14)",,,
"414/2010","2010-10-24","2010","10","Diumenge","09:30:00","Xoc sense sortida de via","0","Can Rosés","818460009","Ajuntament de Rubí","Matí (06 a 14)","41.5035659483","2.0347303519","MULTILINESTRING ((419439.80708097987 4595109.743000393, 419439.93064130645 4595109.90026719))"
"414/2010","2010-10-24","2010","10","Diumenge","09:30:00","Xoc sense sortida de via","0","Can Rosés","818460009","Ajuntament de Rubí","Matí (06 a 14)",,,
"415/2010","2010-10-24","2010","10","Diumenge","09:30:00","Xoc sense sortida de via","3","Zona Desconeguda","818460009","Ajuntament de Rubí","Matí (06 a 14)",,,
"416/2010","2010-10-25","2010","10","Dilluns","09:45:00","Atropellament","2","El Mercat","818460009","Ajuntament de Rubí","Matí (06 a 14)",,,
"417/2010","2010-10-25","2010","10","Dilluns","16:45:00","Xoc sense sortida de via","2","Zona Nord - La Serreta","818460009","Ajuntament de Rubí","Tarda (14 a 22)",,,
"418/2010","2010-10-26","2010","10","Dimarts","10:00:00","Encalç","2","Centre","818460009","Ajuntament de Rubí","Matí (06 a 14)",,,
"419/2010","2010-10-26","2010","10","Dimarts","13:05:00","Col·lisió frontal","2","Sant Muç","818460009","Ajuntament de Rubí","Matí (06 a 14)",,,
"420/2010","2010-10-26","2010","10","Dimarts","13:20:00","Envestida","2","El Mercat","818460009","Ajuntament de Rubí","Matí (06 a 14)",,,
"422/2010","2010-10-28","2010","10","Dijous","11:00:00","Xoc sense sortida de via","2","Ca n'Alzamora","818460009","Ajuntament de Rubí","Matí (06 a 14)",,,
"421/2010","2010-10-28","2010","10","Dijous","11:55:00","Sortida de via amb caiguda, bolcada, xoc","3","El Mercat","818460009","Ajuntament de Rubí","Matí (06 a 14)","41.4880822754","2.0379332897","MULTILINESTRING ((419688.1477059351 4593387.783413627, 419687.96950791334 4593387.874218171))"
"421/2010","2010-10-28","2010","10","Dijous","11:55:00","Sortida de via amb caiguda, bolcada, xoc","3","El Mercat","818460009","Ajuntament de Rubí","Matí (06 a 14)",,,
"423/2010","2010-10-28","2010","10","Dijous","19:15:00","Envestida","2","Zona Nord - La Serreta","818460009","Ajuntament de Rubí","Tarda (14 a 22)",,,
"424/2010","2010-10-29","2010","10","Divendres","18:30:00","Xoc sense sortida de via","1","Zona Nord - La Serreta","818460009","Ajuntament de Rubí","Tarda (14 a 22)","41.4959208058","2.0372917152","MULTILINESTRING ((419644.27843876084 4594258.709836567, 419644.09875168116 4594258.622015423))"
"424/2010","2010-10-29","2010","10","Divendres","18:30:00","Xoc sense sortida de via","1","Zona Nord - La Serreta","818460009","Ajuntament de Rubí","Tarda (14 a 22)",,,
"425/2010","2010-11-02","2010","11","Dimarts","06:45:00","Fregament negatiu (mateix sentit)","2","Can Fatjó","818460009","Ajuntament de Rubí","Matí (06 a 14)",,,
"427/2010","2010-11-02","2010","11","Dimarts","14:25:00","Altres (incendi, explosió, esllavissada, etc.)","1","Centre","818460009","Ajuntament de Rubí","Tarda (14 a 22)","41.4947389309","2.0320685741","MULTILINESTRING ((419206.84686625353 4594132.316661167, 419206.64698833815 4594132.323648224))"
"427/2010","2010-11-02","2010","11","Dimarts","14:25:00","Altres (incendi, explosió, esllavissada, etc.)","1","Centre","818460009","Ajuntament de Rubí","Tarda (14 a 22)",,,
"426/2010","2010-11-02","2010","11","Dimarts","16:15:00","Col·lisió frontal","2","Plana del Castell","818460009","Ajuntament de Rubí","Tarda (14 a 22)","41.4971678582","2.0281848645","MULTILINESTRING ((418885.65500484145 4594405.702205281, 418885.54607312195 4594405.534473707))"
"426/2010","2010-11-02","2010","11","Dimarts","16:15:00","Col·lisió frontal","2","Plana del Castell","818460009","Ajuntament de Rubí","Tarda (14 a 22)",,,
"428/2010","2010-11-02","2010","11","Dimarts","17:55:00","Xoc sense sortida de via","2","Can Fatjó","818460009","Ajuntament de Rubí","Tarda (14 a 22)","41.4641206066","2.0118241128","MULTILINESTRING ((417478.18468041474 4590752.173445257, 417477.98590721947 4590752.151327011))"
"428/2010","2010-11-02","2010","11","Dimarts","17:55:00","Xoc sense sortida de via","2","Can Fatjó","818460009","Ajuntament de Rubí","Tarda (14 a 22)",,,
"432/2010","2010-11-03","2010","11","Dimecres","07:30:00","Envestida","2","Zona Desconeguda","818460009","Ajuntament de Rubí","Matí (06 a 14)",,,
"429/2010","2010-11-03","2010","11","Dimecres","11:50:00","Altres (incendi, explosió, esllavissada, etc.)","1","Centre","818460009","Ajuntament de Rubí","Matí (06 a 14)","41.4897344666","2.0313954403","MULTILINESTRING ((419144.3364000004 4593577.4488, 419144.3364000004 4593577.248800001))"
"429/2010","2010-11-03","2010","11","Dimecres","11:50:00","Altres (incendi, explosió, esllavissada, etc.)","1","Centre","818460009","Ajuntament de Rubí","Matí (06 a 14)",,,
"431/2010","2010-11-04","2010","11","Dijous","06:05:00","Atropellament","2","El Mercat","818460009","Ajuntament de Rubí","Matí (06 a 14)",,,
"433/2010","2010-11-04","2010","11","Dijous","21:15:00","Envestida","2","Centre","818460009","Ajuntament de Rubí","Tarda (14 a 22)",,,
"434/2010","2010-11-06","2010","11","Dissabte","19:30:00","Fregament negatiu (mateix sentit)","2","Can Rosés","818460009","Ajuntament de Rubí","Tarda (14 a 22)","41.49994394","2.0390130018","MULTILINESTRING ((419792.7573935542 4594703.649221412, 419792.8980247389 4594703.79142855))"
"434/2010","2010-11-06","2010","11","Dissabte","19:30:00","Fregament negatiu (mateix sentit)","2","Can Rosés","818460009","Ajuntament de Rubí","Tarda (14 a 22)",,,
"435/2010","2010-11-07","2010","11","Diumenge","11:10:00","Fregament positiu (diferent sentit)","2","Zona Desconeguda","818460009","Ajuntament de Rubí","Matí (06 a 14)",,,
"436/2010","2010-11-08","2010","11","Dilluns","14:00:00","Envestida","2","Zona Desconeguda","818460009","Ajuntament de Rubí","Tarda (14 a 22)",,,
"437/2010","2010-11-10","2010","11","Dimecres","08:00:00","Encalç","2","Zona Desconeguda","818460009","Ajuntament de Rubí","Matí (06 a 14)",,,
"438/2010","2010-11-10","2010","11","Dimecres","08:20:00","Xoc sense sortida de via","1","El Progrés - Rubí 2000","818460009","Ajuntament de Rubí","Matí (06 a 14)",,,
"440/2010","2010-11-10","2010","11","Dimecres","12:40:00","Encalç","2","Zona Desconeguda","818460009","Ajuntament de Rubí","Matí (06 a 14)",,,
"439/2010","2010-11-10","2010","11","Dimecres","15:54:00","Xoc sense sortida de via","2","El Progrés - Rubí 2000","818460009","Ajuntament de Rubí","Tarda (14 a 22)",,,
"441/2010","2010-11-11","2010","11","Dijous","12:30:00","Encalç","3","Zona Desconeguda","818460009","Ajuntament de Rubí","Matí (06 a 14)",,,
"456/2010","2010-11-11","2010","11","Dijous","14:00:00","Atropellament","2","Zona Desconeguda","818460009","Ajuntament de Rubí","Tarda (14 a 22)",,,
"447/2010","2010-11-12","2010","11","Divendres","07:20:00","Fregament negatiu (mateix sentit)","2","Zona Desconeguda","818460009","Ajuntament de Rubí","Matí (06 a 14)",,,
"444/2010","2010-11-13","2010","11","Dissabte","02:10:00","Fregament positiu (diferent sentit)","3","Can Fatjó","818460009","Ajuntament de Rubí","Nit (22 a 06)","41.4905606579","2.0266150605","MULTILINESTRING ((418746.215958871 4593673.540117876, 418746.414011828 4593673.567957169))"
"444/2010","2010-11-13","2010","11","Dissabte","02:10:00","Fregament positiu (diferent sentit)","3","Can Fatjó","818460009","Ajuntament de Rubí","Nit (22 a 06)",,,
"442/2010","2010-11-13","2010","11","Dissabte","05:00:00","Envestida","2","Can Rosés","818460009","Ajuntament de Rubí","Nit (22 a 06)",,,
"445/2010","2010-11-13","2010","11","Dissabte","11:40:00","Xoc sense sortida de via","1","Castellnou - Can Mir","818460009","Ajuntament de Rubí","Matí (06 a 14)","41.5298622648","2.0018995614","MULTILINESTRING ((416733.4697361808 4598060.469358968, 416733.5988815744 4598060.316645289))"
"445/2010","2010-11-13","2010","11","Dissabte","11:40:00","Xoc sense sortida de via","1","Castellnou - Can Mir","818460009","Ajuntament de Rubí","Matí (06 a 14)",,,
"443/2010","2010-11-13","2010","11","Dissabte","14:10:00","Xoc sense sortida de via","1","Centre","818460009","Ajuntament de Rubí","Tarda (14 a 22)",,,
"446/2010","2010-11-14","2010","11","Diumenge","08:45:00","Envestida","2","Centre","818460009","Ajuntament de Rubí","Matí (06 a 14)","41.4941719911","2.0335792489","MULTILINESTRING ((419332.1863985457 4594068.056599731, 419332.09559806087 4594067.878399641))"
"446/2010","2010-11-14","2010","11","Diumenge","08:45:00","Envestida","2","Centre","818460009","Ajuntament de Rubí","Matí (06 a 14)",,,
"448/2010","2010-11-15","2010","11","Dilluns","07:15:00","Xoc sense sortida de via","4","Centre","818460009","Ajuntament de Rubí","Matí (06 a 14)","41.49649443","2.0312787581","MULTILINESTRING ((419143.0443565816 4594327.864426638, 419142.9630087754 4594328.047135517))"
"448/2010","2010-11-15","2010","11","Dilluns","07:15:00","Xoc sense sortida de via","4","Centre","818460009","Ajuntament de Rubí","Matí (06 a 14)",,,
"449/2010","2010-11-15","2010","11","Dilluns","09:55:00","Xoc sense sortida de via","3","Centre","818460009","Ajuntament de Rubí","Matí (06 a 14)","41.4956346809","2.0325362595","MULTILINESTRING ((419246.97437561746 4594231.266075286, 419246.8211674899 4594231.394633717))"
"449/2010","2010-11-15","2010","11","Dilluns","09:55:00","Xoc sense sortida de via","3","Centre","818460009","Ajuntament de Rubí","Matí (06 a 14)",,,
"450/2010","2010-11-15","2010","11","Dilluns","14:20:00","Fregament negatiu (mateix sentit)","2","Can Rosés","818460009","Ajuntament de Rubí","Tarda (14 a 22)",,,
"451/2010","2010-11-16","2010","11","Dimarts","09:15:00","Xoc sense sortida de via","1","Centre","818460009","Ajuntament de Rubí","Matí (06 a 14)","41.4929311656","2.0330710914","MULTILINESTRING ((419288.0838089108 4593930.68574538, 419288.2837785478 4593930.682260508))"
"451/2010","2010-11-16","2010","11","Dimarts","09:15:00","Xoc sense sortida de via","1","Centre","818460009","Ajuntament de Rubí","Matí (06 a 14)",,,
"452/2010","2010-11-17","2010","11","Dimecres","13:15:00","Envestida","2","El Mercat","818460009","Ajuntament de Rubí","Matí (06 a 14)",,,
"453/2010","2010-11-18","2010","11","Dijous","17:30:00","Envestida","2","Can Vallhonrat","818460009","Ajuntament de Rubí","Tarda (14 a 22)","41.4741889365","2.0311625954","MULTILINESTRING ((419105.6664662536 4591851.686061168, 419105.4665883382 4591851.693048223))"
"453/2010","2010-11-18","2010","11","Dijous","17:30:00","Envestida","2","Can Vallhonrat","818460009","Ajuntament de Rubí","Tarda (14 a 22)",,,
"454/2010","2010-11-18","2010","11","Dijous","19:30:00","Sortida de via amb caiguda, bolcada, xoc","2","Can Ximelis - D4","818460009","Ajuntament de Rubí","Tarda (14 a 22)",,,
"455/2010","2010-11-19","2010","11","Divendres","15:15:00","Xoc sense sortida de via","2","Zona Nord - La Serreta","818460009","Ajuntament de Rubí","Tarda (14 a 22)","41.5003512853","2.0330055771","MULTILINESTRING ((419291.8997574147 4594754.438731763, 419291.9561765531 4594754.630609017))"
"455/2010","2010-11-19","2010","11","Divendres","15:15:00","Xoc sense sortida de via","2","Zona Nord - La Serreta","818460009","Ajuntament de Rubí","Tarda (14 a 22)",,,
"457/2010","2010-11-20","2010","11","Dissabte","12:00:00","Xoc sense sortida de via","4","Zona Nord - La Serreta","818460009","Ajuntament de Rubí","Matí (06 a 14)","41.4975676461","2.0324983063","MULTILINESTRING ((419246.22568853456 4594445.9332743855, 419246.0364513794 4594445.99799918))"
"457/2010","2010-11-20","2010","11","Dissabte","12:00:00","Xoc sense sortida de via","4","Zona Nord - La Serreta","818460009","Ajuntament de Rubí","Matí (06 a 14)",,,
"458/2010","2010-11-21","2010","11","Diumenge","20:05:00","Xoc sense sortida de via","2","Zona Nord - La Serreta","818460009","Ajuntament de Rubí","Tarda (14 a 22)",,,
"459/2010","2010-11-22","2010","11","Dilluns","13:15:00","Encalç","3","Castellnou - Can Mir","818460009","Ajuntament de Rubí","Matí (06 a 14)",,,
"460/2010","2010-11-22","2010","11","Dilluns","20:35:00","Envestida","2","Centre","818460009","Ajuntament de Rubí","Tarda (14 a 22)",,,
"461/2010","2010-11-23","2010","11","Dimarts","13:20:00","Xoc sense sortida de via","2","Can Ximelis - D4","818460009","Ajuntament de Rubí","Matí (06 a 14)",,,
"462/2010","2010-11-26","2010","11","Divendres","07:45:00","Xoc sense sortida de via","1","Zona Nord - La Serreta","818460009","Ajuntament de Rubí","Matí (06 a 14)","41.5013823324","2.0328694105","MULTILINESTRING ((419281.8099583302 4594869.035581226, 419281.87691110687 4594869.224041635))"
"462/2010","2010-11-26","2010","11","Divendres","07:45:00","Xoc sense sortida de via","1","Zona Nord - La Serreta","818460009","Ajuntament de Rubí","Matí (06 a 14)",,,
"463/2010","2010-11-26","2010","11","Divendres","10:40:00","Xoc sense sortida de via","1","Can Vallhonrat","818460009","Ajuntament de Rubí","Matí (06 a 14)",,,
"464/2010","2010-11-27","2010","11","Dissabte","15:00:00","Col·lisió frontal","2","Can Barceló - Vallespark","818460009","Ajuntament de Rubí","Tarda (14 a 22)",,,
"465/2010","2010-11-27","2010","11","Dissabte","18:45:00","Xoc sense sortida de via","1","Centre","818460009","Ajuntament de Rubí","Tarda (14 a 22)",,,
"466/2010","2010-11-28","2010","11","Diumenge","06:23:00","Xoc sense sortida de via","4","El Progrés - Rubí 2000","818460009","Ajuntament de Rubí","Matí (06 a 14)",,,
"467/2010","2010-11-28","2010","11","Diumenge","19:15:00","Xoc sense sortida de via","2","Ca n'Alzamora","818460009","Ajuntament de Rubí","Tarda (14 a 22)",,,
"468/2010","2010-11-28","2010","11","Diumenge","19:50:00","Sortida de via amb caiguda, bolcada, xoc","1","Ca n'Oriol","818460009","Ajuntament de Rubí","Tarda (14 a 22)","41.4988703325","2.0435170642","MULTILINESTRING ((420167.50441151066 4594580.433022221, 420167.3705820143 4594580.284396295))"
"468/2010","2010-11-28","2010","11","Diumenge","19:50:00","Sortida de via amb caiguda, bolcada, xoc","1","Ca n'Oriol","818460009","Ajuntament de Rubí","Tarda (14 a 22)",,,
"469/2010","2010-11-29","2010","11","Dilluns","08:45:00","Atropellament","2","Centre","818460009","Ajuntament de Rubí","Matí (06 a 14)",,,
"471/2010","2010-11-29","2010","11","Dilluns","12:45:00","Envestida","2","Centre","818460009","Ajuntament de Rubí","Matí (06 a 14)",,,
"470/2010","2010-11-29","2010","11","Dilluns","13:10:00","Col·lisió frontal","2","Sant Muç","818460009","Ajuntament de Rubí","Matí (06 a 14)","41.5049566273","2.0140881226","MULTILINESTRING ((417718.9073596285 4595283.587881011, 417718.7637128379 4595283.727041349))"
"470/2010","2010-11-29","2010","11","Dilluns","13:10:00","Col·lisió frontal","2","Sant Muç","818460009","Ajuntament de Rubí","Matí (06 a 14)",,,
"472/2010","2010-11-30","2010","11","Dimarts","15:35:00","Col·lisió frontal","2","Can Vallhonrat","818460009","Ajuntament de Rubí","Tarda (14 a 22)","41.4741889365","2.0311625954","MULTILINESTRING ((419105.6664662536 4591851.686061168, 419105.4665883382 4591851.693048223))"
"472/2010","2010-11-30","2010","11","Dimarts","15:35:00","Col·lisió frontal","2","Can Vallhonrat","818460009","Ajuntament de Rubí","Tarda (14 a 22)",,,
"473/2010","2010-12-03","2010","12","Divendres","08:30:00","Fregament negatiu (mateix sentit)","2","Can Fatjó","818460009","Ajuntament de Rubí","Matí (06 a 14)","41.4909869177","2.0277077051","MULTILINESTRING ((418838.0243458398 4593719.757229477, 418838.0898277863 4593719.946205969))"
"473/2010","2010-12-03","2010","12","Divendres","08:30:00","Fregament negatiu (mateix sentit)","2","Can Fatjó","818460009","Ajuntament de Rubí","Matí (06 a 14)",,,
"474/2010","2010-12-03","2010","12","Divendres","16:57:00","Col·lisió frontal","2","El Mercat","818460009","Ajuntament de Rubí","Tarda (14 a 22)","41.4876792423","2.039052593","MULTILINESTRING ((419781.09053985315 4593342.001715919, 419780.9101198042 4593342.088021226))"
"474/2010","2010-12-03","2010","12","Divendres","16:57:00","Col·lisió frontal","2","El Mercat","818460009","Ajuntament de Rubí","Tarda (14 a 22)",,,
"475/2010","2010-12-06","2010","12","Dilluns","11:00:00","Encalç","2","Zona Desconeguda","818460009","Ajuntament de Rubí","Matí (06 a 14)",,,
"476/2010","2010-12-06","2010","12","Dilluns","19:30:00","Fregament negatiu (mateix sentit)","2","Centre","818460009","Ajuntament de Rubí","Tarda (14 a 22)","41.4899673548","2.0344607159","MULTILINESTRING ((419400.41304352 4593600.306933105, 419400.59975802666 4593600.378610809))"
"476/2010","2010-12-06","2010","12","Dilluns","19:30:00","Fregament negatiu (mateix sentit)","2","Centre","818460009","Ajuntament de Rubí","Tarda (14 a 22)",,,
"477/2010","2010-12-07","2010","12","Dimarts","15:00:00","Col·lisió frontal","2","Sector Z","818460009","Ajuntament de Rubí","Tarda (14 a 22)",,,
"478/2010","2010-12-09","2010","12","Dijous","09:10:00","Xoc sense sortida de via","1","Castellnou - Can Mir","818460009","Ajuntament de Rubí","Matí (06 a 14)","41.5177959457","1.999543848","MULTILINESTRING ((416521.4496410734 4596723.129937254, 416521.54648809787 4596722.954949672))"
"478/2010","2010-12-09","2010","12","Dijous","09:10:00","Xoc sense sortida de via","1","Castellnou - Can Mir","818460009","Ajuntament de Rubí","Matí (06 a 14)",,,
"479/2010","2010-12-09","2010","12","Dijous","19:55:00","Envestida","3","Centre","818460009","Ajuntament de Rubí","Tarda (14 a 22)",,,
"480/2010","2010-12-10","2010","12","Divendres","22:00:00","Fregament negatiu (mateix sentit)","2","Can Vallhonrat","818460009","Ajuntament de Rubí","Nit (22 a 06)","41.4741889365","2.0311625954","MULTILINESTRING ((419105.6664662536 4591851.686061168, 419105.4665883382 4591851.693048223))"
"480/2010","2010-12-10","2010","12","Divendres","22:00:00","Fregament negatiu (mateix sentit)","2","Can Vallhonrat","818460009","Ajuntament de Rubí","Nit (22 a 06)",,,
"481/2010","2010-12-12","2010","12","Diumenge","08:50:00","Xoc sense sortida de via","1","Centre","818460009","Ajuntament de Rubí","Matí (06 a 14)",,,
"482/2010","2010-12-13","2010","12","Dilluns","12:45:00","Encalç","2","Centre","818460009","Ajuntament de Rubí","Matí (06 a 14)",,,
"483/2010","2010-12-15","2010","12","Dimecres","14:30:00","Xoc sense sortida de via","1","Sant Muç","818460009","Ajuntament de Rubí","Tarda (14 a 22)","41.5115787208","2.0107198863","MULTILINESTRING ((417446.07993408863 4596022.140214142, 417446.2060454514 4596021.984985523))"
"483/2010","2010-12-15","2010","12","Dimecres","14:30:00","Xoc sense sortida de via","1","Sant Muç","818460009","Ajuntament de Rubí","Tarda (14 a 22)",,,
"484/2010","2010-12-15","2010","12","Dimecres","21:05:00","Envestida","2","Centre","818460009","Ajuntament de Rubí","Tarda (14 a 22)",,,
"485/2010","2010-12-17","2010","12","Divendres","15:20:00","Fregament negatiu (mateix sentit)","2","Can Rosés","818460009","Ajuntament de Rubí","Tarda (14 a 22)",,,
"486/2010","2010-12-18","2010","12","Dissabte","02:30:00","Múltiple","3","Plana del Castell","818460009","Ajuntament de Rubí","Nit (22 a 06)","41.4935740188","2.0270844196","MULTILINESTRING ((418789.1608843249 4594007.6768092355, 418789.35784576647 4594007.642078983))"
"486/2010","2010-12-18","2010","12","Dissabte","02:30:00","Múltiple","3","Plana del Castell","818460009","Ajuntament de Rubí","Nit (22 a 06)",,,
"487/2010","2010-12-18","2010","12","Dissabte","11:20:00","Xoc sense sortida de via","1","Plana de Can Bertran","818460009","Ajuntament de Rubí","Matí (06 a 14)","41.4913880055","2.0365262605","MULTILINESTRING ((419574.72357351886 4593756.235589667, 419574.65516469185 4593756.047652891))"
"487/2010","2010-12-18","2010","12","Dissabte","11:20:00","Xoc sense sortida de via","1","Plana de Can Bertran","818460009","Ajuntament de Rubí","Matí (06 a 14)",,,
"488/2010","2010-12-19","2010","12","Diumenge","11:55:00","Envestida","4","Zona Desconeguda","818460009","Ajuntament de Rubí","Matí (06 a 14)",,,
"489/2010","2010-12-19","2010","12","Diumenge","15:31:00","Col·lisió frontal","1","Centre","818460009","Ajuntament de Rubí","Tarda (14 a 22)",,,
"492/2010","2010-12-20","2010","12","Dilluns","10:50:00","Encalç","2","Can Vallhonrat","818460009","Ajuntament de Rubí","Matí (06 a 14)","41.4741889365","2.0311625954","MULTILINESTRING ((419105.6664662536 4591851.686061168, 419105.4665883382 4591851.693048223))"
"492/2010","2010-12-20","2010","12","Dilluns","10:50:00","Encalç","2","Can Vallhonrat","818460009","Ajuntament de Rubí","Matí (06 a 14)",,,
"491/2010","2010-12-20","2010","12","Dilluns","13:10:00","Encalç","2","Zona Desconeguda","818460009","Ajuntament de Rubí","Matí (06 a 14)",,,
"490/2010","2010-12-20","2010","12","Dilluns","20:00:00","Encalç","2","Sant Muç","818460009","Ajuntament de Rubí","Tarda (14 a 22)",,,
"493/2010","2010-12-21","2010","12","Dimarts","13:25:00","Envestida","2","Sector Z","818460009","Ajuntament de Rubí","Matí (06 a 14)",,,
"495/2010","2010-12-23","2010","12","Dijous","11:30:00","Encalç","2","Centre","818460009","Ajuntament de Rubí","Matí (06 a 14)","41.4886960767","2.0319734137","MULTILINESTRING ((419191.29890845297 4593461.625421753, 419191.2884446041 4593461.425695672))"
"495/2010","2010-12-23","2010","12","Dijous","11:30:00","Encalç","2","Centre","818460009","Ajuntament de Rubí","Matí (06 a 14)",,,
"496/2010","2010-12-23","2010","12","Dijous","12:35:00","Sortida de via amb caiguda, bolcada, xoc","2","Plana de Can Bertran","818460009","Ajuntament de Rubí","Matí (06 a 14)","41.4942739383","2.0353138334","MULTILINESTRING ((419477.05419574946 4594077.769000762, 419477.05786099925 4594077.569034349))"
"496/2010","2010-12-23","2010","12","Dijous","12:35:00","Sortida de via amb caiguda, bolcada, xoc","2","Plana de Can Bertran","818460009","Ajuntament de Rubí","Matí (06 a 14)",,,
"494/2010","2010-12-23","2010","12","Dijous","13:20:00","Fregament positiu (diferent sentit)","2","Can Serrafossà - La Perla","818460009","Ajuntament de Rubí","Matí (06 a 14)",,,
"497/2010","2010-12-23","2010","12","Dijous","14:45:00","Encalç","2","Centre","818460009","Ajuntament de Rubí","Tarda (14 a 22)","41.4944885892","2.0295876599","MULTILINESTRING ((418999.250683693 4594106.851752836, 418999.4505449237 4594106.844303782))"
"497/2010","2010-12-23","2010","12","Dijous","14:45:00","Encalç","2","Centre","818460009","Ajuntament de Rubí","Tarda (14 a 22)",,,
"498/2010","2010-12-23","2010","12","Dijous","18:30:00","Xoc sense sortida de via","1","Centre","818460009","Ajuntament de Rubí","Tarda (14 a 22)",,,
"499/2010","2010-12-24","2010","12","Divendres","11:15:00","Xoc sense sortida de via","2","El Mercat","818460009","Ajuntament de Rubí","Matí (06 a 14)","41.4896502417","2.0366962842","MULTILINESTRING ((419586.8329662539 4593563.051861166, 419586.63308833854 4593563.058848224))"
"499/2010","2010-12-24","2010","12","Divendres","11:15:00","Xoc sense sortida de via","2","El Mercat","818460009","Ajuntament de Rubí","Matí (06 a 14)",,,
"504/2010","2010-12-24","2010","12","Divendres","17:15:00","Xoc sense sortida de via","1","Zona Nord - La Serreta","818460009","Ajuntament de Rubí","Tarda (14 a 22)",,,
"503/2010","2010-12-24","2010","12","Divendres","19:30:00","Xoc sense sortida de via","1","Can Rosés","818460009","Ajuntament de Rubí","Tarda (14 a 22)",,,
"500/2010","2010-12-25","2010","12","Dissabte","04:15:00","Xoc sense sortida de via","1","Centre","818460009","Ajuntament de Rubí","Nit (22 a 06)","41.4906954978","2.0289607073","MULTILINESTRING ((418942.1892083864 4593686.320984651, 418942.38917784864 4593686.324479537))"
"500/2010","2010-12-25","2010","12","Dissabte","04:15:00","Xoc sense sortida de via","1","Centre","818460009","Ajuntament de Rubí","Nit (22 a 06)",,,
"510/2010","2010-12-25","2010","12","Dissabte","15:45:00","Envestida","2","Centre","818460009","Ajuntament de Rubí","Tarda (14 a 22)",,,
"502/2010","2010-12-26","2010","12","Diumenge","06:05:00","Xoc sense sortida de via","1","Castellnou - Can Mir","818460009","Ajuntament de Rubí","Matí (06 a 14)","41.5360203637","1.9951297685","MULTILINESTRING ((416176.8062037421 4598750.645701154, 416176.61160498956 4598750.599534874))"
"502/2010","2010-12-26","2010","12","Diumenge","06:05:00","Xoc sense sortida de via","1","Castellnou - Can Mir","818460009","Ajuntament de Rubí","Matí (06 a 14)",,,
"505/2010","2010-12-27","2010","12","Dilluns","09:30:00","Xoc sense sortida de via","2","Plana de Can Bertran","818460009","Ajuntament de Rubí","Matí (06 a 14)",,,
"506/2010","2010-12-27","2010","12","Dilluns","09:30:00","Xoc sense sortida de via","0","Plana de Can Bertran","818460009","Ajuntament de Rubí","Matí (06 a 14)",,,
"507/2010","2010-12-27","2010","12","Dilluns","09:30:00","Xoc sense sortida de via","2","Plana de Can Bertran","818460009","Ajuntament de Rubí","Matí (06 a 14)",,,
"508/2010","2010-12-28","2010","12","Dimarts","23:15:00","Col·lisió frontal","1","Can Rosés","818460009","Ajuntament de Rubí","Nit (22 a 06)",,,
"509/2010","2010-12-31","2010","12","Divendres","09:50:00","Atropellament","2","Les Torres","818460009","Ajuntament de Rubí","Matí (06 a 14)","41.4849517677","2.0320292147","MULTILINESTRING ((419191.31722478836 4593045.87530558, 419191.2810330511 4593045.6786074415))"
"509/2010","2010-12-31","2010","12","Divendres","09:50:00","Atropellament","2","Les Torres","818460009","Ajuntament de Rubí","Matí (06 a 14)",,,
