"ID","DATA_ACCIDENT",ANY_ACCIDENT,MES_ACCIDENT,"DIA_SETMANA_ACCIDENT","HORA_ACCIDENT","TIPUS_ACCIDENT",N_IMPLICATS,"ZONA","CODI_ENS","NOM_ENS","TRAM_HORARI",LATITUD,LONGITUD,"PUNT_ACCIDENT"
"1/2016","2016-01-02","2016","1","Dissabte","13:20:00","Xoc sense sortida de via","2","Centre","818460009","Ajuntament de Rubí","Matí (06 a 14)","41.4941719911","2.0335792489","MULTILINESTRING ((419332.1863985457 4594068.056599731, 419332.09559806087 4594067.878399641))"
"1/2016","2016-01-02","2016","1","Dissabte","13:20:00","Xoc sense sortida de via","2","Centre","818460009","Ajuntament de Rubí","Matí (06 a 14)",,,
"2/2016","2016-01-02","2016","1","Dissabte","18:00:00","Encalç","2","Zona Nord - La Serreta","818460009","Ajuntament de Rubí","Tarda (14 a 22)","41.4998237371","2.0379197343","MULTILINESTRING ((419701.42221696326 4594691.290386222, 419701.4385892841 4594691.489714963))"
"2/2016","2016-01-02","2016","1","Dissabte","18:00:00","Encalç","2","Zona Nord - La Serreta","818460009","Ajuntament de Rubí","Tarda (14 a 22)",,,
"3/2016","2016-01-04","2016","1","Dilluns","14:35:00","Envestida","2","Centre","818460009","Ajuntament de Rubí","Tarda (14 a 22)",,,
"4/2016","2016-01-04","2016","1","Dilluns","16:30:00","Altres (incendi, explosió, esllavissada, etc.)","2","Zona Nord - La Serreta","818460009","Ajuntament de Rubí","Tarda (14 a 22)","41.5002529852","2.0319622873","MULTILINESTRING ((419204.7626188563 4594744.689833784, 419204.69509180816 4594744.501578376))"
"4/2016","2016-01-04","2016","1","Dilluns","16:30:00","Altres (incendi, explosió, esllavissada, etc.)","2","Zona Nord - La Serreta","818460009","Ajuntament de Rubí","Tarda (14 a 22)",,,
"5/2016","2016-01-04","2016","1","Dilluns","19:25:00","Atropellament","2","El Progrés - Rubí 2000","818460009","Ajuntament de Rubí","Tarda (14 a 22)",,,
"6/2016","2016-01-05","2016","1","Dimarts","12:45:00","Sortida de via amb caiguda, bolcada, xoc","1","Can Ximelis - D4","818460009","Ajuntament de Rubí","Matí (06 a 14)",,,
"7/2016","2016-01-07","2016","1","Dijous","20:20:00","Múltiple","6","Plana de Can Bertran","818460009","Ajuntament de Rubí","Tarda (14 a 22)",,,
"8/2016","2016-01-11","2016","1","Dilluns","16:30:00","Col·lisió frontal","2","Ca n'Oriol","818460009","Ajuntament de Rubí","Tarda (14 a 22)","41.5000678796","2.0406056427","MULTILINESTRING ((419925.9620303726 4594716.088782433, 419925.8560404966 4594715.9191765785))"
"8/2016","2016-01-11","2016","1","Dilluns","16:30:00","Col·lisió frontal","2","Ca n'Oriol","818460009","Ajuntament de Rubí","Tarda (14 a 22)",,,
"9/2016","2016-01-12","2016","1","Dimarts","06:05:00","Envestida","2","Zona Desconeguda","818460009","Ajuntament de Rubí","Matí (06 a 14)",,,
"10/2016","2016-01-12","2016","1","Dimarts","09:30:00","Envestida","2","Centre","818460009","Ajuntament de Rubí","Matí (06 a 14)",,,
"11/2016","2016-01-12","2016","1","Dimarts","12:15:00","Envestida","2","Sector Z","818460009","Ajuntament de Rubí","Matí (06 a 14)","41.4865897948","2.0403289682","MULTILINESTRING ((419886.1923604204 4593220.008730455, 419886.22768056043 4593219.81187394))"
"11/2016","2016-01-12","2016","1","Dimarts","12:15:00","Envestida","2","Sector Z","818460009","Ajuntament de Rubí","Matí (06 a 14)",,,
"12/2016","2016-01-12","2016","1","Dimarts","15:30:00","Envestida","2","Zona Nord - La Serreta","818460009","Ajuntament de Rubí","Tarda (14 a 22)",,,
"13/2016","2016-01-12","2016","1","Dimarts","17:30:00","Xoc sense sortida de via","2","Centre","818460009","Ajuntament de Rubí","Tarda (14 a 22)","41.4898760815","2.0307213393","MULTILINESTRING ((419088.1748115838 4593593.626033367, 419088.3059821117 4593593.777011155))"
"13/2016","2016-01-12","2016","1","Dimarts","17:30:00","Xoc sense sortida de via","2","Centre","818460009","Ajuntament de Rubí","Tarda (14 a 22)",,,
"14/2016","2016-01-12","2016","1","Dimarts","18:15:00","Encalç","2","El Mercat","818460009","Ajuntament de Rubí","Tarda (14 a 22)",,,
"15/2016","2016-01-13","2016","1","Dimecres","11:50:00","Xoc sense sortida de via","1","Can Rosés","818460009","Ajuntament de Rubí","Matí (06 a 14)","41.5028450742","2.0336655659","MULTILINESTRING ((419350.04469844035 4595030.704382552, 419350.17056458705 4595030.859810067))"
"15/2016","2016-01-13","2016","1","Dimecres","11:50:00","Xoc sense sortida de via","1","Can Rosés","818460009","Ajuntament de Rubí","Matí (06 a 14)",,,
"17/2016","2016-01-14","2016","1","Dijous","08:15:00","Envestida","2","Zona Desconeguda","818460009","Ajuntament de Rubí","Matí (06 a 14)",,,
"16/2016","2016-01-14","2016","1","Dijous","09:00:00","Xoc sense sortida de via","1","Zona Nord - La Serreta","818460009","Ajuntament de Rubí","Matí (06 a 14)","41.5002785644","2.0348355453","MULTILINESTRING ((419444.6027329125 4594744.850241935, 419444.5451105499 4594744.65872258))"
"16/2016","2016-01-14","2016","1","Dijous","09:00:00","Xoc sense sortida de via","1","Zona Nord - La Serreta","818460009","Ajuntament de Rubí","Matí (06 a 14)",,,
"18/2016","2016-01-17","2016","1","Diumenge","17:10:00","Col·lisió frontal","2","Can Fatjó","818460009","Ajuntament de Rubí","Tarda (14 a 22)","41.4861120807","2.0269731276","MULTILINESTRING ((418770.58047534537 4593179.406071546, 418770.7159337937 4593179.258928728))"
"18/2016","2016-01-17","2016","1","Diumenge","17:10:00","Col·lisió frontal","2","Can Fatjó","818460009","Ajuntament de Rubí","Tarda (14 a 22)",,,
"19/2016","2016-01-18","2016","1","Dilluns","08:50:00","Envestida","2","Centre","818460009","Ajuntament de Rubí","Matí (06 a 14)",,,
"20/2016","2016-01-18","2016","1","Dilluns","20:20:00","Fregament negatiu (mateix sentit)","2","Zona Desconeguda","818460009","Ajuntament de Rubí","Tarda (14 a 22)",,,
"21/2016","2016-01-23","2016","1","Dissabte","19:10:00","Fregament negatiu (mateix sentit)","2","Can Rosés","818460009","Ajuntament de Rubí","Tarda (14 a 22)",,,
"22/2016","2016-01-24","2016","1","Diumenge","11:50:00","Xoc sense sortida de via","1","Zona Desconeguda","818460009","Ajuntament de Rubí","Matí (06 a 14)",,,
"23/2016","2016-01-24","2016","1","Diumenge","19:55:00","Xoc sense sortida de via","1","Sant Muç","818460009","Ajuntament de Rubí","Tarda (14 a 22)",,,
"24/2016","2016-01-26","2016","1","Dimarts","07:30:00","Fregament positiu (diferent sentit)","2","Can Solà","818460009","Ajuntament de Rubí","Matí (06 a 14)",,,
"25/2016","2016-01-26","2016","1","Dimarts","14:00:00","Envestida","2","Ca n'Oriol","818460009","Ajuntament de Rubí","Tarda (14 a 22)",,,
"26/2016","2016-01-27","2016","1","Dimecres","13:10:00","Envestida","2","Can Fatjó","818460009","Ajuntament de Rubí","Matí (06 a 14)","41.471775616","2.0223034737","MULTILINESTRING ((418362.7642851244 4591592.004050234, 418362.8851468324 4591592.163400316))"
"26/2016","2016-01-27","2016","1","Dimecres","13:10:00","Envestida","2","Can Fatjó","818460009","Ajuntament de Rubí","Matí (06 a 14)",,,
"27/2016","2016-01-28","2016","1","Dijous","05:15:00","Sortida de via amb caiguda, bolcada, xoc","0","Zona Desconeguda","818460009","Ajuntament de Rubí","Nit (22 a 06)",,,
"33/2016","2016-01-28","2016","1","Dijous","10:10:00","Simple","2","Zona Desconeguda","818460009","Ajuntament de Rubí","Matí (06 a 14)",,,
"28/2016","2016-01-28","2016","1","Dijous","12:45:00","Envestida","2","Sant Muç","818460009","Ajuntament de Rubí","Matí (06 a 14)",,,
"29/2016","2016-01-28","2016","1","Dijous","12:45:00","Xoc sense sortida de via","2","Can Rosés","818460009","Ajuntament de Rubí","Matí (06 a 14)","41.5086055908","2.0383197967","MULTILINESTRING ((419745.66669999994 4595665.890299999, 419745.66669999994 4595666.090299999))"
"29/2016","2016-01-28","2016","1","Dijous","12:45:00","Xoc sense sortida de via","2","Can Rosés","818460009","Ajuntament de Rubí","Matí (06 a 14)",,,
"30/2016","2016-01-29","2016","1","Divendres","01:10:00","Sortida de via amb caiguda, bolcada, xoc","1","Sant Muç","818460009","Ajuntament de Rubí","Nit (22 a 06)",,,
"31/2016","2016-01-29","2016","1","Divendres","09:15:00","Atropellament","2","Centre","818460009","Ajuntament de Rubí","Matí (06 a 14)",,,
"32/2016","2016-01-29","2016","1","Divendres","18:10:00","Atropellament","2","Centre","818460009","Ajuntament de Rubí","Tarda (14 a 22)",,,
"40/2016","2016-01-29","2016","1","Divendres","20:30:00","Envestida","2","Centre","818460009","Ajuntament de Rubí","Tarda (14 a 22)","41.4941719911","2.0335792489","MULTILINESTRING ((419332.1863985457 4594068.056599731, 419332.09559806087 4594067.878399641))"
"40/2016","2016-01-29","2016","1","Divendres","20:30:00","Envestida","2","Centre","818460009","Ajuntament de Rubí","Tarda (14 a 22)",,,
"34/2016","2016-01-29","2016","1","Divendres","23:30:00","Col·lisió frontal","2","Zona Nord - La Serreta","818460009","Ajuntament de Rubí","Nit (22 a 06)","41.4948157961","2.038359038","MULTILINESTRING ((419731.9169011865 4594134.895366689, 419731.90930158197 4594135.0952222515))"
"34/2016","2016-01-29","2016","1","Divendres","23:30:00","Col·lisió frontal","2","Zona Nord - La Serreta","818460009","Ajuntament de Rubí","Nit (22 a 06)",,,
"35/2016","2016-01-30","2016","1","Dissabte","15:50:00","Envestida","2","Plana de Can Bertran","818460009","Ajuntament de Rubí","Tarda (14 a 22)","41.4942739383","2.0353138334","MULTILINESTRING ((419477.05419574946 4594077.769000762, 419477.05786099925 4594077.569034349))"
"35/2016","2016-01-30","2016","1","Dissabte","15:50:00","Envestida","2","Plana de Can Bertran","818460009","Ajuntament de Rubí","Tarda (14 a 22)",,,
"36/2016","2016-01-30","2016","1","Dissabte","18:15:00","Col·lisió frontal","2","Castellnou - Can Mir","818460009","Ajuntament de Rubí","Tarda (14 a 22)",,,
"37/2016","2016-01-31","2016","1","Diumenge","16:00:00","Xoc sense sortida de via","1","Sant Muç","818460009","Ajuntament de Rubí","Tarda (14 a 22)","41.5040030386","2.0133122245","MULTILINESTRING ((417652.8643137786 4595178.627264538, 417652.8804850382 4595178.427919383))"
"37/2016","2016-01-31","2016","1","Diumenge","16:00:00","Xoc sense sortida de via","1","Sant Muç","818460009","Ajuntament de Rubí","Tarda (14 a 22)",,,
"39/2016","2016-02-01","2016","2","Dilluns","07:50:00","Sortida de via amb caiguda, bolcada, xoc","1","Zona Desconeguda","818460009","Ajuntament de Rubí","Matí (06 a 14)",,,
"38/2016","2016-02-01","2016","2","Dilluns","11:10:00","Envestida","2","Els Avets","818460009","Ajuntament de Rubí","Matí (06 a 14)","41.4883427751","2.0193530598","MULTILINESTRING ((418137.2414262195 4593434.106134386, 418137.3928016261 4593434.236845847))"
"38/2016","2016-02-01","2016","2","Dilluns","11:10:00","Envestida","2","Els Avets","818460009","Ajuntament de Rubí","Matí (06 a 14)",,,
"42/2016","2016-02-01","2016","2","Dilluns","16:30:00","Col·lisió frontal","1","Can Fatjó","818460009","Ajuntament de Rubí","Tarda (14 a 22)","41.4830973829","2.0279452414","MULTILINESTRING ((418847.9407642918 4592843.7189133195, 418848.1403190557 4592843.732251092))"
"42/2016","2016-02-01","2016","2","Dilluns","16:30:00","Col·lisió frontal","1","Can Fatjó","818460009","Ajuntament de Rubí","Tarda (14 a 22)",,,
"41/2016","2016-02-01","2016","2","Dilluns","19:30:00","Fregament negatiu (mateix sentit)","2","Ca n'Alzamora","818460009","Ajuntament de Rubí","Tarda (14 a 22)",,,
"44/2016","2016-02-02","2016","2","Dimarts","18:15:00","Sortida de via amb caiguda, bolcada, xoc","2","Zona Desconeguda","818460009","Ajuntament de Rubí","Tarda (14 a 22)",,,
"43/2016","2016-02-02","2016","2","Dimarts","19:10:00","Fregament negatiu (mateix sentit)","2","Zona Desconeguda","818460009","Ajuntament de Rubí","Tarda (14 a 22)",,,
"45/2016","2016-02-03","2016","2","Dimecres","16:05:00","Encalç","2","Can Serrafossà - La Perla","818460009","Ajuntament de Rubí","Tarda (14 a 22)",,,
"46/2016","2016-02-06","2016","2","Dissabte","11:40:00","Encalç","2","Zona Desconeguda","818460009","Ajuntament de Rubí","Matí (06 a 14)",,,
"48/2016","2016-02-06","2016","2","Dissabte","21:45:00","Xoc sense sortida de via","2","Ca n'Oriol","818460009","Ajuntament de Rubí","Tarda (14 a 22)",,,
"47/2016","2016-02-07","2016","2","Diumenge","03:50:00","Xoc sense sortida de via","1","Sant Muç","818460009","Ajuntament de Rubí","Nit (22 a 06)",,,
"49/2016","2016-02-08","2016","2","Dilluns","16:30:00","Xoc sense sortida de via","2","Can Fatjó","818460009","Ajuntament de Rubí","Tarda (14 a 22)","41.4908355956","2.025139281","MULTILINESTRING ((418623.48033980984 4593705.366596531, 418623.45235308 4593705.564628708))"
"49/2016","2016-02-08","2016","2","Dilluns","16:30:00","Xoc sense sortida de via","2","Can Fatjó","818460009","Ajuntament de Rubí","Tarda (14 a 22)",,,
"50/2016","2016-02-09","2016","2","Dimarts","05:00:00","Fregament negatiu (mateix sentit)","2","Can Rosés","818460009","Ajuntament de Rubí","Nit (22 a 06)",,,
"51/2016","2016-02-10","2016","2","Dimecres","16:00:00","Fregament positiu (diferent sentit)","2","Castellnou - Can Mir","818460009","Ajuntament de Rubí","Tarda (14 a 22)",,,
"53/2016","2016-02-11","2016","2","Dijous","10:53:00","Encalç","2","Les Torres","818460009","Ajuntament de Rubí","Matí (06 a 14)",,,
"57/2016","2016-02-11","2016","2","Dijous","11:00:00","Xoc sense sortida de via","1","Centre","818460009","Ajuntament de Rubí","Matí (06 a 14)","41.4891960643","2.0293946715","MULTILINESTRING ((418976.74608455406 4593519.438809133, 418976.5468460721 4593519.456245513))"
"57/2016","2016-02-11","2016","2","Dijous","11:00:00","Xoc sense sortida de via","1","Centre","818460009","Ajuntament de Rubí","Matí (06 a 14)",,,
"52/2016","2016-02-11","2016","2","Dijous","16:20:00","Sortida de via amb caiguda, bolcada, xoc","1","Can Vallhonrat","818460009","Ajuntament de Rubí","Tarda (14 a 22)","41.4741889365","2.0311625954","MULTILINESTRING ((419105.6664662536 4591851.686061168, 419105.4665883382 4591851.693048223))"
"52/2016","2016-02-11","2016","2","Dijous","16:20:00","Sortida de via amb caiguda, bolcada, xoc","1","Can Vallhonrat","818460009","Ajuntament de Rubí","Tarda (14 a 22)",,,
"58/2016","2016-02-11","2016","2","Dijous","18:00:00","Xoc sense sortida de via","2","Centre","818460009","Ajuntament de Rubí","Tarda (14 a 22)","41.49499725","2.0360734032","MULTILINESTRING ((419541.25572026696 4594157.244790481, 419541.45169368916 4594157.2847206425))"
"58/2016","2016-02-11","2016","2","Dijous","18:00:00","Xoc sense sortida de via","2","Centre","818460009","Ajuntament de Rubí","Tarda (14 a 22)",,,
"54/2016","2016-02-12","2016","2","Divendres","09:00:00","Xoc sense sortida de via","1","Centre","818460009","Ajuntament de Rubí","Matí (06 a 14)","41.4894853334","2.0327976743","MULTILINESTRING ((419261.18138700107 4593548.369218396, 419260.9824826681 4593548.390124529))"
"54/2016","2016-02-12","2016","2","Divendres","09:00:00","Xoc sense sortida de via","1","Centre","818460009","Ajuntament de Rubí","Matí (06 a 14)",,,
"55/2016","2016-02-12","2016","2","Divendres","14:05:00","Xoc sense sortida de via","2","Sant Jordi Parc","818460009","Ajuntament de Rubí","Tarda (14 a 22)",,,
"56/2016","2016-02-15","2016","2","Dilluns","15:43:00","Sortida de via amb caiguda, bolcada, xoc","1","Zona Desconeguda","818460009","Ajuntament de Rubí","Tarda (14 a 22)",,,
"59/2016","2016-02-16","2016","2","Dimarts","09:30:00","Atropellament","2","Centre","818460009","Ajuntament de Rubí","Matí (06 a 14)",,,
"60/2016","2016-02-16","2016","2","Dimarts","12:30:00","Encalç","1","Sector Z","818460009","Ajuntament de Rubí","Matí (06 a 14)",,,
"61/2016","2016-02-16","2016","2","Dimarts","14:20:00","Envestida","2","Zona Desconeguda","818460009","Ajuntament de Rubí","Tarda (14 a 22)",,,
"71/2016","2016-02-16","2016","2","Dimarts","14:36:00","Atropellament","1","El Progrés - Rubí 2000","818460009","Ajuntament de Rubí","Tarda (14 a 22)",,,
"62/2016","2016-02-16","2016","2","Dimarts","17:00:00","Envestida","2","Can Rosés","818460009","Ajuntament de Rubí","Tarda (14 a 22)",,,
"63/2016","2016-02-17","2016","2","Dimecres","14:00:00","Envestida","2","Centre","818460009","Ajuntament de Rubí","Tarda (14 a 22)",,,
"64/2016","2016-02-19","2016","2","Divendres","11:30:00","Envestida","2","Plana de Can Bertran","818460009","Ajuntament de Rubí","Matí (06 a 14)",,,
"65/2016","2016-02-20","2016","2","Dissabte","10:02:00","Envestida","2","Centre","818460009","Ajuntament de Rubí","Matí (06 a 14)",,,
"66/2016","2016-02-20","2016","2","Dissabte","14:20:00","Sortida de via amb caiguda, bolcada, xoc","1","Castellnou - Can Mir","818460009","Ajuntament de Rubí","Tarda (14 a 22)",,,
"67/2016","2016-02-21","2016","2","Diumenge","19:05:00","Xoc sense sortida de via","1","Sant Muç","818460009","Ajuntament de Rubí","Tarda (14 a 22)","41.5167243813","2.0101789514","MULTILINESTRING ((417407.538692088 4596593.958041096, 417407.5498894507 4596593.758354793))"
"67/2016","2016-02-21","2016","2","Diumenge","19:05:00","Xoc sense sortida de via","1","Sant Muç","818460009","Ajuntament de Rubí","Tarda (14 a 22)",,,
"68/2016","2016-02-22","2016","2","Dilluns","07:20:00","Sortida de via amb caiguda, bolcada, xoc","2","Can Fatjó","818460009","Ajuntament de Rubí","Matí (06 a 14)",,,
"69/2016","2016-02-22","2016","2","Dilluns","11:50:00","Xoc sense sortida de via","3","Ca n'Oriol","818460009","Ajuntament de Rubí","Matí (06 a 14)","41.4941923012","2.0388357013","MULTILINESTRING ((419770.9567104724 4594065.428585382, 419770.90564729675 4594065.235213843))"
"69/2016","2016-02-22","2016","2","Dilluns","11:50:00","Xoc sense sortida de via","3","Ca n'Oriol","818460009","Ajuntament de Rubí","Matí (06 a 14)",,,
"70/2016","2016-02-23","2016","2","Dimarts","12:10:00","Xoc sense sortida de via","1","Centre","818460009","Ajuntament de Rubí","Matí (06 a 14)",,,
"72/2016","2016-02-24","2016","2","Dimecres","17:09:00","Atropellament","2","Centre","818460009","Ajuntament de Rubí","Tarda (14 a 22)",,,
"73/2016","2016-02-25","2016","2","Dijous","11:10:00","Envestida","2","Can Rosés","818460009","Ajuntament de Rubí","Matí (06 a 14)",,,
"75/2016","2016-02-26","2016","2","Divendres","14:15:00","Altres (incendi, explosió, esllavissada, etc.)","2","Zona Nord - La Serreta","818460009","Ajuntament de Rubí","Tarda (14 a 22)","41.5006870749","2.0360172233","MULTILINESTRING ((419543.73289964366 4594789.104046895, 419543.68113285827 4594788.910862529))"
"75/2016","2016-02-26","2016","2","Divendres","14:15:00","Altres (incendi, explosió, esllavissada, etc.)","2","Zona Nord - La Serreta","818460009","Ajuntament de Rubí","Tarda (14 a 22)",,,
"76/2016","2016-02-26","2016","2","Divendres","14:30:00","Xoc sense sortida de via","1","El Progrés - Rubí 2000","818460009","Ajuntament de Rubí","Tarda (14 a 22)","41.4875757075","2.0365344983","MULTILINESTRING ((419570.6146565608 4593332.800882578, 419570.70854208124 4593332.977476771))"
"76/2016","2016-02-26","2016","2","Divendres","14:30:00","Xoc sense sortida de via","1","El Progrés - Rubí 2000","818460009","Ajuntament de Rubí","Tarda (14 a 22)",,,
"77/2016","2016-02-27","2016","2","Dissabte","08:20:00","Fregament positiu (diferent sentit)","2","Les Torres","818460009","Ajuntament de Rubí","Matí (06 a 14)",,,
"83/2016","2016-02-28","2016","2","Diumenge","20:10:00","Altres (incendi, explosió, esllavissada, etc.)","1","Zona Desconeguda","818460009","Ajuntament de Rubí","Tarda (14 a 22)",,,
"78/2016","2016-02-29","2016","2","Dilluns","10:20:00","Encalç","2","Zona Nord - La Serreta","818460009","Ajuntament de Rubí","Matí (06 a 14)","41.495565406","2.0341813054","MULTILINESTRING ((419384.2044280102 4594222.045473503, 419384.0427706804 4594222.163231338))"
"78/2016","2016-02-29","2016","2","Dilluns","10:20:00","Encalç","2","Zona Nord - La Serreta","818460009","Ajuntament de Rubí","Matí (06 a 14)",,,
"79/2016","2016-02-29","2016","2","Dilluns","11:25:00","Envestida","2","Centre","818460009","Ajuntament de Rubí","Matí (06 a 14)",,,
"80/2016","2016-02-29","2016","2","Dilluns","14:20:00","Fregament negatiu (mateix sentit)","3","Plana de Can Bertran","818460009","Ajuntament de Rubí","Tarda (14 a 22)","41.4929049654","2.0384729936","MULTILINESTRING ((419739.0702220919 4593922.647296394, 419739.06202945585 4593922.847128525))"
"80/2016","2016-02-29","2016","2","Dilluns","14:20:00","Fregament negatiu (mateix sentit)","3","Plana de Can Bertran","818460009","Ajuntament de Rubí","Tarda (14 a 22)",,,
"81/2016","2016-02-29","2016","2","Dilluns","15:21:00","Envestida","2","Can Rosés","818460009","Ajuntament de Rubí","Tarda (14 a 22)","41.5077531664","2.0379268487","MULTILINESTRING ((419711.89798370865 4595571.781432657, 419711.74344494473 4595571.654476875))"
"81/2016","2016-02-29","2016","2","Dilluns","15:21:00","Envestida","2","Can Rosés","818460009","Ajuntament de Rubí","Tarda (14 a 22)",,,
"82/2016","2016-03-02","2016","3","Dimecres","13:35:00","Xoc sense sortida de via","2","Can Rosés","818460009","Ajuntament de Rubí","Matí (06 a 14)",,,
"84/2016","2016-03-03","2016","3","Dijous","09:40:00","Xoc sense sortida de via","2","El Progrés - Rubí 2000","818460009","Ajuntament de Rubí","Matí (06 a 14)",,,
"85/2016","2016-03-03","2016","3","Dijous","22:30:00","Atropellament","2","Ca n'Oriol","818460009","Ajuntament de Rubí","Nit (22 a 06)","41.4975364904","2.0391925867","MULTILINESTRING ((419804.84478465264 4594436.376091613, 419804.84827953676 4594436.17612215))"
"85/2016","2016-03-03","2016","3","Dijous","22:30:00","Atropellament","2","Ca n'Oriol","818460009","Ajuntament de Rubí","Nit (22 a 06)",,,
"86/2016","2016-03-03","2016","3","Dijous","23:40:00","Altres (incendi, explosió, esllavissada, etc.)","2","Zona Desconeguda","818460009","Ajuntament de Rubí","Nit (22 a 06)",,,
"87/2016","2016-03-04","2016","3","Divendres","12:45:00","Envestida","2","Sant Muç","818460009","Ajuntament de Rubí","Matí (06 a 14)",,,
"88/2016","2016-03-04","2016","3","Divendres","22:15:00","Envestida","2","Centre","818460009","Ajuntament de Rubí","Nit (22 a 06)",,,
"89/2016","2016-03-05","2016","3","Dissabte","13:35:00","Encalç","2","Zona Desconeguda","818460009","Ajuntament de Rubí","Matí (06 a 14)",,,
"90/2016","2016-03-05","2016","3","Dissabte","20:25:00","Envestida","2","Ca n'Oriol","818460009","Ajuntament de Rubí","Tarda (14 a 22)","41.5040049989","2.0466311287","MULTILINESTRING ((420433.7134100918 4595147.613234825, 420433.56844678934 4595147.475446431))"
"90/2016","2016-03-05","2016","3","Dissabte","20:25:00","Envestida","2","Ca n'Oriol","818460009","Ajuntament de Rubí","Tarda (14 a 22)",,,
"91/2016","2016-03-09","2016","3","Dimecres","14:00:00","Xoc sense sortida de via","0","Can Rosés","818460009","Ajuntament de Rubí","Tarda (14 a 22)",,,
"92/2016","2016-03-10","2016","3","Dijous","15:40:00","Envestida","2","Sant Jordi Parc","818460009","Ajuntament de Rubí","Tarda (14 a 22)",,,
"93/2016","2016-03-10","2016","3","Dijous","18:50:00","Envestida","2","Can Rosés","818460009","Ajuntament de Rubí","Tarda (14 a 22)",,,
"94/2016","2016-03-12","2016","3","Dissabte","08:10:00","Col·lisió frontal","2","Ca n'Oriol","818460009","Ajuntament de Rubí","Matí (06 a 14)",,,
"95/2016","2016-03-12","2016","3","Dissabte","17:25:00","Encalç","2","Ca n'Oriol","818460009","Ajuntament de Rubí","Tarda (14 a 22)","41.4985199181","2.0384462585","MULTILINESTRING ((419743.76334672055 4594546.249728335, 419743.76996229414 4594546.049837777))"
"95/2016","2016-03-12","2016","3","Dissabte","17:25:00","Encalç","2","Ca n'Oriol","818460009","Ajuntament de Rubí","Tarda (14 a 22)",,,
"96/2016","2016-03-12","2016","3","Dissabte","19:35:00","Simple","1","Zona Nord - La Serreta","818460009","Ajuntament de Rubí","Tarda (14 a 22)","41.4975771274","2.0360227508","MULTILINESTRING ((419540.4144760129 4594443.761932487, 419540.2233013506 4594443.703176649))"
"96/2016","2016-03-12","2016","3","Dissabte","19:35:00","Simple","1","Zona Nord - La Serreta","818460009","Ajuntament de Rubí","Tarda (14 a 22)",,,
"97/2016","2016-03-14","2016","3","Dilluns","08:20:00","Xoc sense sortida de via","2","Centre","818460009","Ajuntament de Rubí","Matí (06 a 14)",,,
"100/2016","2016-03-15","2016","3","Dimarts","12:15:00","Fregament negatiu (mateix sentit)","2","Zona Nord - La Serreta","818460009","Ajuntament de Rubí","Matí (06 a 14)","41.4941835603","2.0355055656","MULTILINESTRING ((419492.85048881336 4594067.435845827, 419493.04611841775 4594067.47742777))"
"100/2016","2016-03-15","2016","3","Dimarts","12:15:00","Fregament negatiu (mateix sentit)","2","Zona Nord - La Serreta","818460009","Ajuntament de Rubí","Matí (06 a 14)",,,
"99/2016","2016-03-15","2016","3","Dimarts","14:45:00","Envestida","2","Zona Nord - La Serreta","818460009","Ajuntament de Rubí","Tarda (14 a 22)",,,
"98/2016","2016-03-15","2016","3","Dimarts","16:20:00","Encalç","2","Zona Desconeguda","818460009","Ajuntament de Rubí","Tarda (14 a 22)",,,
"101/2016","2016-03-16","2016","3","Dimecres","18:00:00","Xoc sense sortida de via","3","Can Fatjó","818460009","Ajuntament de Rubí","Tarda (14 a 22)",,,
"102/2016","2016-03-17","2016","3","Dijous","10:33:00","Xoc sense sortida de via","2","Zona Desconeguda","818460009","Ajuntament de Rubí","Matí (06 a 14)",,,
"103/2016","2016-03-17","2016","3","Dijous","19:35:00","Fregament negatiu (mateix sentit)","2","Ca n'Oriol","818460009","Ajuntament de Rubí","Tarda (14 a 22)","41.4940986312","2.0388067681","MULTILINESTRING ((419768.42601047247 4594055.056085383, 419768.3749472968 4594054.862713845))"
"103/2016","2016-03-17","2016","3","Dijous","19:35:00","Fregament negatiu (mateix sentit)","2","Ca n'Oriol","818460009","Ajuntament de Rubí","Tarda (14 a 22)",,,
"104/2016","2016-03-18","2016","3","Divendres","09:05:00","Atropellament","2","Can Fatjó","818460009","Ajuntament de Rubí","Matí (06 a 14)",,,
"151/2016","2016-03-18","2016","3","Divendres","12:50:00","Fregament negatiu (mateix sentit)","2","Zona Desconeguda","818460009","Ajuntament de Rubí","Matí (06 a 14)",,,
"105/2016","2016-03-18","2016","3","Divendres","15:50:00","Envestida","2","Ca n'Alzamora","818460009","Ajuntament de Rubí","Tarda (14 a 22)","41.4803656567","2.0342678997","MULTILINESTRING ((419372.4218108218 4592534.4822675735, 419372.593014429 4592534.585656764))"
"105/2016","2016-03-18","2016","3","Divendres","15:50:00","Envestida","2","Ca n'Alzamora","818460009","Ajuntament de Rubí","Tarda (14 a 22)",,,
"107/2016","2016-03-19","2016","3","Dissabte","13:55:00","Xoc sense sortida de via","1","Sector Z","818460009","Ajuntament de Rubí","Matí (06 a 14)",,,
"106/2016","2016-03-19","2016","3","Dissabte","18:00:00","Encalç","3","Sector Z","818460009","Ajuntament de Rubí","Tarda (14 a 22)",,,
"109/2016","2016-03-20","2016","3","Diumenge","17:25:00","Envestida","2","Centre","818460009","Ajuntament de Rubí","Tarda (14 a 22)",,,
"108/2016","2016-03-21","2016","3","Dilluns","16:30:00","Xoc sense sortida de via","1","Centre","818460009","Ajuntament de Rubí","Tarda (14 a 22)",,,
"110/2016","2016-03-22","2016","3","Dimarts","21:00:00","Atropellament","2","Les Torres","818460009","Ajuntament de Rubí","Tarda (14 a 22)","41.4855747726","2.0321077167","MULTILINESTRING ((419198.637281604 4593114.969587, 419198.61637547193 4593114.770682668))"
"110/2016","2016-03-22","2016","3","Dimarts","21:00:00","Atropellament","2","Les Torres","818460009","Ajuntament de Rubí","Tarda (14 a 22)",,,
"111/2016","2016-03-23","2016","3","Dimecres","07:10:00","Fregament negatiu (mateix sentit)","2","Can Fatjó","818460009","Ajuntament de Rubí","Matí (06 a 14)","41.4744043337","2.0290093124","MULTILINESTRING ((418925.9415703654 4591877.613741619, 418926.1412938204 4591877.624255491))"
"111/2016","2016-03-23","2016","3","Dimecres","07:10:00","Fregament negatiu (mateix sentit)","2","Can Fatjó","818460009","Ajuntament de Rubí","Matí (06 a 14)",,,
"112/2016","2016-03-24","2016","3","Dijous","14:20:00","Envestida","2","Zona Desconeguda","818460009","Ajuntament de Rubí","Tarda (14 a 22)",,,
"113/2016","2016-03-28","2016","3","Dilluns","06:20:00","Sortida de via amb caiguda, bolcada, xoc","1","Zona Desconeguda","818460009","Ajuntament de Rubí","Matí (06 a 14)",,,
"114/2016","2016-03-28","2016","3","Dilluns","20:30:00","Sortida de via amb caiguda, bolcada, xoc","1","El Progrés - Rubí 2000","818460009","Ajuntament de Rubí","Tarda (14 a 22)",,,
"115/2016","2016-03-29","2016","3","Dimarts","16:30:00","Xoc sense sortida de via","2","Sant Jordi Parc","818460009","Ajuntament de Rubí","Tarda (14 a 22)",,,
"117/2016","2016-03-29","2016","3","Dimarts","18:30:00","Xoc sense sortida de via","2","Plana de Can Bertran","818460009","Ajuntament de Rubí","Tarda (14 a 22)","41.4904523223","2.035385487","MULTILINESTRING ((419478.24813165097 4593653.405596474, 419478.3602755345 4593653.239995298))"
"117/2016","2016-03-29","2016","3","Dimarts","18:30:00","Xoc sense sortida de via","2","Plana de Can Bertran","818460009","Ajuntament de Rubí","Tarda (14 a 22)",,,
"116/2016","2016-03-29","2016","3","Dimarts","19:00:00","Xoc sense sortida de via","2","Zona Desconeguda","818460009","Ajuntament de Rubí","Tarda (14 a 22)",,,
"160/2016","2016-03-30","2016","3","Dimecres","17:00:00","Xoc sense sortida de via","3","Centre","818460009","Ajuntament de Rubí","Tarda (14 a 22)","41.4941544891","2.0365275777","MULTILINESTRING ((419578.3213652048 4594063.281568868, 419578.1214869397 4594063.274591824))"
"160/2016","2016-03-30","2016","3","Dimecres","17:00:00","Xoc sense sortida de via","3","Centre","818460009","Ajuntament de Rubí","Tarda (14 a 22)",,,
"118/2016","2016-03-31","2016","3","Dijous","08:00:00","Xoc sense sortida de via","2","El Mercat","818460009","Ajuntament de Rubí","Matí (06 a 14)","41.4885466377","2.0370890489","MULTILINESTRING ((419618.0667002693 4593440.212498546, 419618.24490035896 4593440.121698061))"
"118/2016","2016-03-31","2016","3","Dijous","08:00:00","Xoc sense sortida de via","2","El Mercat","818460009","Ajuntament de Rubí","Matí (06 a 14)",,,
"119/2016","2016-04-01","2016","4","Divendres","07:45:00","Envestida","2","Zona Nord - La Serreta","818460009","Ajuntament de Rubí","Matí (06 a 14)","41.4948460672","2.0378608964","MULTILINESTRING ((419690.45108132553 4594138.877340517, 419690.28927510075 4594138.7597873565))"
"119/2016","2016-04-01","2016","4","Divendres","07:45:00","Envestida","2","Zona Nord - La Serreta","818460009","Ajuntament de Rubí","Matí (06 a 14)",,,
"120/2016","2016-04-01","2016","4","Divendres","12:45:00","Envestida","2","Centre","818460009","Ajuntament de Rubí","Matí (06 a 14)",,,
"123/2016","2016-04-02","2016","4","Dissabte","03:10:00","Fregament negatiu (mateix sentit)","2","Centre","818460009","Ajuntament de Rubí","Nit (22 a 06)","41.4940869037","2.0356529163","MULTILINESTRING ((419505.22671567515 4594056.605909237, 419505.0297542336 4594056.571178982))"
"123/2016","2016-04-02","2016","4","Dissabte","03:10:00","Fregament negatiu (mateix sentit)","2","Centre","818460009","Ajuntament de Rubí","Nit (22 a 06)",,,
"122/2016","2016-04-02","2016","4","Dissabte","12:00:00","Envestida","2","Sector Z","818460009","Ajuntament de Rubí","Matí (06 a 14)",,,
"121/2016","2016-04-02","2016","4","Dissabte","12:50:00","Envestida","2","Sector Z","818460009","Ajuntament de Rubí","Matí (06 a 14)",,,
"124/2016","2016-04-03","2016","4","Diumenge","01:50:00","Xoc sense sortida de via","1","Sant Muç","818460009","Ajuntament de Rubí","Nit (22 a 06)","41.5176679438","2.0099981087","MULTILINESTRING ((417393.6322686373 4596698.884358045, 417393.676058183 4596698.689210727))"
"124/2016","2016-04-03","2016","4","Diumenge","01:50:00","Xoc sense sortida de via","1","Sant Muç","818460009","Ajuntament de Rubí","Nit (22 a 06)",,,
"126/2016","2016-04-04","2016","4","Dilluns","15:30:00","Fregament positiu (diferent sentit)","2","Can Solà","818460009","Ajuntament de Rubí","Tarda (14 a 22)",,,
"127/2016","2016-04-04","2016","4","Dilluns","15:54:00","Fregament negatiu (mateix sentit)","2","Centre","818460009","Ajuntament de Rubí","Tarda (14 a 22)","41.4894309327","2.0287199607","MULTILINESTRING ((418920.61398465256 4593546.255191614, 418920.6174795367 4593546.055222153))"
"127/2016","2016-04-04","2016","4","Dilluns","15:54:00","Fregament negatiu (mateix sentit)","2","Centre","818460009","Ajuntament de Rubí","Tarda (14 a 22)",,,
"125/2016","2016-04-05","2016","4","Dimarts","10:05:00","Envestida","4","El Mercat","818460009","Ajuntament de Rubí","Matí (06 a 14)","41.48823037","2.0379508871","MULTILINESTRING ((419689.6214535824 4593404.299510857, 419689.7996047765 4593404.208614477))"
"125/2016","2016-04-05","2016","4","Dimarts","10:05:00","Envestida","4","El Mercat","818460009","Ajuntament de Rubí","Matí (06 a 14)",,,
"128/2016","2016-04-06","2016","4","Dimecres","17:24:00","Fregament positiu (diferent sentit)","2","Zona Nord - La Serreta","818460009","Ajuntament de Rubí","Tarda (14 a 22)","41.5013686757","2.0326507349","MULTILINESTRING ((419263.5635549416 4594867.917127328, 419263.58697325544 4594867.718503103))"
"128/2016","2016-04-06","2016","4","Dimecres","17:24:00","Fregament positiu (diferent sentit)","2","Zona Nord - La Serreta","818460009","Ajuntament de Rubí","Tarda (14 a 22)",,,
"129/2016","2016-04-07","2016","4","Dijous","11:20:00","Envestida","2","Zona Desconeguda","818460009","Ajuntament de Rubí","Matí (06 a 14)",,,
"130/2016","2016-04-07","2016","4","Dijous","12:35:00","Fregament negatiu (mateix sentit)","2","Can Rosés","818460009","Ajuntament de Rubí","Matí (06 a 14)","41.5092326627","2.0341448523","MULTILINESTRING ((419398.04231125 4595739.59249753, 419398.0220150001 4595739.393530041))"
"130/2016","2016-04-07","2016","4","Dijous","12:35:00","Fregament negatiu (mateix sentit)","2","Can Rosés","818460009","Ajuntament de Rubí","Matí (06 a 14)",,,
"131/2016","2016-04-08","2016","4","Divendres","07:40:00","Encalç","3","Plana de Can Bertran","818460009","Ajuntament de Rubí","Matí (06 a 14)","41.4935043377","2.0384462404","MULTILINESTRING ((419737.57689515036 4593989.215019613, 419737.5688935337 4593989.414859484))"
"131/2016","2016-04-08","2016","4","Divendres","07:40:00","Encalç","3","Plana de Can Bertran","818460009","Ajuntament de Rubí","Matí (06 a 14)",,,
"132/2016","2016-04-08","2016","4","Divendres","08:05:00","Encalç","2","Zona Desconeguda","818460009","Ajuntament de Rubí","Matí (06 a 14)",,,
"133/2016","2016-04-08","2016","4","Divendres","11:45:00","Fregament negatiu (mateix sentit)","2","Can Rosés","818460009","Ajuntament de Rubí","Matí (06 a 14)",,,
"134/2016","2016-04-08","2016","4","Divendres","12:30:00","Encalç","2","Sector Z","818460009","Ajuntament de Rubí","Matí (06 a 14)",,,
"135/2016","2016-04-08","2016","4","Divendres","17:25:00","Envestida","2","Zona Desconeguda","818460009","Ajuntament de Rubí","Tarda (14 a 22)",,,
"136/2016","2016-04-08","2016","4","Divendres","19:00:00","Col·lisió frontal","2","Sant Jordi Parc","818460009","Ajuntament de Rubí","Tarda (14 a 22)",,,
"137/2016","2016-04-09","2016","4","Dissabte","00:15:00","Envestida","2","Centre","818460009","Ajuntament de Rubí","Nit (22 a 06)",,,
"138/2016","2016-04-09","2016","4","Dissabte","09:45:00","Xoc sense sortida de via","1","El Mercat","818460009","Ajuntament de Rubí","Matí (06 a 14)","41.4889834591","2.0336939326","MULTILINESTRING ((419335.3765845541 4593491.816009137, 419335.17734607204 4593491.833445515))"
"138/2016","2016-04-09","2016","4","Dissabte","09:45:00","Xoc sense sortida de via","1","El Mercat","818460009","Ajuntament de Rubí","Matí (06 a 14)",,,
"139/2016","2016-04-12","2016","4","Dimarts","08:15:00","Fregament negatiu (mateix sentit)","2","Can Vallhonrat","818460009","Ajuntament de Rubí","Matí (06 a 14)","41.4741889365","2.0311625954","MULTILINESTRING ((419105.6664662536 4591851.686061168, 419105.4665883382 4591851.693048223))"
"139/2016","2016-04-12","2016","4","Dimarts","08:15:00","Fregament negatiu (mateix sentit)","2","Can Vallhonrat","818460009","Ajuntament de Rubí","Matí (06 a 14)",,,
"140/2016","2016-04-12","2016","4","Dimarts","14:30:00","Col·lisió frontal","2","Centre","818460009","Ajuntament de Rubí","Tarda (14 a 22)","41.4914901987","2.0309807959","MULTILINESTRING ((419111.9106632018 4593772.759565405, 419111.9036858243 4593772.55968715))"
"140/2016","2016-04-12","2016","4","Dimarts","14:30:00","Col·lisió frontal","2","Centre","818460009","Ajuntament de Rubí","Tarda (14 a 22)",,,
"141/2016","2016-04-12","2016","4","Dimarts","21:15:00","Encalç","2","Ca n'Oriol","818460009","Ajuntament de Rubí","Tarda (14 a 22)","41.4957458364","2.0386024985","MULTILINESTRING ((419753.3838958957 4594238.123324337, 419753.38209452754 4594237.923332449))"
"141/2016","2016-04-12","2016","4","Dimarts","21:15:00","Encalç","2","Ca n'Oriol","818460009","Ajuntament de Rubí","Tarda (14 a 22)",,,
"142/2016","2016-04-13","2016","4","Dimecres","09:20:00","Envestida","2","Centre","818460009","Ajuntament de Rubí","Matí (06 a 14)",,,
"143/2016","2016-04-13","2016","4","Dimecres","14:25:00","Fregament negatiu (mateix sentit)","2","Can Vallhonrat","818460009","Ajuntament de Rubí","Tarda (14 a 22)","41.4741889365","2.0311625954","MULTILINESTRING ((419105.6664662536 4591851.686061168, 419105.4665883382 4591851.693048223))"
"143/2016","2016-04-13","2016","4","Dimecres","14:25:00","Fregament negatiu (mateix sentit)","2","Can Vallhonrat","818460009","Ajuntament de Rubí","Tarda (14 a 22)",,,
"144/2016","2016-04-14","2016","4","Dijous","17:40:00","Encalç","3","Zona Desconeguda","818460009","Ajuntament de Rubí","Tarda (14 a 22)",,,
"145/2016","2016-04-15","2016","4","Divendres","09:15:00","Xoc sense sortida de via","2","Centre","818460009","Ajuntament de Rubí","Matí (06 a 14)","41.4965084307","2.030894705","MULTILINESTRING ((419110.95421839616 4594329.769912999, 419110.9751245282 4594329.968817332))"
"145/2016","2016-04-15","2016","4","Divendres","09:15:00","Xoc sense sortida de via","2","Centre","818460009","Ajuntament de Rubí","Matí (06 a 14)",,,
"146/2016","2016-04-17","2016","4","Diumenge","15:15:00","Atropellament","2","Ca n'Oriol","818460009","Ajuntament de Rubí","Tarda (14 a 22)",,,
"147/2016","2016-04-18","2016","4","Dilluns","05:40:00","Encalç","2","Centre","818460009","Ajuntament de Rubí","Nit (22 a 06)","41.4941544891","2.0365275777","MULTILINESTRING ((419578.3213652048 4594063.281568868, 419578.1214869397 4594063.274591824))"
"147/2016","2016-04-18","2016","4","Dilluns","05:40:00","Encalç","2","Centre","818460009","Ajuntament de Rubí","Nit (22 a 06)",,,
"148/2016","2016-04-18","2016","4","Dilluns","07:00:00","Encalç","2","Zona Desconeguda","818460009","Ajuntament de Rubí","Matí (06 a 14)",,,
"149/2016","2016-04-18","2016","4","Dilluns","15:30:00","Envestida","2","El Progrés - Rubí 2000","818460009","Ajuntament de Rubí","Tarda (14 a 22)",,,
"150/2016","2016-04-19","2016","4","Dimarts","08:00:00","Encalç","3","Can Ximelis - D4","818460009","Ajuntament de Rubí","Matí (06 a 14)",,,
"152/2016","2016-04-20","2016","4","Dimecres","08:55:00","Xoc sense sortida de via","1","Zona Nord - La Serreta","818460009","Ajuntament de Rubí","Matí (06 a 14)",,,
"153/2016","2016-04-21","2016","4","Dijous","17:44:00","Envestida","2","Ca n'Oriol","818460009","Ajuntament de Rubí","Tarda (14 a 22)","41.5000452464","2.0452276504","MULTILINESTRING ((420311.6132901748 4594709.129148707, 420311.6929535663 4594709.312598274))"
"153/2016","2016-04-21","2016","4","Dijous","17:44:00","Envestida","2","Ca n'Oriol","818460009","Ajuntament de Rubí","Tarda (14 a 22)",,,
"154/2016","2016-04-22","2016","4","Divendres","12:17:00","Fregament negatiu (mateix sentit)","2","Centre","818460009","Ajuntament de Rubí","Matí (06 a 14)","41.4935029708","2.0354023522","MULTILINESTRING ((419483.44934341835 4593992.084373362, 419483.5306912247 4593991.901664484))"
"154/2016","2016-04-22","2016","4","Divendres","12:17:00","Fregament negatiu (mateix sentit)","2","Centre","818460009","Ajuntament de Rubí","Matí (06 a 14)",,,
"155/2016","2016-04-24","2016","4","Diumenge","13:07:00","Xoc sense sortida de via","2","Zona Desconeguda","818460009","Ajuntament de Rubí","Matí (06 a 14)",,,
"156/2016","2016-04-26","2016","4","Dimarts","11:15:00","Encalç","4","Can Fatjó","818460009","Ajuntament de Rubí","Matí (06 a 14)",,,
"158/2016","2016-04-28","2016","4","Dijous","08:40:00","Envestida","3","Zona Nord - La Serreta","818460009","Ajuntament de Rubí","Matí (06 a 14)",,,
"157/2016","2016-04-28","2016","4","Dijous","14:40:00","Envestida","2","Centre","818460009","Ajuntament de Rubí","Tarda (14 a 22)",,,
"159/2016","2016-04-28","2016","4","Dijous","23:00:00","Xoc sense sortida de via","1","Sector Z","818460009","Ajuntament de Rubí","Nit (22 a 06)",,,
"161/2016","2016-05-01","2016","5","Diumenge","19:30:00","Xoc sense sortida de via","2","25 de Setembre","818460009","Ajuntament de Rubí","Tarda (14 a 22)","41.4824125729","2.0399560166","MULTILINESTRING ((419849.96567022125 4592756.404891524, 419849.88942696154 4592756.5897887))"
"161/2016","2016-05-01","2016","5","Diumenge","19:30:00","Xoc sense sortida de via","2","25 de Setembre","818460009","Ajuntament de Rubí","Tarda (14 a 22)",,,
"162/2016","2016-05-02","2016","5","Dilluns","07:35:00","Envestida","2","Ca n'Oriol","818460009","Ajuntament de Rubí","Matí (06 a 14)",,,
"163/2016","2016-05-02","2016","5","Dilluns","07:45:00","Envestida","2","Centre","818460009","Ajuntament de Rubí","Matí (06 a 14)","41.4954953029","2.0350354869","MULTILINESTRING ((419455.43521471706 4594213.524702419, 419455.23521962273 4594213.526103225))"
"163/2016","2016-05-02","2016","5","Dilluns","07:45:00","Envestida","2","Centre","818460009","Ajuntament de Rubí","Matí (06 a 14)",,,
"164/2016","2016-05-03","2016","5","Dimarts","16:15:00","Envestida","2","Centre","818460009","Ajuntament de Rubí","Tarda (14 a 22)",,,
"182/2016","2016-05-04","2016","5","Dimecres","16:30:00","Xoc sense sortida de via","2","Centre","818460009","Ajuntament de Rubí","Tarda (14 a 22)",,,
"165/2016","2016-05-05","2016","5","Dijous","06:11:00","Encalç","3","Can Fatjó","818460009","Ajuntament de Rubí","Matí (06 a 14)",,,
"166/2016","2016-05-06","2016","5","Divendres","10:56:00","Envestida","2","Can Fatjó","818460009","Ajuntament de Rubí","Matí (06 a 14)",,,
"167/2016","2016-05-06","2016","5","Divendres","13:10:00","Envestida","2","Centre","818460009","Ajuntament de Rubí","Matí (06 a 14)",,,
"168/2016","2016-05-06","2016","5","Divendres","18:45:00","Fregament negatiu (mateix sentit)","2","Ca n'Oriol","818460009","Ajuntament de Rubí","Tarda (14 a 22)","41.4961048959","2.0421398407","MULTILINESTRING ((420049.03848000563 4594274.697929883, 420049.132373341 4594274.521339846))"
"168/2016","2016-05-06","2016","5","Divendres","18:45:00","Fregament negatiu (mateix sentit)","2","Ca n'Oriol","818460009","Ajuntament de Rubí","Tarda (14 a 22)",,,
"169/2016","2016-05-07","2016","5","Dissabte","08:20:00","Xoc sense sortida de via","1","Can Fatjó","818460009","Ajuntament de Rubí","Matí (06 a 14)",,,
"170/2016","2016-05-07","2016","5","Dissabte","13:45:00","Xoc sense sortida de via","1","Sant Muç","818460009","Ajuntament de Rubí","Matí (06 a 14)","41.5119369167","2.0120833025","MULTILINESTRING ((417560.44185778056 4596060.455509636, 417560.3057437073 4596060.6020461805))"
"170/2016","2016-05-07","2016","5","Dissabte","13:45:00","Xoc sense sortida de via","1","Sant Muç","818460009","Ajuntament de Rubí","Matí (06 a 14)",,,
"173/2016","2016-05-08","2016","5","Diumenge","08:05:00","Fregament negatiu (mateix sentit)","2","Zona Nord - La Serreta","818460009","Ajuntament de Rubí","Matí (06 a 14)","41.498634194","2.0343166311","MULTILINESTRING ((419399.25313291256 4594562.774041935, 419399.19551055017 4594562.58252258))"
"173/2016","2016-05-08","2016","5","Diumenge","08:05:00","Fregament negatiu (mateix sentit)","2","Zona Nord - La Serreta","818460009","Ajuntament de Rubí","Matí (06 a 14)",,,
"171/2016","2016-05-08","2016","5","Diumenge","13:15:00","Xoc sense sortida de via","1","Zona Desconeguda","818460009","Ajuntament de Rubí","Matí (06 a 14)",,,
"172/2016","2016-05-08","2016","5","Diumenge","14:44:00","Sortida de via amb caiguda, bolcada, xoc","1","Zona Desconeguda","818460009","Ajuntament de Rubí","Tarda (14 a 22)",,,
"174/2016","2016-05-08","2016","5","Diumenge","20:30:00","Col·lisió frontal","2","Zona Desconeguda","818460009","Ajuntament de Rubí","Tarda (14 a 22)",,,
"175/2016","2016-05-08","2016","5","Diumenge","22:15:00","Sortida de via amb caiguda, bolcada, xoc","0","El Mercat","818460009","Ajuntament de Rubí","Nit (22 a 06)","41.4899327444","2.0356755685","MULTILINESTRING ((419501.94268567266 4593595.294242664, 419501.80921423016 4593595.443190217))"
"175/2016","2016-05-08","2016","5","Diumenge","22:15:00","Sortida de via amb caiguda, bolcada, xoc","0","El Mercat","818460009","Ajuntament de Rubí","Nit (22 a 06)",,,
"176/2016","2016-05-08","2016","5","Diumenge","22:15:00","Sortida de via amb caiguda, bolcada, xoc","1","El Mercat","818460009","Ajuntament de Rubí","Nit (22 a 06)","41.4899327444","2.0356755685","MULTILINESTRING ((419501.94268567266 4593595.294242664, 419501.80921423016 4593595.443190217))"
"176/2016","2016-05-08","2016","5","Diumenge","22:15:00","Sortida de via amb caiguda, bolcada, xoc","1","El Mercat","818460009","Ajuntament de Rubí","Nit (22 a 06)",,,
"177/2016","2016-05-09","2016","5","Dilluns","10:00:00","Fregament negatiu (mateix sentit)","3","Zona Desconeguda","818460009","Ajuntament de Rubí","Matí (06 a 14)",,,
"178/2016","2016-05-09","2016","5","Dilluns","11:30:00","Envestida","2","Plana de Can Bertran","818460009","Ajuntament de Rubí","Matí (06 a 14)",,,
"179/2016","2016-05-09","2016","5","Dilluns","17:00:00","Xoc sense sortida de via","2","Plana de Can Bertran","818460009","Ajuntament de Rubí","Tarda (14 a 22)",,,
"180/2016","2016-05-09","2016","5","Dilluns","17:20:00","Fregament negatiu (mateix sentit)","2","Zona Desconeguda","818460009","Ajuntament de Rubí","Tarda (14 a 22)",,,
"181/2016","2016-05-10","2016","5","Dimarts","11:00:00","Xoc sense sortida de via","2","Ca n'Oriol","818460009","Ajuntament de Rubí","Matí (06 a 14)","41.5000678796","2.0406056427","MULTILINESTRING ((419925.9620303726 4594716.088782433, 419925.8560404966 4594715.9191765785))"
"181/2016","2016-05-10","2016","5","Dimarts","11:00:00","Xoc sense sortida de via","2","Ca n'Oriol","818460009","Ajuntament de Rubí","Matí (06 a 14)",,,
"183/2016","2016-05-11","2016","5","Dimecres","11:45:00","Fregament negatiu (mateix sentit)","2","Can Rosés","818460009","Ajuntament de Rubí","Matí (06 a 14)","41.5077531664","2.0379268487","MULTILINESTRING ((419711.89798370865 4595571.781432657, 419711.74344494473 4595571.654476875))"
"183/2016","2016-05-11","2016","5","Dimecres","11:45:00","Fregament negatiu (mateix sentit)","2","Can Rosés","818460009","Ajuntament de Rubí","Matí (06 a 14)",,,
"184/2016","2016-05-11","2016","5","Dimecres","14:28:00","Xoc sense sortida de via","1","El Progrés - Rubí 2000","818460009","Ajuntament de Rubí","Tarda (14 a 22)",,,
"185/2016","2016-05-11","2016","5","Dimecres","17:32:00","Envestida","2","Can Fatjó","818460009","Ajuntament de Rubí","Tarda (14 a 22)",,,
"186/2016","2016-05-12","2016","5","Dijous","13:10:00","Encalç","2","Plana de Can Bertran","818460009","Ajuntament de Rubí","Matí (06 a 14)","41.4904688676","2.0379425945","MULTILINESTRING ((419691.71773840924 4593652.857545981, 419691.84828454565 4593652.706027975))"
"186/2016","2016-05-12","2016","5","Dijous","13:10:00","Encalç","2","Plana de Can Bertran","818460009","Ajuntament de Rubí","Matí (06 a 14)",,,
"187/2016","2016-05-12","2016","5","Dijous","20:00:00","Fregament positiu (diferent sentit)","2","Can Rosés","818460009","Ajuntament de Rubí","Tarda (14 a 22)","41.505255395","2.0385997141","MULTILINESTRING ((419764.95749322587 4595293.861675459, 419764.8230909678 4595293.713567277))"
"187/2016","2016-05-12","2016","5","Dijous","20:00:00","Fregament positiu (diferent sentit)","2","Can Rosés","818460009","Ajuntament de Rubí","Tarda (14 a 22)",,,
"188/2016","2016-05-13","2016","5","Divendres","10:45:00","Xoc sense sortida de via","2","Zona Desconeguda","818460009","Ajuntament de Rubí","Matí (06 a 14)",,,
"189/2016","2016-05-13","2016","5","Divendres","12:05:00","Xoc sense sortida de via","2","Zona Desconeguda","818460009","Ajuntament de Rubí","Matí (06 a 14)",,,
"190/2016","2016-05-14","2016","5","Dissabte","20:30:00","Fregament negatiu (mateix sentit)","2","Zona Nord - La Serreta","818460009","Ajuntament de Rubí","Tarda (14 a 22)","41.5011472792","2.0353673302","MULTILINESTRING ((419490.13086059503 4594840.677031921, 419489.93874745996 4594840.732642561))"
"190/2016","2016-05-14","2016","5","Dissabte","20:30:00","Fregament negatiu (mateix sentit)","2","Zona Nord - La Serreta","818460009","Ajuntament de Rubí","Tarda (14 a 22)",,,
"191/2016","2016-05-15","2016","5","Diumenge","06:18:00","Xoc sense sortida de via","1","Zona Desconeguda","818460009","Ajuntament de Rubí","Matí (06 a 14)",,,
"192/2016","2016-05-15","2016","5","Diumenge","23:35:00","Sortida de via amb caiguda, bolcada, xoc","1","Centre","818460009","Ajuntament de Rubí","Nit (22 a 06)",,,
"193/2016","2016-05-16","2016","5","Dilluns","06:45:00","Envestida","2","Sector Z","818460009","Ajuntament de Rubí","Matí (06 a 14)",,,
"194/2016","2016-05-18","2016","5","Dimecres","07:45:00","Xoc sense sortida de via","1","Zona Desconeguda","818460009","Ajuntament de Rubí","Matí (06 a 14)",,,
"195/2016","2016-05-18","2016","5","Dimecres","15:30:00","Fregament negatiu (mateix sentit)","2","Can Serrafossà - La Perla","818460009","Ajuntament de Rubí","Tarda (14 a 22)",,,
"196/2016","2016-05-20","2016","5","Divendres","11:30:00","Xoc sense sortida de via","2","Ca n'Oriol","818460009","Ajuntament de Rubí","Matí (06 a 14)",,,
"197/2016","2016-05-20","2016","5","Divendres","12:30:00","Envestida","2","Zona Desconeguda","818460009","Ajuntament de Rubí","Matí (06 a 14)",,,
"198/2016","2016-05-20","2016","5","Divendres","14:20:00","Encalç","2","Centre","818460009","Ajuntament de Rubí","Tarda (14 a 22)","41.4952950847","2.0304427769","MULTILINESTRING ((419071.8322736782 4594195.58177248, 419071.6323982376 4594195.588829975))"
"198/2016","2016-05-20","2016","5","Divendres","14:20:00","Encalç","2","Centre","818460009","Ajuntament de Rubí","Tarda (14 a 22)",,,
"199/2016","2016-05-20","2016","5","Divendres","18:00:00","Xoc sense sortida de via","2","Can Fatjó","818460009","Ajuntament de Rubí","Tarda (14 a 22)","41.4708871641","2.0182436006","MULTILINESTRING ((418022.702133649 4591497.186516098, 418022.7054781988 4591497.386488131))"
"199/2016","2016-05-20","2016","5","Divendres","18:00:00","Xoc sense sortida de via","2","Can Fatjó","818460009","Ajuntament de Rubí","Tarda (14 a 22)",,,
"200/2016","2016-05-20","2016","5","Divendres","18:05:00","Encalç","2","Zona Desconeguda","818460009","Ajuntament de Rubí","Tarda (14 a 22)",,,
"201/2016","2016-05-21","2016","5","Dissabte","10:13:00","Fregament negatiu (mateix sentit)","2","Can Fatjó","818460009","Ajuntament de Rubí","Matí (06 a 14)",,,
"202/2016","2016-05-21","2016","5","Dissabte","10:45:00","Xoc sense sortida de via","2","Can Ximelis - D4","818460009","Ajuntament de Rubí","Matí (06 a 14)",,,
"203/2016","2016-05-22","2016","5","Diumenge","10:05:00","Envestida","2","Sant Muç","818460009","Ajuntament de Rubí","Matí (06 a 14)",,,
"204/2016","2016-05-22","2016","5","Diumenge","11:05:00","Envestida","2","Zona Nord - La Serreta","818460009","Ajuntament de Rubí","Matí (06 a 14)","41.4965371767","2.0336491839","MULTILINESTRING ((419340.83113434166 4594330.430438618, 419340.9952457889 4594330.5447514905))"
"204/2016","2016-05-22","2016","5","Diumenge","11:05:00","Envestida","2","Zona Nord - La Serreta","818460009","Ajuntament de Rubí","Matí (06 a 14)",,,
"205/2016","2016-05-23","2016","5","Dilluns","13:45:00","Atropellament","2","Centre","818460009","Ajuntament de Rubí","Matí (06 a 14)","41.4883673941","2.0319927006","MULTILINESTRING ((419192.5948819391 4593425.008179248, 419192.3956425856 4593425.0256056655))"
"205/2016","2016-05-23","2016","5","Dilluns","13:45:00","Atropellament","2","Centre","818460009","Ajuntament de Rubí","Matí (06 a 14)",,,
"206/2016","2016-05-23","2016","5","Dilluns","14:07:00","Envestida","2","Centre","818460009","Ajuntament de Rubí","Tarda (14 a 22)",,,
"207/2016","2016-05-23","2016","5","Dilluns","14:40:00","Xoc sense sortida de via","1","Zona Desconeguda","818460009","Ajuntament de Rubí","Tarda (14 a 22)",,,
"209/2016","2016-05-25","2016","5","Dimecres","06:25:00","Envestida","2","Centre","818460009","Ajuntament de Rubí","Matí (06 a 14)",,,
"210/2016","2016-05-25","2016","5","Dimecres","11:00:00","Sortida de via amb caiguda, bolcada, xoc","3","Zona Desconeguda","818460009","Ajuntament de Rubí","Matí (06 a 14)",,,
"208/2016","2016-05-27","2016","5","Divendres","14:45:00","Atropellament","2","El Mercat","818460009","Ajuntament de Rubí","Tarda (14 a 22)","41.4863373522","2.0391764192","MULTILINESTRING ((419789.592315169 4593192.996056756, 419789.7720868919 4593192.908409009))"
"208/2016","2016-05-27","2016","5","Divendres","14:45:00","Atropellament","2","El Mercat","818460009","Ajuntament de Rubí","Tarda (14 a 22)",,,
"211/2016","2016-05-27","2016","5","Divendres","19:20:00","Encalç","2","Zona Nord - La Serreta","818460009","Ajuntament de Rubí","Tarda (14 a 22)","41.4941770469","2.0381739814","MULTILINESTRING ((419715.63951136725 4594064.160010381, 419715.71541515633 4594064.345047173))"
"211/2016","2016-05-27","2016","5","Divendres","19:20:00","Encalç","2","Zona Nord - La Serreta","818460009","Ajuntament de Rubí","Tarda (14 a 22)",,,
"212/2016","2016-05-28","2016","5","Dissabte","22:00:00","Envestida","2","Centre","818460009","Ajuntament de Rubí","Nit (22 a 06)",,,
"213/2016","2016-05-30","2016","5","Dilluns","07:00:00","Envestida","2","Centre","818460009","Ajuntament de Rubí","Matí (06 a 14)",,,
"214/2016","2016-05-31","2016","5","Dimarts","13:30:00","Encalç","2","Centre","818460009","Ajuntament de Rubí","Matí (06 a 14)",,,
"215/2016","2016-06-01","2016","6","Dimecres","12:10:00","Atropellament","2","Centre","818460009","Ajuntament de Rubí","Matí (06 a 14)",,,
"216/2016","2016-06-01","2016","6","Dimecres","15:20:00","Xoc sense sortida de via","1","Centre","818460009","Ajuntament de Rubí","Tarda (14 a 22)","41.4917296271","2.0309862485","MULTILINESTRING ((419112.6718912672 4593799.335410103, 419112.6485216896 4593799.136780139))"
"216/2016","2016-06-01","2016","6","Dimecres","15:20:00","Xoc sense sortida de via","1","Centre","818460009","Ajuntament de Rubí","Tarda (14 a 22)",,,
"217/2016","2016-06-02","2016","6","Dijous","12:30:00","Xoc sense sortida de via","2","El Mercat","818460009","Ajuntament de Rubí","Matí (06 a 14)","41.4895704446","2.0342192431","MULTILINESTRING ((419379.9262922475 4593556.430591584, 419379.7873563299 4593556.574455448))"
"217/2016","2016-06-02","2016","6","Dijous","12:30:00","Xoc sense sortida de via","2","El Mercat","818460009","Ajuntament de Rubí","Matí (06 a 14)",,,
"218/2016","2016-06-02","2016","6","Dijous","17:35:00","Xoc sense sortida de via","1","Ca n'Alzamora","818460009","Ajuntament de Rubí","Tarda (14 a 22)","41.482187178","2.032371602","MULTILINESTRING ((419216.4863130104 4592738.437343074, 419216.41158401384 4592738.622857431))"
"218/2016","2016-06-02","2016","6","Dijous","17:35:00","Xoc sense sortida de via","1","Ca n'Alzamora","818460009","Ajuntament de Rubí","Tarda (14 a 22)",,,
"219/2016","2016-06-03","2016","6","Divendres","07:20:00","Envestida","2","El Progrés - Rubí 2000","818460009","Ajuntament de Rubí","Matí (06 a 14)",,,
"220/2016","2016-06-03","2016","6","Divendres","10:15:00","Altres (incendi, explosió, esllavissada, etc.)","1","Zona Desconeguda","818460009","Ajuntament de Rubí","Matí (06 a 14)",,,
"225/2016","2016-06-03","2016","6","Divendres","11:15:00","Sortida de via amb caiguda, bolcada, xoc","2","Can Rosés","818460009","Ajuntament de Rubí","Matí (06 a 14)","41.5050018466","2.0361927745","MULTILINESTRING ((419563.63643276424 4595267.797335729, 419563.762277019 4595267.952780971))"
"225/2016","2016-06-03","2016","6","Divendres","11:15:00","Sortida de via amb caiguda, bolcada, xoc","2","Can Rosés","818460009","Ajuntament de Rubí","Matí (06 a 14)",,,
"221/2016","2016-06-03","2016","6","Divendres","20:07:00","Xoc sense sortida de via","2","El Progrés - Rubí 2000","818460009","Ajuntament de Rubí","Tarda (14 a 22)",,,
"222/2016","2016-06-04","2016","6","Dissabte","11:20:00","Fregament positiu (diferent sentit)","2","Zona Desconeguda","818460009","Ajuntament de Rubí","Matí (06 a 14)",,,
"223/2016","2016-06-04","2016","6","Dissabte","18:40:00","Altres (incendi, explosió, esllavissada, etc.)","1","Sant Jordi Parc","818460009","Ajuntament de Rubí","Tarda (14 a 22)","41.4902541617","2.0239343048","MULTILINESTRING ((418522.053564184 4593642.026858371, 418522.24865224527 4593642.070911161))"
"223/2016","2016-06-04","2016","6","Dissabte","18:40:00","Altres (incendi, explosió, esllavissada, etc.)","1","Sant Jordi Parc","818460009","Ajuntament de Rubí","Tarda (14 a 22)",,,
"224/2016","2016-06-05","2016","6","Diumenge","17:20:00","Encalç","2","El Progrés - Rubí 2000","818460009","Ajuntament de Rubí","Tarda (14 a 22)",,,
"226/2016","2016-06-06","2016","6","Dilluns","17:10:00","Fregament negatiu (mateix sentit)","2","Zona Desconeguda","818460009","Ajuntament de Rubí","Tarda (14 a 22)",,,
"227/2016","2016-06-07","2016","6","Dimarts","03:10:00","Sortida de via amb caiguda, bolcada, xoc","1","Centre","818460009","Ajuntament de Rubí","Nit (22 a 06)",,,
"228/2016","2016-06-07","2016","6","Dimarts","08:15:00","Encalç","2","Zona Nord - La Serreta","818460009","Ajuntament de Rubí","Matí (06 a 14)","41.4948157961","2.038359038","MULTILINESTRING ((419731.9169011865 4594134.895366689, 419731.90930158197 4594135.0952222515))"
"228/2016","2016-06-07","2016","6","Dimarts","08:15:00","Encalç","2","Zona Nord - La Serreta","818460009","Ajuntament de Rubí","Matí (06 a 14)",,,
"229/2016","2016-06-07","2016","6","Dimarts","09:15:00","Atropellament","2","Centre","818460009","Ajuntament de Rubí","Matí (06 a 14)","41.49499725","2.0360734032","MULTILINESTRING ((419541.25572026696 4594157.244790481, 419541.45169368916 4594157.2847206425))"
"229/2016","2016-06-07","2016","6","Dimarts","09:15:00","Atropellament","2","Centre","818460009","Ajuntament de Rubí","Matí (06 a 14)",,,
"230/2016","2016-06-07","2016","6","Dimarts","10:10:00","Xoc sense sortida de via","2","Centre","818460009","Ajuntament de Rubí","Matí (06 a 14)","41.49499725","2.0360734032","MULTILINESTRING ((419541.25572026696 4594157.244790481, 419541.45169368916 4594157.2847206425))"
"230/2016","2016-06-07","2016","6","Dimarts","10:10:00","Xoc sense sortida de via","2","Centre","818460009","Ajuntament de Rubí","Matí (06 a 14)",,,
"231/2016","2016-06-07","2016","6","Dimarts","12:50:00","Envestida","2","Zona Nord - La Serreta","818460009","Ajuntament de Rubí","Matí (06 a 14)",,,
"232/2016","2016-06-07","2016","6","Dimarts","14:40:00","Encalç","2","25 de Setembre","818460009","Ajuntament de Rubí","Tarda (14 a 22)","41.4855943067","2.0404905249","MULTILINESTRING ((419898.56554065295 4593109.272834905, 419898.3761208705 4593109.208646541))"
"232/2016","2016-06-07","2016","6","Dimarts","14:40:00","Encalç","2","25 de Setembre","818460009","Ajuntament de Rubí","Tarda (14 a 22)",,,
"233/2016","2016-06-07","2016","6","Dimarts","18:15:00","Envestida","2","El Mercat","818460009","Ajuntament de Rubí","Tarda (14 a 22)",,,
"240/2016","2016-06-08","2016","6","Dimecres","12:20:00","Envestida","2","Centre","818460009","Ajuntament de Rubí","Matí (06 a 14)",,,
"234/2016","2016-06-09","2016","6","Dijous","06:40:00","Altres (incendi, explosió, esllavissada, etc.)","1","Can Fatjó","818460009","Ajuntament de Rubí","Matí (06 a 14)",,,
"235/2016","2016-06-10","2016","6","Divendres","09:40:00","Fregament negatiu (mateix sentit)","2","Can Vallhonrat","818460009","Ajuntament de Rubí","Matí (06 a 14)","41.4741889365","2.0311625954","MULTILINESTRING ((419105.6664662536 4591851.686061168, 419105.4665883382 4591851.693048223))"
"235/2016","2016-06-10","2016","6","Divendres","09:40:00","Fregament negatiu (mateix sentit)","2","Can Vallhonrat","818460009","Ajuntament de Rubí","Matí (06 a 14)",,,
"236/2016","2016-06-10","2016","6","Divendres","15:45:00","Fregament negatiu (mateix sentit)","3","El Progrés - Rubí 2000","818460009","Ajuntament de Rubí","Tarda (14 a 22)","41.4870906825","2.0354887467","MULTILINESTRING ((419482.740172295 4593279.916693731, 419482.7828297266 4593280.112091641))"
"236/2016","2016-06-10","2016","6","Divendres","15:45:00","Fregament negatiu (mateix sentit)","3","El Progrés - Rubí 2000","818460009","Ajuntament de Rubí","Tarda (14 a 22)",,,
"237/2016","2016-06-10","2016","6","Divendres","17:45:00","Altres (incendi, explosió, esllavissada, etc.)","2","Can Fatjó","818460009","Ajuntament de Rubí","Tarda (14 a 22)","41.4703630813","2.0156450382","MULTILINESTRING ((417805.1443104852 4591441.518656605, 417804.97058064694 4591441.617742139))"
"237/2016","2016-06-10","2016","6","Divendres","17:45:00","Altres (incendi, explosió, esllavissada, etc.)","2","Can Fatjó","818460009","Ajuntament de Rubí","Tarda (14 a 22)",,,
"238/2016","2016-06-11","2016","6","Dissabte","20:30:00","Envestida","2","Centre","818460009","Ajuntament de Rubí","Tarda (14 a 22)",,,
"239/2016","2016-06-13","2016","6","Dilluns","13:03:00","Fregament negatiu (mateix sentit)","2","Zona Desconeguda","818460009","Ajuntament de Rubí","Matí (06 a 14)",,,
"241/2016","2016-06-14","2016","6","Dimarts","15:20:00","Atropellament","2","Zona Desconeguda","818460009","Ajuntament de Rubí","Tarda (14 a 22)",,,
"242/2016","2016-06-15","2016","6","Dimecres","06:35:00","Atropellament","2","Zona Desconeguda","818460009","Ajuntament de Rubí","Matí (06 a 14)",,,
"244/2016","2016-06-15","2016","6","Dimecres","09:05:00","Envestida","2","Zona Nord - La Serreta","818460009","Ajuntament de Rubí","Matí (06 a 14)","41.5014750686","2.0331596224","MULTILINESTRING ((419306.21384166984 4594879.248818775, 419306.1468888932 4594879.060358365))"
"244/2016","2016-06-15","2016","6","Dimecres","09:05:00","Envestida","2","Zona Nord - La Serreta","818460009","Ajuntament de Rubí","Matí (06 a 14)",,,
"243/2016","2016-06-15","2016","6","Dimecres","16:05:00","Envestida","2","Can Vallhonrat","818460009","Ajuntament de Rubí","Tarda (14 a 22)","41.4741889365","2.0311625954","MULTILINESTRING ((419105.6664662536 4591851.686061168, 419105.4665883382 4591851.693048223))"
"243/2016","2016-06-15","2016","6","Dimecres","16:05:00","Envestida","2","Can Vallhonrat","818460009","Ajuntament de Rubí","Tarda (14 a 22)",,,
"245/2016","2016-06-17","2016","6","Divendres","04:50:00","Envestida","2","Sector Z","818460009","Ajuntament de Rubí","Nit (22 a 06)",,,
"246/2016","2016-06-17","2016","6","Divendres","12:12:00","Fregament negatiu (mateix sentit)","2","Zona Desconeguda","818460009","Ajuntament de Rubí","Matí (06 a 14)",,,
"247/2016","2016-06-17","2016","6","Divendres","15:51:00","Sortida de via amb caiguda, bolcada, xoc","1","El Progrés - Rubí 2000","818460009","Ajuntament de Rubí","Tarda (14 a 22)",,,
"248/2016","2016-06-18","2016","6","Dissabte","10:31:00","Fregament negatiu (mateix sentit)","2","Zona Desconeguda","818460009","Ajuntament de Rubí","Matí (06 a 14)",,,
"249/2016","2016-06-18","2016","6","Dissabte","18:15:00","Atropellament","3","El Progrés - Rubí 2000","818460009","Ajuntament de Rubí","Tarda (14 a 22)",,,
"250/2016","2016-06-19","2016","6","Diumenge","01:20:00","Xoc sense sortida de via","1","Zona Nord - La Serreta","818460009","Ajuntament de Rubí","Nit (22 a 06)","41.5006333088","2.0348329618","MULTILINESTRING ((419444.70135310316 4594784.166899644, 419444.8945374709 4594784.115132859))"
"250/2016","2016-06-19","2016","6","Diumenge","01:20:00","Xoc sense sortida de via","1","Zona Nord - La Serreta","818460009","Ajuntament de Rubí","Nit (22 a 06)",,,
"251/2016","2016-06-19","2016","6","Diumenge","13:15:00","Xoc sense sortida de via","1","Sant Muç","818460009","Ajuntament de Rubí","Matí (06 a 14)",,,
"252/2016","2016-06-19","2016","6","Diumenge","15:40:00","Múltiple","4","Les Torres","818460009","Ajuntament de Rubí","Tarda (14 a 22)","41.4845872076","2.0334509784","MULTILINESTRING ((419309.52321982244 4593003.877255304, 419309.55819309654 4593004.074173739))"
"252/2016","2016-06-19","2016","6","Diumenge","15:40:00","Múltiple","4","Les Torres","818460009","Ajuntament de Rubí","Tarda (14 a 22)",,,
"253/2016","2016-06-20","2016","6","Dilluns","12:15:00","Col·lisió frontal","2","Zona Desconeguda","818460009","Ajuntament de Rubí","Matí (06 a 14)",,,
"255/2016","2016-06-21","2016","6","Dimarts","00:35:00","Xoc sense sortida de via","1","Can Fatjó","818460009","Ajuntament de Rubí","Nit (22 a 06)","41.4897319135","2.0273825368","MULTILINESTRING ((418809.378719861 4593580.919793204, 418809.3138931477 4593580.730590939))"
"255/2016","2016-06-21","2016","6","Dimarts","00:35:00","Xoc sense sortida de via","1","Can Fatjó","818460009","Ajuntament de Rubí","Nit (22 a 06)",,,
"254/2016","2016-06-21","2016","6","Dimarts","11:11:00","Atropellament","2","Centre","818460009","Ajuntament de Rubí","Matí (06 a 14)","41.4898162265","2.0296530032","MULTILINESTRING ((418998.97111541405 4593587.957345641, 418998.997020552 4593588.155660853))"
"254/2016","2016-06-21","2016","6","Dimarts","11:11:00","Atropellament","2","Centre","818460009","Ajuntament de Rubí","Matí (06 a 14)",,,
"256/2016","2016-06-23","2016","6","Dijous","09:20:00","Envestida","2","Zona Desconeguda","818460009","Ajuntament de Rubí","Matí (06 a 14)",,,
"257/2016","2016-06-24","2016","6","Divendres","22:55:00","Xoc sense sortida de via","2","Can Fatjó","818460009","Ajuntament de Rubí","Nit (22 a 06)","41.4872255993","2.0256795217","MULTILINESTRING ((418663.9665349513 4593304.230131956, 418664.1295132684 4593304.114209273))"
"257/2016","2016-06-24","2016","6","Divendres","22:55:00","Xoc sense sortida de via","2","Can Fatjó","818460009","Ajuntament de Rubí","Nit (22 a 06)",,,
"258/2016","2016-06-26","2016","6","Diumenge","14:00:00","Xoc sense sortida de via","1","Can Fatjó","818460009","Ajuntament de Rubí","Tarda (14 a 22)",,,
"259/2016","2016-06-27","2016","6","Dilluns","08:30:00","Fregament negatiu (mateix sentit)","2","Sant Jordi Parc","818460009","Ajuntament de Rubí","Matí (06 a 14)",,,
"260/2016","2016-06-27","2016","6","Dilluns","12:20:00","Sortida de via amb caiguda, bolcada, xoc","1","Can Fatjó","818460009","Ajuntament de Rubí","Matí (06 a 14)",,,
"261/2016","2016-06-27","2016","6","Dilluns","12:30:00","Sortida de via amb caiguda, bolcada, xoc","2","Centre","818460009","Ajuntament de Rubí","Matí (06 a 14)",,,
"262/2016","2016-06-27","2016","6","Dilluns","19:40:00","Xoc sense sortida de via","2","Castellnou - Can Mir","818460009","Ajuntament de Rubí","Tarda (14 a 22)","41.5184389022","2.0055821243","MULTILINESTRING ((417026.1851296543 4596788.512603018, 417026.13897287246 4596788.707204022))"
"262/2016","2016-06-27","2016","6","Dilluns","19:40:00","Xoc sense sortida de via","2","Castellnou - Can Mir","818460009","Ajuntament de Rubí","Tarda (14 a 22)",,,
"263/2016","2016-06-28","2016","6","Dimarts","18:50:00","Xoc sense sortida de via","1","Zona Desconeguda","818460009","Ajuntament de Rubí","Tarda (14 a 22)",,,
"264/2016","2016-06-29","2016","6","Dimecres","11:00:00","Envestida","2","Centre","818460009","Ajuntament de Rubí","Matí (06 a 14)",,,
"265/2016","2016-06-29","2016","6","Dimecres","17:35:00","Xoc sense sortida de via","2","Can Fatjó","818460009","Ajuntament de Rubí","Tarda (14 a 22)",,,
"266/2016","2016-06-29","2016","6","Dimecres","23:05:00","Xoc sense sortida de via","1","Sant Muç","818460009","Ajuntament de Rubí","Nit (22 a 06)",,,
"267/2016","2016-06-30","2016","6","Dijous","11:06:00","Atropellament","2","Centre","818460009","Ajuntament de Rubí","Matí (06 a 14)",,,
"273/2016","2016-06-30","2016","6","Dijous","16:27:00","Xoc sense sortida de via","1","Centre","818460009","Ajuntament de Rubí","Tarda (14 a 22)",,,
"268/2016","2016-06-30","2016","6","Dijous","18:20:00","Sortida de via amb caiguda, bolcada, xoc","1","Zona Desconeguda","818460009","Ajuntament de Rubí","Tarda (14 a 22)",,,
"269/2016","2016-07-01","2016","7","Divendres","13:30:00","Fregament negatiu (mateix sentit)","2","Plana de Can Bertran","818460009","Ajuntament de Rubí","Matí (06 a 14)",,,
"270/2016","2016-07-01","2016","7","Divendres","17:10:00","Envestida","2","Zona Nord - La Serreta","818460009","Ajuntament de Rubí","Tarda (14 a 22)",,,
"271/2016","2016-07-02","2016","7","Dissabte","08:40:00","Envestida","1","Sector Z","818460009","Ajuntament de Rubí","Matí (06 a 14)",,,
"272/2016","2016-07-02","2016","7","Dissabte","10:15:00","Sortida de via amb caiguda, bolcada, xoc","1","El Mercat","818460009","Ajuntament de Rubí","Matí (06 a 14)",,,
"274/2016","2016-07-04","2016","7","Dilluns","16:20:00","Atropellament","2","Plana de Can Bertran","818460009","Ajuntament de Rubí","Tarda (14 a 22)","41.4911600623","2.0385835933","MULTILINESTRING ((419746.1475289926 4593728.823818687, 419746.1414053233 4593729.023724918))"
"274/2016","2016-07-04","2016","7","Dilluns","16:20:00","Atropellament","2","Plana de Can Bertran","818460009","Ajuntament de Rubí","Tarda (14 a 22)",,,
"275/2016","2016-07-05","2016","7","Dimarts","13:15:00","Col·lisió frontal","2","Can Fatjó","818460009","Ajuntament de Rubí","Matí (06 a 14)",,,
"276/2016","2016-07-06","2016","7","Dimecres","00:45:00","Sortida de via amb caiguda, bolcada, xoc","1","Sant Muç","818460009","Ajuntament de Rubí","Nit (22 a 06)","41.5119369167","2.0120833025","MULTILINESTRING ((417560.44185778056 4596060.455509636, 417560.3057437073 4596060.6020461805))"
"276/2016","2016-07-06","2016","7","Dimecres","00:45:00","Sortida de via amb caiguda, bolcada, xoc","1","Sant Muç","818460009","Ajuntament de Rubí","Nit (22 a 06)",,,
"277/2016","2016-07-06","2016","7","Dimecres","14:30:00","Envestida","2","Can Rosés","818460009","Ajuntament de Rubí","Tarda (14 a 22)",,,
"278/2016","2016-07-06","2016","7","Dimecres","17:30:00","Xoc sense sortida de via","1","Can Solà","818460009","Ajuntament de Rubí","Tarda (14 a 22)",,,
"279/2016","2016-07-06","2016","7","Dimecres","19:25:00","Envestida","2","Centre","818460009","Ajuntament de Rubí","Tarda (14 a 22)",,,
"280/2016","2016-07-08","2016","7","Divendres","13:20:00","Encalç","2","Zona Desconeguda","818460009","Ajuntament de Rubí","Matí (06 a 14)",,,
"282/2016","2016-07-09","2016","7","Dissabte","09:15:00","Col·lisió frontal","2","Sector Z","818460009","Ajuntament de Rubí","Matí (06 a 14)",,,
"281/2016","2016-07-09","2016","7","Dissabte","09:47:00","Encalç","2","Zona Desconeguda","818460009","Ajuntament de Rubí","Matí (06 a 14)",,,
"283/2016","2016-07-09","2016","7","Dissabte","17:15:00","Altres (incendi, explosió, esllavissada, etc.)","1","Ca n'Oriol","818460009","Ajuntament de Rubí","Tarda (14 a 22)","41.5000678796","2.0406056427","MULTILINESTRING ((419925.9620303726 4594716.088782433, 419925.8560404966 4594715.9191765785))"
"283/2016","2016-07-09","2016","7","Dissabte","17:15:00","Altres (incendi, explosió, esllavissada, etc.)","1","Ca n'Oriol","818460009","Ajuntament de Rubí","Tarda (14 a 22)",,,
"284/2016","2016-07-11","2016","7","Dilluns","08:00:00","Sortida de via amb caiguda, bolcada, xoc","1","Zona Desconeguda","818460009","Ajuntament de Rubí","Matí (06 a 14)",,,
"285/2016","2016-07-12","2016","7","Dimarts","13:00:00","Envestida","2","Centre","818460009","Ajuntament de Rubí","Matí (06 a 14)",,,
"286/2016","2016-07-13","2016","7","Dimecres","07:25:00","Encalç","2","El Progrés - Rubí 2000","818460009","Ajuntament de Rubí","Matí (06 a 14)",,,
"290/2016","2016-07-13","2016","7","Dimecres","11:40:00","Xoc sense sortida de via","0","Zona Desconeguda","818460009","Ajuntament de Rubí","Matí (06 a 14)",,,
"287/2016","2016-07-13","2016","7","Dimecres","12:30:00","Envestida","2","Can Fatjó","818460009","Ajuntament de Rubí","Matí (06 a 14)","41.4706366682","2.015947119","MULTILINESTRING ((417830.54532040923 4591471.712128661, 417830.709493879 4591471.597904883))"
"287/2016","2016-07-13","2016","7","Dimecres","12:30:00","Envestida","2","Can Fatjó","818460009","Ajuntament de Rubí","Matí (06 a 14)",,,
"289/2016","2016-07-13","2016","7","Dimecres","12:40:00","Xoc sense sortida de via","2","Centre","818460009","Ajuntament de Rubí","Matí (06 a 14)",,,
"288/2016","2016-07-13","2016","7","Dimecres","14:00:00","Xoc sense sortida de via","1","Can Fatjó","818460009","Ajuntament de Rubí","Tarda (14 a 22)",,,
"291/2016","2016-07-15","2016","7","Divendres","09:57:00","Sortida de via amb caiguda, bolcada, xoc","1","Can Fatjó","818460009","Ajuntament de Rubí","Matí (06 a 14)","41.4707298143","2.0133844406","MULTILINESTRING ((417616.8354105762 4591484.49496559, 417616.6777141014 4591484.371954118))"
"291/2016","2016-07-15","2016","7","Divendres","09:57:00","Sortida de via amb caiguda, bolcada, xoc","1","Can Fatjó","818460009","Ajuntament de Rubí","Matí (06 a 14)",,,
"292/2016","2016-07-15","2016","7","Divendres","14:40:00","Envestida","2","Plana de Can Bertran","818460009","Ajuntament de Rubí","Tarda (14 a 22)",,,
"294/2016","2016-07-15","2016","7","Divendres","18:00:00","Xoc sense sortida de via","1","Sector Z","818460009","Ajuntament de Rubí","Tarda (14 a 22)",,,
"293/2016","2016-07-15","2016","7","Divendres","19:00:00","Fregament positiu (diferent sentit)","2","Can Rosés","818460009","Ajuntament de Rubí","Tarda (14 a 22)",,,
"295/2016","2016-07-16","2016","7","Dissabte","11:15:00","Envestida","2","Els Avets","818460009","Ajuntament de Rubí","Matí (06 a 14)",,,
"296/2016","2016-07-17","2016","7","Diumenge","15:45:00","Encalç","2","El Progrés - Rubí 2000","818460009","Ajuntament de Rubí","Tarda (14 a 22)",,,
"298/2016","2016-07-18","2016","7","Dilluns","14:00:00","Xoc sense sortida de via","1","Sant Muç","818460009","Ajuntament de Rubí","Tarda (14 a 22)","41.5065388093","2.0324814568","MULTILINESTRING ((419255.8557100376 4595441.871430913, 419255.8854467167 4595442.0692078825))"
"298/2016","2016-07-18","2016","7","Dilluns","14:00:00","Xoc sense sortida de via","1","Sant Muç","818460009","Ajuntament de Rubí","Tarda (14 a 22)",,,
"297/2016","2016-07-18","2016","7","Dilluns","16:10:00","Atropellament","2","Les Torres","818460009","Ajuntament de Rubí","Tarda (14 a 22)","41.4848049951","2.0319945302","MULTILINESTRING ((419188.2393259562 4593029.612879105, 419188.20300127496 4593029.416205471))"
"297/2016","2016-07-18","2016","7","Dilluns","16:10:00","Atropellament","2","Les Torres","818460009","Ajuntament de Rubí","Tarda (14 a 22)",,,
"299/2016","2016-07-18","2016","7","Dilluns","19:19:00","Fregament negatiu (mateix sentit)","3","Centre","818460009","Ajuntament de Rubí","Tarda (14 a 22)","41.4928493586","2.0330830795","MULTILINESTRING ((419289.18286516785 4593921.587030082, 419288.9829868906 4593921.594006776))"
"299/2016","2016-07-18","2016","7","Dilluns","19:19:00","Fregament negatiu (mateix sentit)","3","Centre","818460009","Ajuntament de Rubí","Tarda (14 a 22)",,,
"300/2016","2016-07-19","2016","7","Dimarts","07:20:00","Fregament negatiu (mateix sentit)","3","Can Fatjó","818460009","Ajuntament de Rubí","Matí (06 a 14)","41.470323908","2.0208827094","MULTILINESTRING ((418242.30551709863 4591432.176346284, 418242.4265561316 4591432.335561711))"
"300/2016","2016-07-19","2016","7","Dimarts","07:20:00","Fregament negatiu (mateix sentit)","3","Can Fatjó","818460009","Ajuntament de Rubí","Matí (06 a 14)",,,
"301/2016","2016-07-19","2016","7","Dimarts","13:05:00","Encalç","3","Can Vallhonrat","818460009","Ajuntament de Rubí","Matí (06 a 14)","41.4741889365","2.0311625954","MULTILINESTRING ((419105.6664662536 4591851.686061168, 419105.4665883382 4591851.693048223))"
"301/2016","2016-07-19","2016","7","Dimarts","13:05:00","Encalç","3","Can Vallhonrat","818460009","Ajuntament de Rubí","Matí (06 a 14)",,,
"302/2016","2016-07-20","2016","7","Dimecres","08:49:00","Xoc sense sortida de via","2","Zona Nord - La Serreta","818460009","Ajuntament de Rubí","Matí (06 a 14)","41.4949610282","2.0380658963","MULTILINESTRING ((419707.704581326 4594151.450040516, 419707.54277510126 4594151.332487357))"
"302/2016","2016-07-20","2016","7","Dimecres","08:49:00","Xoc sense sortida de via","2","Zona Nord - La Serreta","818460009","Ajuntament de Rubí","Matí (06 a 14)",,,
"306/2016","2016-07-22","2016","7","Divendres","09:55:00","Sortida de via amb caiguda, bolcada, xoc","1","Centre","818460009","Ajuntament de Rubí","Matí (06 a 14)",,,
"322/2016","2016-07-22","2016","7","Divendres","09:55:00","Simple","0","Centre","818460009","Ajuntament de Rubí","Matí (06 a 14)",,,
"303/2016","2016-07-22","2016","7","Divendres","16:50:00","Encalç","2","El Mercat","818460009","Ajuntament de Rubí","Tarda (14 a 22)","41.4869293111","2.0388031545","MULTILINESTRING ((419759.3420398531 4593258.97511592, 419759.16161980416 4593259.061421226))"
"303/2016","2016-07-22","2016","7","Divendres","16:50:00","Encalç","2","El Mercat","818460009","Ajuntament de Rubí","Tarda (14 a 22)",,,
"304/2016","2016-07-22","2016","7","Divendres","16:55:00","Sortida de via amb caiguda, bolcada, xoc","1","Can Rosés","818460009","Ajuntament de Rubí","Tarda (14 a 22)","41.5037164355","2.0421054192","MULTILINESTRING ((420055.63392727444 4595119.763222469, 420055.5150363658 4595119.602396626))"
"304/2016","2016-07-22","2016","7","Divendres","16:55:00","Sortida de via amb caiguda, bolcada, xoc","1","Can Rosés","818460009","Ajuntament de Rubí","Tarda (14 a 22)",,,
"305/2016","2016-07-24","2016","7","Diumenge","03:15:00","Xoc sense sortida de via","4","Zona Desconeguda","818460009","Ajuntament de Rubí","Nit (22 a 06)",,,
"307/2016","2016-07-26","2016","7","Dimarts","14:23:00","Encalç","2","Can Fatjó","818460009","Ajuntament de Rubí","Tarda (14 a 22)","41.4813837133","2.0290697494","MULTILINESTRING ((418939.79568995914 4592652.318628452, 418939.7751532788 4592652.51757127))"
"307/2016","2016-07-26","2016","7","Dimarts","14:23:00","Encalç","2","Can Fatjó","818460009","Ajuntament de Rubí","Tarda (14 a 22)",,,
"308/2016","2016-07-27","2016","7","Dimecres","17:40:00","Fregament negatiu (mateix sentit)","2","Zona Nord - La Serreta","818460009","Ajuntament de Rubí","Tarda (14 a 22)","41.5011008873","2.0341312511","MULTILINESTRING ((419386.78480788524 4594836.609551083, 419386.8365771804 4594836.802734779))"
"308/2016","2016-07-27","2016","7","Dimecres","17:40:00","Fregament negatiu (mateix sentit)","2","Zona Nord - La Serreta","818460009","Ajuntament de Rubí","Tarda (14 a 22)",,,
"309/2016","2016-07-28","2016","7","Dijous","21:30:00","Encalç","2","Sector Z","818460009","Ajuntament de Rubí","Tarda (14 a 22)","41.4880056558","2.0400036783","MULTILINESTRING ((419860.7803705575 4593377.499988848, 419860.8181274099 4593377.303585132))"
"309/2016","2016-07-28","2016","7","Dijous","21:30:00","Encalç","2","Sector Z","818460009","Ajuntament de Rubí","Tarda (14 a 22)",,,
"311/2016","2016-07-29","2016","7","Divendres","11:10:00","Xoc sense sortida de via","1","Sant Muç","818460009","Ajuntament de Rubí","Matí (06 a 14)",,,
"310/2016","2016-07-29","2016","7","Divendres","18:10:00","Encalç","2","Can Vallhonrat","818460009","Ajuntament de Rubí","Tarda (14 a 22)","41.4741889365","2.0311625954","MULTILINESTRING ((419105.6664662536 4591851.686061168, 419105.4665883382 4591851.693048223))"
"310/2016","2016-07-29","2016","7","Divendres","18:10:00","Encalç","2","Can Vallhonrat","818460009","Ajuntament de Rubí","Tarda (14 a 22)",,,
"312/2016","2016-07-30","2016","7","Dissabte","16:00:00","Xoc sense sortida de via","1","Zona Desconeguda","818460009","Ajuntament de Rubí","Tarda (14 a 22)",,,
"313/2016","2016-08-01","2016","8","Dilluns","07:40:00","Encalç","3","Zona Desconeguda","818460009","Ajuntament de Rubí","Matí (06 a 14)",,,
"314/2016","2016-08-01","2016","8","Dilluns","15:30:00","Xoc sense sortida de via","1","Ca n'Alzamora","818460009","Ajuntament de Rubí","Tarda (14 a 22)","41.4833764123","2.0321667792","MULTILINESTRING ((419200.9250902846 4592870.766818556, 419200.7275537129 4592870.735524742))"
"314/2016","2016-08-01","2016","8","Dilluns","15:30:00","Xoc sense sortida de via","1","Ca n'Alzamora","818460009","Ajuntament de Rubí","Tarda (14 a 22)",,,
"315/2016","2016-08-03","2016","8","Dimecres","19:30:00","Xoc sense sortida de via","3","Zona Desconeguda","818460009","Ajuntament de Rubí","Tarda (14 a 22)",,,
"316/2016","2016-08-04","2016","8","Dijous","07:55:00","Sortida de via amb caiguda, bolcada, xoc","1","Zona Desconeguda","818460009","Ajuntament de Rubí","Matí (06 a 14)",,,
"317/2016","2016-08-06","2016","8","Dissabte","19:50:00","Col·lisió frontal","2","Centre","818460009","Ajuntament de Rubí","Tarda (14 a 22)",,,
"318/2016","2016-08-10","2016","8","Dimecres","09:50:00","Xoc sense sortida de via","1","Zona Desconeguda","818460009","Ajuntament de Rubí","Matí (06 a 14)",,,
"319/2016","2016-08-10","2016","8","Dimecres","11:45:00","Envestida","2","Centre","818460009","Ajuntament de Rubí","Matí (06 a 14)",,,
"320/2016","2016-08-12","2016","8","Divendres","12:20:00","Encalç","2","Centre","818460009","Ajuntament de Rubí","Matí (06 a 14)",,,
"323/2016","2016-08-12","2016","8","Divendres","12:20:00","Col·lisió frontal","2","Can Fatjó","818460009","Ajuntament de Rubí","Matí (06 a 14)",,,
"321/2016","2016-08-12","2016","8","Divendres","18:00:00","Xoc sense sortida de via","2","Zona Nord - La Serreta","818460009","Ajuntament de Rubí","Tarda (14 a 22)","41.4975676461","2.0324983063","MULTILINESTRING ((419246.22568853456 4594445.9332743855, 419246.0364513794 4594445.99799918))"
"321/2016","2016-08-12","2016","8","Divendres","18:00:00","Xoc sense sortida de via","2","Zona Nord - La Serreta","818460009","Ajuntament de Rubí","Tarda (14 a 22)",,,
"328/2016","2016-08-15","2016","8","Dilluns","14:00:00","Encalç","2","Zona Nord - La Serreta","818460009","Ajuntament de Rubí","Tarda (14 a 22)","41.4975676461","2.0324983063","MULTILINESTRING ((419246.22568853456 4594445.9332743855, 419246.0364513794 4594445.99799918))"
"328/2016","2016-08-15","2016","8","Dilluns","14:00:00","Encalç","2","Zona Nord - La Serreta","818460009","Ajuntament de Rubí","Tarda (14 a 22)",,,
"324/2016","2016-08-15","2016","8","Dilluns","14:10:00","Altres (incendi, explosió, esllavissada, etc.)","2","Zona Nord - La Serreta","818460009","Ajuntament de Rubí","Tarda (14 a 22)","41.5002338959","2.0332766518","MULTILINESTRING ((419314.43300321756 4594741.345565635, 419314.38133762334 4594741.15235418))"
"324/2016","2016-08-15","2016","8","Dilluns","14:10:00","Altres (incendi, explosió, esllavissada, etc.)","2","Zona Nord - La Serreta","818460009","Ajuntament de Rubí","Tarda (14 a 22)",,,
"327/2016","2016-08-16","2016","8","Dimarts","12:00:00","Altres (incendi, explosió, esllavissada, etc.)","1","Can Rosés","818460009","Ajuntament de Rubí","Matí (06 a 14)",,,
"325/2016","2016-08-17","2016","8","Dimecres","13:30:00","Sortida de via amb caiguda, bolcada, xoc","1","Zona Desconeguda","818460009","Ajuntament de Rubí","Matí (06 a 14)",,,
"330/2016","2016-08-18","2016","8","Dijous","11:30:00","Xoc sense sortida de via","2","Ca n'Oriol","818460009","Ajuntament de Rubí","Matí (06 a 14)","41.5002092256","2.044707409","MULTILINESTRING ((420268.35215628933 4594727.846472658, 420268.5133750525 4594727.964830212))"
"330/2016","2016-08-18","2016","8","Dijous","11:30:00","Xoc sense sortida de via","2","Ca n'Oriol","818460009","Ajuntament de Rubí","Matí (06 a 14)",,,
"331/2016","2016-08-18","2016","8","Dijous","17:20:00","Encalç","2","Can Vallhonrat","818460009","Ajuntament de Rubí","Tarda (14 a 22)","41.4741889365","2.0311625954","MULTILINESTRING ((419105.6664662536 4591851.686061168, 419105.4665883382 4591851.693048223))"
"331/2016","2016-08-18","2016","8","Dijous","17:20:00","Encalç","2","Can Vallhonrat","818460009","Ajuntament de Rubí","Tarda (14 a 22)",,,
"329/2016","2016-08-20","2016","8","Dissabte","19:10:00","Altres (incendi, explosió, esllavissada, etc.)","2","Centre","818460009","Ajuntament de Rubí","Tarda (14 a 22)","41.4874897323","2.0313009266","MULTILINESTRING ((419133.55729169206 4593328.245598123, 419133.7528889228 4593328.203864165))"
"329/2016","2016-08-20","2016","8","Dissabte","19:10:00","Altres (incendi, explosió, esllavissada, etc.)","2","Centre","818460009","Ajuntament de Rubí","Tarda (14 a 22)",,,
"333/2016","2016-08-22","2016","8","Dilluns","12:15:00","Atropellament","2","El Progrés - Rubí 2000","818460009","Ajuntament de Rubí","Matí (06 a 14)",,,
"332/2016","2016-08-24","2016","8","Dimecres","13:20:00","Atropellament","2","Can Fatjó","818460009","Ajuntament de Rubí","Matí (06 a 14)",,,
"334/2016","2016-08-25","2016","8","Dijous","00:15:00","Xoc sense sortida de via","2","Castellnou - Can Mir","818460009","Ajuntament de Rubí","Nit (22 a 06)","41.5323491764","1.9943931036","MULTILINESTRING ((416110.50707012106 4598343.655572061, 416110.5208601616 4598343.855096082))"
"334/2016","2016-08-25","2016","8","Dijous","00:15:00","Xoc sense sortida de via","2","Castellnou - Can Mir","818460009","Ajuntament de Rubí","Nit (22 a 06)",,,
"336/2016","2016-08-27","2016","8","Dissabte","11:30:00","Envestida","2","Sector Z","818460009","Ajuntament de Rubí","Matí (06 a 14)",,,
"337/2016","2016-08-27","2016","8","Dissabte","23:15:00","Encalç","2","Sector Z","818460009","Ajuntament de Rubí","Nit (22 a 06)",,,
"338/2016","2016-08-28","2016","8","Diumenge","03:35:00","Sortida de via amb caiguda, bolcada, xoc","1","Zona Desconeguda","818460009","Ajuntament de Rubí","Nit (22 a 06)",,,
"335/2016","2016-08-28","2016","8","Diumenge","06:10:00","Xoc sense sortida de via","1","Zona Desconeguda","818460009","Ajuntament de Rubí","Matí (06 a 14)",,,
"339/2016","2016-08-29","2016","8","Dilluns","10:20:00","Encalç","2","Zona Nord - La Serreta","818460009","Ajuntament de Rubí","Matí (06 a 14)","41.5014750686","2.0331596224","MULTILINESTRING ((419306.21384166984 4594879.248818775, 419306.1468888932 4594879.060358365))"
"339/2016","2016-08-29","2016","8","Dilluns","10:20:00","Encalç","2","Zona Nord - La Serreta","818460009","Ajuntament de Rubí","Matí (06 a 14)",,,
"340/2016","2016-08-30","2016","8","Dimarts","17:35:00","Envestida","3","El Mercat","818460009","Ajuntament de Rubí","Tarda (14 a 22)",,,
"341/2016","2016-08-31","2016","8","Dimecres","11:15:00","Xoc sense sortida de via","1","Can Fatjó","818460009","Ajuntament de Rubí","Matí (06 a 14)",,,
"342/2016","2016-09-01","2016","9","Dijous","11:08:00","Encalç","2","Sector Z","818460009","Ajuntament de Rubí","Matí (06 a 14)",,,
"344/2016","2016-09-02","2016","9","Divendres","06:45:00","Atropellament","3","Can Fatjó","818460009","Ajuntament de Rubí","Matí (06 a 14)","41.4628764173","2.0069557178","MULTILINESTRING ((417070.0377804147 4590618.697745259, 417069.8390072195 4590618.675627011))"
"344/2016","2016-09-02","2016","9","Divendres","06:45:00","Atropellament","3","Can Fatjó","818460009","Ajuntament de Rubí","Matí (06 a 14)",,,
"343/2016","2016-09-03","2016","9","Dissabte","10:15:00","Xoc sense sortida de via","3","Zona Nord - La Serreta","818460009","Ajuntament de Rubí","Matí (06 a 14)","41.4965479559","2.0319380055","MULTILINESTRING ((419198.1037462709 4594333.381761559, 419198.0897950277 4594333.182248744))"
"343/2016","2016-09-03","2016","9","Dissabte","10:15:00","Xoc sense sortida de via","3","Zona Nord - La Serreta","818460009","Ajuntament de Rubí","Matí (06 a 14)",,,
"345/2016","2016-09-04","2016","9","Diumenge","10:50:00","Fregament positiu (diferent sentit)","2","Can Solà","818460009","Ajuntament de Rubí","Matí (06 a 14)","41.5359389917","2.0016187392","MULTILINESTRING ((416717.9549168568 4598735.228409118, 416717.84892247565 4598735.398012158))"
"345/2016","2016-09-04","2016","9","Diumenge","10:50:00","Fregament positiu (diferent sentit)","2","Can Solà","818460009","Ajuntament de Rubí","Matí (06 a 14)",,,
"346/2016","2016-09-04","2016","9","Diumenge","17:36:00","Fregament positiu (diferent sentit)","2","Castellnou - Can Mir","818460009","Ajuntament de Rubí","Tarda (14 a 22)","41.5163146567","2.0045773155","MULTILINESTRING ((416939.63893172995 4596553.8316890625, 416939.5690756399 4596553.644285414))"
"346/2016","2016-09-04","2016","9","Diumenge","17:36:00","Fregament positiu (diferent sentit)","2","Castellnou - Can Mir","818460009","Ajuntament de Rubí","Tarda (14 a 22)",,,
"347/2016","2016-09-05","2016","9","Dilluns","09:51:00","Xoc sense sortida de via","1","Ca n'Oriol","818460009","Ajuntament de Rubí","Matí (06 a 14)","41.4984145407","2.0429738125","MULTILINESTRING ((420121.6036028594 4594530.330293317, 420121.4654704792 4594530.185657756))"
"347/2016","2016-09-05","2016","9","Dilluns","09:51:00","Xoc sense sortida de via","1","Ca n'Oriol","818460009","Ajuntament de Rubí","Matí (06 a 14)",,,
"348/2016","2016-09-05","2016","9","Dilluns","16:30:00","Envestida","2","Can Fatjó","818460009","Ajuntament de Rubí","Tarda (14 a 22)",,,
"349/2016","2016-09-06","2016","9","Dimarts","10:35:00","Envestida","2","Centre","818460009","Ajuntament de Rubí","Matí (06 a 14)",,,
"350/2016","2016-09-06","2016","9","Dimarts","12:00:00","Fregament negatiu (mateix sentit)","2","Zona Nord - La Serreta","818460009","Ajuntament de Rubí","Matí (06 a 14)",,,
"352/2016","2016-09-08","2016","9","Dijous","07:13:00","Encalç","3","Can Vallhonrat","818460009","Ajuntament de Rubí","Matí (06 a 14)","41.4741889365","2.0311625954","MULTILINESTRING ((419105.6664662536 4591851.686061168, 419105.4665883382 4591851.693048223))"
"352/2016","2016-09-08","2016","9","Dijous","07:13:00","Encalç","3","Can Vallhonrat","818460009","Ajuntament de Rubí","Matí (06 a 14)",,,
"354/2016","2016-09-08","2016","9","Dijous","07:45:00","Atropellament","2","El Progrés - Rubí 2000","818460009","Ajuntament de Rubí","Matí (06 a 14)",,,
"355/2016","2016-09-08","2016","9","Dijous","20:35:00","Fregament negatiu (mateix sentit)","2","Zona Desconeguda","818460009","Ajuntament de Rubí","Tarda (14 a 22)",,,
"356/2016","2016-09-08","2016","9","Dijous","21:30:00","Col·lisió frontal","2","Zona Desconeguda","818460009","Ajuntament de Rubí","Tarda (14 a 22)",,,
"351/2016","2016-09-09","2016","9","Divendres","01:13:00","Xoc sense sortida de via","1","Can Serrafossà - La Perla","818460009","Ajuntament de Rubí","Nit (22 a 06)","41.4871649491","2.0143468601","MULTILINESTRING ((417718.0104358162 4593308.137158369, 417717.8153477548 4593308.181211159))"
"351/2016","2016-09-09","2016","9","Divendres","01:13:00","Xoc sense sortida de via","1","Can Serrafossà - La Perla","818460009","Ajuntament de Rubí","Nit (22 a 06)",,,
"353/2016","2016-09-09","2016","9","Divendres","09:00:00","Encalç","10","Can Fatjó","818460009","Ajuntament de Rubí","Matí (06 a 14)","41.4824836976","2.0243041473","MULTILINESTRING ((418543.3837876545 4592778.977671763, 418543.19955020613 4592779.055495682))"
"353/2016","2016-09-09","2016","9","Divendres","09:00:00","Encalç","10","Can Fatjó","818460009","Ajuntament de Rubí","Matí (06 a 14)",,,
"357/2016","2016-09-10","2016","9","Dissabte","14:15:00","Altres (incendi, explosió, esllavissada, etc.)","2","Centre","818460009","Ajuntament de Rubí","Tarda (14 a 22)",,,
"358/2016","2016-09-12","2016","9","Dilluns","19:10:00","Xoc sense sortida de via","2","Ca n'Alzamora","818460009","Ajuntament de Rubí","Tarda (14 a 22)","41.4831988292","2.0341348831","MULTILINESTRING ((419364.8160540281 4592849.1812022505, 419365.01287203765 4592849.216736337))"
"358/2016","2016-09-12","2016","9","Dilluns","19:10:00","Xoc sense sortida de via","2","Ca n'Alzamora","818460009","Ajuntament de Rubí","Tarda (14 a 22)",,,
"359/2016","2016-09-13","2016","9","Dimarts","14:30:00","Encalç","2","El Progrés - Rubí 2000","818460009","Ajuntament de Rubí","Tarda (14 a 22)","41.4860392142","2.0364070508","MULTILINESTRING ((419558.08094341896 4593162.516273363, 419558.1622912251 4593162.3335644845))"
"359/2016","2016-09-13","2016","9","Dimarts","14:30:00","Encalç","2","El Progrés - Rubí 2000","818460009","Ajuntament de Rubí","Tarda (14 a 22)",,,
"360/2016","2016-09-13","2016","9","Dimarts","15:50:00","Atropellament","2","Zona Nord - La Serreta","818460009","Ajuntament de Rubí","Tarda (14 a 22)","41.4942893708","2.0370924144","MULTILINESTRING ((419625.4368296503 4594077.739794349, 419625.6353395336 4594077.715425797))"
"360/2016","2016-09-13","2016","9","Dimarts","15:50:00","Atropellament","2","Zona Nord - La Serreta","818460009","Ajuntament de Rubí","Tarda (14 a 22)",,,
"361/2016","2016-09-13","2016","9","Dimarts","18:00:00","Múltiple","3","El Progrés - Rubí 2000","818460009","Ajuntament de Rubí","Tarda (14 a 22)",,,
"362/2016","2016-09-14","2016","9","Dimecres","16:15:00","Envestida","2","El Mercat","818460009","Ajuntament de Rubí","Tarda (14 a 22)","41.4860579683","2.0401884311","MULTILINESTRING ((419873.8381478631 4593160.897914356, 419873.80686381744 4593161.0954524735))"
"362/2016","2016-09-14","2016","9","Dimecres","16:15:00","Envestida","2","El Mercat","818460009","Ajuntament de Rubí","Tarda (14 a 22)",,,
"363/2016","2016-09-15","2016","9","Dijous","05:58:00","Col·lisió frontal","2","Centre","818460009","Ajuntament de Rubí","Nit (22 a 06)",,,
"364/2016","2016-09-15","2016","9","Dijous","10:15:00","Xoc sense sortida de via","1","Zona Nord - La Serreta","818460009","Ajuntament de Rubí","Matí (06 a 14)","41.495968879","2.037000553","MULTILINESTRING ((419619.8554946062 4594264.228850358, 419620.03425947495 4594264.318533811))"
"364/2016","2016-09-15","2016","9","Dijous","10:15:00","Xoc sense sortida de via","1","Zona Nord - La Serreta","818460009","Ajuntament de Rubí","Matí (06 a 14)",,,
"365/2016","2016-09-15","2016","9","Dijous","17:30:00","Encalç","0","Zona Desconeguda","818460009","Ajuntament de Rubí","Tarda (14 a 22)",,,
"366/2016","2016-09-15","2016","9","Dijous","17:30:00","Encalç","2","Zona Desconeguda","818460009","Ajuntament de Rubí","Tarda (14 a 22)",,,
"367/2016","2016-09-16","2016","9","Divendres","15:10:00","Xoc sense sortida de via","1","Can Fatjó","818460009","Ajuntament de Rubí","Tarda (14 a 22)",,,
"368/2016","2016-09-16","2016","9","Divendres","21:30:00","Xoc sense sortida de via","1","Plana de Can Bertran","818460009","Ajuntament de Rubí","Tarda (14 a 22)","41.4941186279","2.0370186484","MULTILINESTRING ((419619.26664054615 4594058.8262137305, 419619.0685873949 4594058.854051642))"
"368/2016","2016-09-16","2016","9","Divendres","21:30:00","Xoc sense sortida de via","1","Plana de Can Bertran","818460009","Ajuntament de Rubí","Tarda (14 a 22)",,,
"369/2016","2016-09-17","2016","9","Dissabte","08:30:00","Fregament negatiu (mateix sentit)","2","El Mercat","818460009","Ajuntament de Rubí","Matí (06 a 14)","41.4918404989","2.0382377379","MULTILINESTRING ((419718.0740834033 4593804.695897854, 419718.1542445378 4593804.879130473))"
"369/2016","2016-09-17","2016","9","Dissabte","08:30:00","Fregament negatiu (mateix sentit)","2","El Mercat","818460009","Ajuntament de Rubí","Matí (06 a 14)",,,
"370/2016","2016-09-18","2016","9","Diumenge","00:10:00","Sortida de via amb caiguda, bolcada, xoc","1","Can Rosés","818460009","Ajuntament de Rubí","Nit (22 a 06)",,,
"371/2016","2016-09-18","2016","9","Diumenge","14:45:00","Envestida","2","Centre","818460009","Ajuntament de Rubí","Tarda (14 a 22)",,,
"372/2016","2016-09-18","2016","9","Diumenge","16:50:00","Múltiple","3","Can Serrafossà - La Perla","818460009","Ajuntament de Rubí","Tarda (14 a 22)",,,
"373/2016","2016-09-19","2016","9","Dilluns","07:30:00","Fregament negatiu (mateix sentit)","2","Sant Muç","818460009","Ajuntament de Rubí","Matí (06 a 14)",,,
"374/2016","2016-09-20","2016","9","Dimarts","16:45:00","Xoc sense sortida de via","2","Centre","818460009","Ajuntament de Rubí","Tarda (14 a 22)","41.492425547","2.0306856795","MULTILINESTRING ((419088.3363089104 4593876.78074538, 419088.53627854725 4593876.7772605065))"
"374/2016","2016-09-20","2016","9","Dimarts","16:45:00","Xoc sense sortida de via","2","Centre","818460009","Ajuntament de Rubí","Tarda (14 a 22)",,,
"375/2016","2016-09-21","2016","9","Dimecres","18:25:00","Envestida","2","El Progrés - Rubí 2000","818460009","Ajuntament de Rubí","Tarda (14 a 22)",,,
"376/2016","2016-09-21","2016","9","Dimecres","20:20:00","Envestida","2","Centre","818460009","Ajuntament de Rubí","Tarda (14 a 22)",,,
"377/2016","2016-09-22","2016","9","Dijous","10:20:00","Encalç","2","Plana de Can Bertran","818460009","Ajuntament de Rubí","Matí (06 a 14)",,,
"378/2016","2016-09-22","2016","9","Dijous","17:40:00","Fregament negatiu (mateix sentit)","2","El Progrés - Rubí 2000","818460009","Ajuntament de Rubí","Tarda (14 a 22)",,,
"379/2016","2016-09-22","2016","9","Dijous","17:55:00","Envestida","2","Zona Desconeguda","818460009","Ajuntament de Rubí","Tarda (14 a 22)",,,
"381/2016","2016-09-23","2016","9","Divendres","08:45:00","Envestida","3","Ca n'Oriol","818460009","Ajuntament de Rubí","Matí (06 a 14)","41.4973047266","2.0390232142","MULTILINESTRING ((419790.4265976357 4594410.602608448, 419790.4203635144 4594410.802511265))"
"381/2016","2016-09-23","2016","9","Divendres","08:45:00","Envestida","3","Ca n'Oriol","818460009","Ajuntament de Rubí","Matí (06 a 14)",,,
"384/2016","2016-09-23","2016","9","Divendres","09:15:00","Xoc sense sortida de via","2","Les Torres","818460009","Ajuntament de Rubí","Matí (06 a 14)","41.4844495704","2.0318970869","MULTILINESTRING ((419179.6636095644 4592990.244224668, 419179.625446086 4592990.047899558))"
"384/2016","2016-09-23","2016","9","Divendres","09:15:00","Xoc sense sortida de via","2","Les Torres","818460009","Ajuntament de Rubí","Matí (06 a 14)",,,
"380/2016","2016-09-23","2016","9","Divendres","09:35:00","Xoc sense sortida de via","1","Centre","818460009","Ajuntament de Rubí","Matí (06 a 14)",,,
"382/2016","2016-09-23","2016","9","Divendres","16:00:00","Fregament negatiu (mateix sentit)","2","Centre","818460009","Ajuntament de Rubí","Tarda (14 a 22)",,,
"383/2016","2016-09-24","2016","9","Dissabte","19:35:00","Encalç","2","Sant Jordi Parc","818460009","Ajuntament de Rubí","Tarda (14 a 22)",,,
"385/2016","2016-09-25","2016","9","Diumenge","05:30:00","Xoc sense sortida de via","1","Zona Desconeguda","818460009","Ajuntament de Rubí","Nit (22 a 06)",,,
"386/2016","2016-09-27","2016","9","Dimarts","07:02:00","Envestida","2","Can Vallhonrat","818460009","Ajuntament de Rubí","Matí (06 a 14)","41.4741889365","2.0311625954","MULTILINESTRING ((419105.6664662536 4591851.686061168, 419105.4665883382 4591851.693048223))"
"386/2016","2016-09-27","2016","9","Dimarts","07:02:00","Envestida","2","Can Vallhonrat","818460009","Ajuntament de Rubí","Matí (06 a 14)",,,
"387/2016","2016-09-27","2016","9","Dimarts","12:37:00","Encalç","3","Zona Desconeguda","818460009","Ajuntament de Rubí","Matí (06 a 14)",,,
"388/2016","2016-09-27","2016","9","Dimarts","13:40:00","Encalç","3","Can Vallhonrat","818460009","Ajuntament de Rubí","Matí (06 a 14)","41.4741889365","2.0311625954","MULTILINESTRING ((419105.6664662536 4591851.686061168, 419105.4665883382 4591851.693048223))"
"388/2016","2016-09-27","2016","9","Dimarts","13:40:00","Encalç","3","Can Vallhonrat","818460009","Ajuntament de Rubí","Matí (06 a 14)",,,
"391/2016","2016-09-27","2016","9","Dimarts","13:55:00","Atropellament","2","Plana de Can Bertran","818460009","Ajuntament de Rubí","Matí (06 a 14)","41.4942739383","2.0353138334","MULTILINESTRING ((419477.05419574946 4594077.769000762, 419477.05786099925 4594077.569034349))"
"391/2016","2016-09-27","2016","9","Dimarts","13:55:00","Atropellament","2","Plana de Can Bertran","818460009","Ajuntament de Rubí","Matí (06 a 14)",,,
"389/2016","2016-09-27","2016","9","Dimarts","19:35:00","Xoc sense sortida de via","2","Centre","818460009","Ajuntament de Rubí","Tarda (14 a 22)",,,
"390/2016","2016-09-28","2016","9","Dimecres","00:55:00","Xoc sense sortida de via","3","Centre","818460009","Ajuntament de Rubí","Nit (22 a 06)",,,
"392/2016","2016-09-28","2016","9","Dimecres","18:30:00","Envestida","2","Sant Muç","818460009","Ajuntament de Rubí","Tarda (14 a 22)",,,
"393/2016","2016-09-29","2016","9","Dijous","05:45:00","Atropellament","2","Centre","818460009","Ajuntament de Rubí","Nit (22 a 06)",,,
"395/2016","2016-09-29","2016","9","Dijous","17:00:00","Atropellament","2","Centre","818460009","Ajuntament de Rubí","Tarda (14 a 22)",,,
"396/2016","2016-09-30","2016","9","Divendres","09:18:00","Fregament negatiu (mateix sentit)","2","Can Fatjó","818460009","Ajuntament de Rubí","Matí (06 a 14)",,,
"394/2016","2016-09-30","2016","9","Divendres","15:07:00","Envestida","2","Sector Z","818460009","Ajuntament de Rubí","Tarda (14 a 22)",,,
"397/2016","2016-10-01","2016","10","Dissabte","06:15:00","Encalç","2","El Progrés - Rubí 2000","818460009","Ajuntament de Rubí","Matí (06 a 14)",,,
"398/2016","2016-10-01","2016","10","Dissabte","10:35:00","Encalç","2","El Mercat","818460009","Ajuntament de Rubí","Matí (06 a 14)",,,
"399/2016","2016-10-04","2016","10","Dimarts","19:00:00","Atropellament","2","Centre","818460009","Ajuntament de Rubí","Tarda (14 a 22)",,,
"400/2016","2016-10-05","2016","10","Dimecres","07:17:00","Xoc sense sortida de via","2","El Mercat","818460009","Ajuntament de Rubí","Matí (06 a 14)","41.4918404989","2.0382377379","MULTILINESTRING ((419718.0740834033 4593804.695897854, 419718.1542445378 4593804.879130473))"
"400/2016","2016-10-05","2016","10","Dimecres","07:17:00","Xoc sense sortida de via","2","El Mercat","818460009","Ajuntament de Rubí","Matí (06 a 14)",,,
"401/2016","2016-10-05","2016","10","Dimecres","14:35:00","Xoc sense sortida de via","2","Ca n'Oriol","818460009","Ajuntament de Rubí","Tarda (14 a 22)","41.5000678796","2.0406056427","MULTILINESTRING ((419925.9620303726 4594716.088782433, 419925.8560404966 4594715.9191765785))"
"401/2016","2016-10-05","2016","10","Dimecres","14:35:00","Xoc sense sortida de via","2","Ca n'Oriol","818460009","Ajuntament de Rubí","Tarda (14 a 22)",,,
"402/2016","2016-10-06","2016","10","Dijous","14:05:00","Envestida","2","Centre","818460009","Ajuntament de Rubí","Tarda (14 a 22)",,,
"403/2016","2016-10-07","2016","10","Divendres","18:00:00","Xoc sense sortida de via","1","Can Ximelis - D4","818460009","Ajuntament de Rubí","Tarda (14 a 22)",,,
"404/2016","2016-10-08","2016","10","Dissabte","21:10:00","Encalç","2","Centre","818460009","Ajuntament de Rubí","Tarda (14 a 22)",,,
"405/2016","2016-10-09","2016","10","Diumenge","05:40:00","Envestida","2","Centre","818460009","Ajuntament de Rubí","Nit (22 a 06)",,,
"407/2016","2016-10-10","2016","10","Dilluns","12:05:00","Xoc sense sortida de via","2","Plana de Can Bertran","818460009","Ajuntament de Rubí","Matí (06 a 14)","41.4942739383","2.0353138334","MULTILINESTRING ((419477.05419574946 4594077.769000762, 419477.05786099925 4594077.569034349))"
"407/2016","2016-10-10","2016","10","Dilluns","12:05:00","Xoc sense sortida de via","2","Plana de Can Bertran","818460009","Ajuntament de Rubí","Matí (06 a 14)",,,
"408/2016","2016-10-11","2016","10","Dimarts","10:30:00","Envestida","2","Zona Nord - La Serreta","818460009","Ajuntament de Rubí","Matí (06 a 14)","41.4975273736","2.0322710714","MULTILINESTRING ((419227.15016689315 4594441.800156481, 419227.07848919084 4594441.613441974))"
"408/2016","2016-10-11","2016","10","Dimarts","10:30:00","Envestida","2","Zona Nord - La Serreta","818460009","Ajuntament de Rubí","Matí (06 a 14)",,,
"406/2016","2016-10-11","2016","10","Dimarts","12:15:00","Encalç","2","Zona Desconeguda","818460009","Ajuntament de Rubí","Matí (06 a 14)",,,
"409/2016","2016-10-12","2016","10","Dimecres","12:40:00","Xoc sense sortida de via","2","Zona Desconeguda","818460009","Ajuntament de Rubí","Matí (06 a 14)",,,
"410/2016","2016-10-12","2016","10","Dimecres","18:10:00","Col·lisió frontal","2","Zona Desconeguda","818460009","Ajuntament de Rubí","Tarda (14 a 22)",,,
"411/2016","2016-10-13","2016","10","Dijous","14:30:00","Altres (incendi, explosió, esllavissada, etc.)","1","Ca n'Oriol","818460009","Ajuntament de Rubí","Tarda (14 a 22)",,,
"412/2016","2016-10-13","2016","10","Dijous","15:55:00","Fregament positiu (diferent sentit)","2","Sant Jordi Parc","818460009","Ajuntament de Rubí","Tarda (14 a 22)",,,
"413/2016","2016-10-13","2016","10","Dijous","18:10:00","Col·lisió frontal","2","Castellnou - Can Mir","818460009","Ajuntament de Rubí","Tarda (14 a 22)",,,
"414/2016","2016-10-14","2016","10","Divendres","11:16:00","Encalç","2","Sector Z","818460009","Ajuntament de Rubí","Matí (06 a 14)",,,
"415/2016","2016-10-14","2016","10","Divendres","12:30:00","Xoc sense sortida de via","1","Centre","818460009","Ajuntament de Rubí","Matí (06 a 14)",,,
"416/2016","2016-10-15","2016","10","Dissabte","09:45:00","Xoc sense sortida de via","2","Zona Desconeguda","818460009","Ajuntament de Rubí","Matí (06 a 14)",,,
"417/2016","2016-10-16","2016","10","Diumenge","10:40:00","Envestida","2","Sant Muç","818460009","Ajuntament de Rubí","Matí (06 a 14)","41.5032076782","2.0315828328","MULTILINESTRING ((419176.7528274474 4595073.081711749, 419176.71203659655 4595072.885915665))"
"417/2016","2016-10-16","2016","10","Diumenge","10:40:00","Envestida","2","Sant Muç","818460009","Ajuntament de Rubí","Matí (06 a 14)",,,
"418/2016","2016-10-17","2016","10","Dilluns","06:35:00","Encalç","2","Zona Desconeguda","818460009","Ajuntament de Rubí","Matí (06 a 14)",,,
"419/2016","2016-10-19","2016","10","Dimecres","11:45:00","Envestida","2","Centre","818460009","Ajuntament de Rubí","Matí (06 a 14)",,,
"420/2016","2016-10-20","2016","10","Dijous","10:00:00","Xoc sense sortida de via","2","Zona Desconeguda","818460009","Ajuntament de Rubí","Matí (06 a 14)",,,
"421/2016","2016-10-22","2016","10","Dissabte","01:30:00","Xoc sense sortida de via","3","El Progrés - Rubí 2000","818460009","Ajuntament de Rubí","Nit (22 a 06)",,,
"422/2016","2016-10-22","2016","10","Dissabte","01:42:00","Xoc sense sortida de via","2","25 de Setembre","818460009","Ajuntament de Rubí","Nit (22 a 06)",,,
"423/2016","2016-10-22","2016","10","Dissabte","07:00:00","Sortida de via amb caiguda, bolcada, xoc","1","Zona Desconeguda","818460009","Ajuntament de Rubí","Matí (06 a 14)",,,
"424/2016","2016-10-23","2016","10","Diumenge","01:00:00","Sortida de via amb caiguda, bolcada, xoc","1","Sant Muç","818460009","Ajuntament de Rubí","Nit (22 a 06)",,,
"425/2016","2016-10-23","2016","10","Diumenge","19:10:00","Simple","2","Zona Desconeguda","818460009","Ajuntament de Rubí","Tarda (14 a 22)",,,
"426/2016","2016-10-24","2016","10","Dilluns","12:16:00","Xoc sense sortida de via","2","Can Fatjó","818460009","Ajuntament de Rubí","Matí (06 a 14)","41.4732890296","2.0201262592","MULTILINESTRING ((418183.02835257613 4591762.174991426, 418182.8303701016 4591762.1466552345))"
"426/2016","2016-10-24","2016","10","Dilluns","12:16:00","Xoc sense sortida de via","2","Can Fatjó","818460009","Ajuntament de Rubí","Matí (06 a 14)",,,
"427/2016","2016-10-24","2016","10","Dilluns","14:00:00","Sortida de via amb caiguda, bolcada, xoc","1","Can Rosés","818460009","Ajuntament de Rubí","Tarda (14 a 22)",,,
"428/2016","2016-10-25","2016","10","Dimarts","07:30:00","Múltiple","3","Zona Desconeguda","818460009","Ajuntament de Rubí","Matí (06 a 14)",,,
"429/2016","2016-10-25","2016","10","Dimarts","08:10:00","Envestida","4","Can Rosés","818460009","Ajuntament de Rubí","Matí (06 a 14)",,,
"430/2016","2016-10-25","2016","10","Dimarts","11:30:00","Fregament negatiu (mateix sentit)","2","Zona Desconeguda","818460009","Ajuntament de Rubí","Matí (06 a 14)",,,
"431/2016","2016-10-26","2016","10","Dimecres","07:55:00","Encalç","2","Can Fatjó","818460009","Ajuntament de Rubí","Matí (06 a 14)",,,
"432/2016","2016-10-26","2016","10","Dimecres","11:15:00","Encalç","2","Centre","818460009","Ajuntament de Rubí","Matí (06 a 14)",,,
"433/2016","2016-10-26","2016","10","Dimecres","12:50:00","Encalç","2","Zona Desconeguda","818460009","Ajuntament de Rubí","Matí (06 a 14)",,,
"434/2016","2016-10-27","2016","10","Dijous","08:00:00","Envestida","2","Plana de Can Bertran","818460009","Ajuntament de Rubí","Matí (06 a 14)",,,
"435/2016","2016-10-27","2016","10","Dijous","13:50:00","Xoc sense sortida de via","1","Castellnou - Can Mir","818460009","Ajuntament de Rubí","Matí (06 a 14)","41.5289207686","2.0025724339","MULTILINESTRING ((416788.55374459754 4597955.176619906, 416788.3718594635 4597955.259793206))"
"435/2016","2016-10-27","2016","10","Dijous","13:50:00","Xoc sense sortida de via","1","Castellnou - Can Mir","818460009","Ajuntament de Rubí","Matí (06 a 14)",,,
"436/2016","2016-10-27","2016","10","Dijous","18:25:00","Xoc sense sortida de via","2","El Mercat","818460009","Ajuntament de Rubí","Tarda (14 a 22)","41.4870176574","2.0383856139","MULTILINESTRING ((419724.4850904355 4593269.115875331, 419724.52325391385 4593269.312200441))"
"436/2016","2016-10-27","2016","10","Dijous","18:25:00","Xoc sense sortida de via","2","El Mercat","818460009","Ajuntament de Rubí","Tarda (14 a 22)",,,
"437/2016","2016-10-28","2016","10","Divendres","07:40:00","Sortida de via amb caiguda, bolcada, xoc","1","Sant Muç","818460009","Ajuntament de Rubí","Matí (06 a 14)",,,
"438/2016","2016-10-29","2016","10","Dissabte","07:40:00","Xoc sense sortida de via","2","Zona Nord - La Serreta","818460009","Ajuntament de Rubí","Matí (06 a 14)","41.5009011619","2.0331727926","MULTILINESTRING ((419306.5396752806 4594815.330344857, 419306.5944670407 4594815.522693141))"
"438/2016","2016-10-29","2016","10","Dissabte","07:40:00","Xoc sense sortida de via","2","Zona Nord - La Serreta","818460009","Ajuntament de Rubí","Matí (06 a 14)",,,
"439/2016","2016-10-30","2016","10","Diumenge","09:30:00","Xoc sense sortida de via","1","Centre","818460009","Ajuntament de Rubí","Matí (06 a 14)",,,
"440/2016","2016-11-02","2016","11","Dimecres","14:00:00","Col·lisió frontal","2","Centre","818460009","Ajuntament de Rubí","Tarda (14 a 22)",,,
"441/2016","2016-11-03","2016","11","Dijous","08:20:00","Múltiple","2","El Progrés - Rubí 2000","818460009","Ajuntament de Rubí","Matí (06 a 14)",,,
"446/2016","2016-11-05","2016","11","Dissabte","03:20:00","Xoc sense sortida de via","1","Can Rosés","818460009","Ajuntament de Rubí","Nit (22 a 06)","41.5046356553","2.0410097403","MULTILINESTRING ((419965.3498920521 4595222.702182194, 419965.1736227361 4595222.796676259))"
"446/2016","2016-11-05","2016","11","Dissabte","03:20:00","Xoc sense sortida de via","1","Can Rosés","818460009","Ajuntament de Rubí","Nit (22 a 06)",,,
"442/2016","2016-11-05","2016","11","Dissabte","18:00:00","Xoc sense sortida de via","1","Castellnou - Can Mir","818460009","Ajuntament de Rubí","Tarda (14 a 22)",,,
"443/2016","2016-11-07","2016","11","Dilluns","07:15:00","Envestida","2","Centre","818460009","Ajuntament de Rubí","Matí (06 a 14)",,,
"444/2016","2016-11-07","2016","11","Dilluns","07:25:00","Atropellament","2","Can Rosés","818460009","Ajuntament de Rubí","Matí (06 a 14)","41.5050623822","2.0397985235","MULTILINESTRING ((419864.6108092944 4595271.288455919, 419864.7929790592 4595271.205907891))"
"444/2016","2016-11-07","2016","11","Dilluns","07:25:00","Atropellament","2","Can Rosés","818460009","Ajuntament de Rubí","Matí (06 a 14)",,,
"445/2016","2016-11-07","2016","11","Dilluns","11:00:00","Envestida","2","Centre","818460009","Ajuntament de Rubí","Matí (06 a 14)",,,
"447/2016","2016-11-07","2016","11","Dilluns","18:37:00","Col·lisió frontal","2","Centre","818460009","Ajuntament de Rubí","Tarda (14 a 22)","41.4898064014","2.0301101506","MULTILINESTRING ((419037.23195559037 4593586.521382838, 419037.0346074538 4593586.553843783))"
"447/2016","2016-11-07","2016","11","Dilluns","18:37:00","Col·lisió frontal","2","Centre","818460009","Ajuntament de Rubí","Tarda (14 a 22)",,,
"448/2016","2016-11-08","2016","11","Dimarts","06:30:00","Encalç","2","Zona Desconeguda","818460009","Ajuntament de Rubí","Matí (06 a 14)",,,
"449/2016","2016-11-08","2016","11","Dimarts","18:25:00","Envestida","2","Sector Z","818460009","Ajuntament de Rubí","Tarda (14 a 22)",,,
"450/2016","2016-11-09","2016","11","Dimecres","06:40:00","Encalç","1","Can Rosés","818460009","Ajuntament de Rubí","Matí (06 a 14)",,,
"451/2016","2016-11-09","2016","11","Dimecres","14:20:00","Xoc sense sortida de via","2","Can Barceló - Vallespark","818460009","Ajuntament de Rubí","Tarda (14 a 22)","41.5294596423","1.9915971475","MULTILINESTRING ((415873.46964052704 4598025.588029463, 415873.5775207028 4598025.7564392835))"
"451/2016","2016-11-09","2016","11","Dimecres","14:20:00","Xoc sense sortida de via","2","Can Barceló - Vallespark","818460009","Ajuntament de Rubí","Tarda (14 a 22)",,,
"452/2016","2016-11-10","2016","11","Dijous","10:20:00","Envestida","2","Ca n'Oriol","818460009","Ajuntament de Rubí","Matí (06 a 14)",,,
"453/2016","2016-11-11","2016","11","Divendres","06:05:00","Xoc sense sortida de via","1","Zona Nord - La Serreta","818460009","Ajuntament de Rubí","Matí (06 a 14)",,,
"454/2016","2016-11-11","2016","11","Divendres","15:20:00","Envestida","2","El Progrés - Rubí 2000","818460009","Ajuntament de Rubí","Tarda (14 a 22)",,,
"455/2016","2016-11-12","2016","11","Dissabte","13:38:00","Altres (incendi, explosió, esllavissada, etc.)","1","Sant Jordi Parc","818460009","Ajuntament de Rubí","Matí (06 a 14)","41.4895029222","2.0208295982","MULTILINESTRING ((418261.9357999988 4593561.575469999, 418262.13579999853 4593561.575459999))"
"455/2016","2016-11-12","2016","11","Dissabte","13:38:00","Altres (incendi, explosió, esllavissada, etc.)","1","Sant Jordi Parc","818460009","Ajuntament de Rubí","Matí (06 a 14)",,,
"456/2016","2016-11-12","2016","11","Dissabte","15:30:00","Envestida","2","Ca n'Alzamora","818460009","Ajuntament de Rubí","Tarda (14 a 22)","41.4831196826","2.0315903387","MULTILINESTRING ((419152.4327063898 4592842.70091893, 419152.33270851994 4592842.874125242))"
"456/2016","2016-11-12","2016","11","Dissabte","15:30:00","Envestida","2","Ca n'Alzamora","818460009","Ajuntament de Rubí","Tarda (14 a 22)",,,
"457/2016","2016-11-12","2016","11","Dissabte","23:10:00","Fregament negatiu (mateix sentit)","2","Zona Nord - La Serreta","818460009","Ajuntament de Rubí","Nit (22 a 06)","41.4996687334","2.0350133311","MULTILINESTRING ((419458.5584843246 4594676.902109237, 419458.75544576615 4594676.867378984))"
"457/2016","2016-11-12","2016","11","Dissabte","23:10:00","Fregament negatiu (mateix sentit)","2","Zona Nord - La Serreta","818460009","Ajuntament de Rubí","Nit (22 a 06)",,,
"459/2016","2016-11-14","2016","11","Dilluns","11:35:00","Xoc sense sortida de via","1","Centre","818460009","Ajuntament de Rubí","Matí (06 a 14)","41.4898760815","2.0307213393","MULTILINESTRING ((419088.1748115838 4593593.626033367, 419088.3059821117 4593593.777011155))"
"459/2016","2016-11-14","2016","11","Dilluns","11:35:00","Xoc sense sortida de via","1","Centre","818460009","Ajuntament de Rubí","Matí (06 a 14)",,,
"458/2016","2016-11-14","2016","11","Dilluns","11:40:00","Xoc sense sortida de via","1","Centre","818460009","Ajuntament de Rubí","Matí (06 a 14)","41.4917970893","2.0336085542","MULTILINESTRING ((419331.70999224694 4593804.204291586, 419331.57105632935 4593804.348155448))"
"458/2016","2016-11-14","2016","11","Dilluns","11:40:00","Xoc sense sortida de via","1","Centre","818460009","Ajuntament de Rubí","Matí (06 a 14)",,,
"460/2016","2016-11-16","2016","11","Dimecres","10:00:00","Xoc sense sortida de via","2","Zona Desconeguda","818460009","Ajuntament de Rubí","Matí (06 a 14)",,,
"461/2016","2016-11-16","2016","11","Dimecres","11:30:00","Xoc sense sortida de via","1","El Progrés - Rubí 2000","818460009","Ajuntament de Rubí","Matí (06 a 14)",,,
"462/2016","2016-11-16","2016","11","Dimecres","15:30:00","Xoc sense sortida de via","2","Ca n'Oriol","818460009","Ajuntament de Rubí","Tarda (14 a 22)","41.4981211636","2.0425858778","MULTILINESTRING ((420088.8685041889 4594498.112582041, 420088.72033891856 4594497.978242722))"
"462/2016","2016-11-16","2016","11","Dimecres","15:30:00","Xoc sense sortida de via","2","Ca n'Oriol","818460009","Ajuntament de Rubí","Tarda (14 a 22)",,,
"464/2016","2016-11-17","2016","11","Dijous","08:15:00","Envestida","2","Zona Desconeguda","818460009","Ajuntament de Rubí","Matí (06 a 14)",,,
"463/2016","2016-11-17","2016","11","Dijous","15:30:00","Encalç","2","Zona Nord - La Serreta","818460009","Ajuntament de Rubí","Tarda (14 a 22)","41.4946935828","2.0366311982","MULTILINESTRING ((419587.4518968496 4594122.980928719, 419587.62332913285 4594123.083938294))"
"463/2016","2016-11-17","2016","11","Dijous","15:30:00","Encalç","2","Zona Nord - La Serreta","818460009","Ajuntament de Rubí","Tarda (14 a 22)",,,
"473/2016","2016-11-17","2016","11","Dijous","15:40:00","Xoc sense sortida de via","2","Zona Nord - La Serreta","818460009","Ajuntament de Rubí","Tarda (14 a 22)",,,
"465/2016","2016-11-18","2016","11","Divendres","15:55:00","Xoc sense sortida de via","3","Zona Nord - La Serreta","818460009","Ajuntament de Rubí","Tarda (14 a 22)",,,
"467/2016","2016-11-19","2016","11","Dissabte","14:00:00","Envestida","2","Zona Nord - La Serreta","818460009","Ajuntament de Rubí","Tarda (14 a 22)",,,
"466/2016","2016-11-19","2016","11","Dissabte","19:40:00","Xoc sense sortida de via","2","Zona Desconeguda","818460009","Ajuntament de Rubí","Tarda (14 a 22)",,,
"468/2016","2016-11-19","2016","11","Dissabte","22:40:00","Altres (incendi, explosió, esllavissada, etc.)","2","Zona Desconeguda","818460009","Ajuntament de Rubí","Nit (22 a 06)",,,
"469/2016","2016-11-21","2016","11","Dilluns","09:35:00","Col·lisió frontal","2","Zona Desconeguda","818460009","Ajuntament de Rubí","Matí (06 a 14)",,,
"470/2016","2016-11-21","2016","11","Dilluns","09:35:00","Fregament negatiu (mateix sentit)","2","Can Vallhonrat","818460009","Ajuntament de Rubí","Matí (06 a 14)","41.4741889365","2.0311625954","MULTILINESTRING ((419105.6664662536 4591851.686061168, 419105.4665883382 4591851.693048223))"
"470/2016","2016-11-21","2016","11","Dilluns","09:35:00","Fregament negatiu (mateix sentit)","2","Can Vallhonrat","818460009","Ajuntament de Rubí","Matí (06 a 14)",,,
"471/2016","2016-11-21","2016","11","Dilluns","10:40:00","Envestida","2","Plana de Can Bertran","818460009","Ajuntament de Rubí","Matí (06 a 14)","41.4924556662","2.0385026981","MULTILINESTRING ((419740.99512209196 4593872.738096393, 419740.98692945595 4593872.937928525))"
"471/2016","2016-11-21","2016","11","Dilluns","10:40:00","Envestida","2","Plana de Can Bertran","818460009","Ajuntament de Rubí","Matí (06 a 14)",,,
"472/2016","2016-11-21","2016","11","Dilluns","12:45:00","Atropellament","2","Zona Nord - La Serreta","818460009","Ajuntament de Rubí","Matí (06 a 14)","41.4980439156","2.0375124448","MULTILINESTRING ((419665.1588733766 4594494.107733216, 419665.3142645023 4594494.233644289))"
"472/2016","2016-11-21","2016","11","Dilluns","12:45:00","Atropellament","2","Zona Nord - La Serreta","818460009","Ajuntament de Rubí","Matí (06 a 14)",,,
"474/2016","2016-11-21","2016","11","Dilluns","18:40:00","Envestida","2","Can Rosés","818460009","Ajuntament de Rubí","Tarda (14 a 22)",,,
"475/2016","2016-11-22","2016","11","Dimarts","20:20:00","Sortida de via amb caiguda, bolcada, xoc","1","Zona Desconeguda","818460009","Ajuntament de Rubí","Tarda (14 a 22)",,,
"476/2016","2016-11-24","2016","11","Dijous","09:25:00","Encalç","2","Zona Nord - La Serreta","818460009","Ajuntament de Rubí","Matí (06 a 14)","41.4991491904","2.0379641884","MULTILINESTRING ((419704.2992870497 4594616.36018868, 419704.3156493997 4594616.55951824))"
"476/2016","2016-11-24","2016","11","Dijous","09:25:00","Encalç","2","Zona Nord - La Serreta","818460009","Ajuntament de Rubí","Matí (06 a 14)",,,
"477/2016","2016-11-24","2016","11","Dijous","11:03:00","Envestida","2","Can Fatjó","818460009","Ajuntament de Rubí","Matí (06 a 14)",,,
"478/2016","2016-11-24","2016","11","Dijous","14:15:00","Fregament negatiu (mateix sentit)","2","Zona Desconeguda","818460009","Ajuntament de Rubí","Tarda (14 a 22)",,,
"479/2016","2016-11-24","2016","11","Dijous","14:49:00","Fregament negatiu (mateix sentit)","2","Sector Z","818460009","Ajuntament de Rubí","Tarda (14 a 22)",,,
"480/2016","2016-11-24","2016","11","Dijous","18:00:00","Xoc sense sortida de via","2","Centre","818460009","Ajuntament de Rubí","Tarda (14 a 22)",,,
"481/2016","2016-11-25","2016","11","Divendres","04:38:00","Sortida de via amb caiguda, bolcada, xoc","1","Zona Desconeguda","818460009","Ajuntament de Rubí","Nit (22 a 06)",,,
"482/2016","2016-11-25","2016","11","Divendres","08:52:00","Envestida","2","Les Torres","818460009","Ajuntament de Rubí","Matí (06 a 14)",,,
"484/2016","2016-11-26","2016","11","Dissabte","10:10:00","Envestida","2","Sant Jordi Parc","818460009","Ajuntament de Rubí","Matí (06 a 14)","41.4902546539","2.0207675673","MULTILINESTRING ((418257.8422319258 4593645.000264074, 418257.76304256765 4593645.183918764))"
"484/2016","2016-11-26","2016","11","Dissabte","10:10:00","Envestida","2","Sant Jordi Parc","818460009","Ajuntament de Rubí","Matí (06 a 14)",,,
"483/2016","2016-11-26","2016","11","Dissabte","21:30:00","Sortida de via amb caiguda, bolcada, xoc","1","Zona Desconeguda","818460009","Ajuntament de Rubí","Tarda (14 a 22)",,,
"485/2016","2016-11-29","2016","11","Dimarts","18:20:00","Envestida","2","Centre","818460009","Ajuntament de Rubí","Tarda (14 a 22)",,,
"486/2016","2016-11-29","2016","11","Dimarts","22:05:00","Sortida de via amb caiguda, bolcada, xoc","1","Castellnou - Can Mir","818460009","Ajuntament de Rubí","Nit (22 a 06)",,,
"487/2016","2016-11-30","2016","11","Dimecres","06:45:00","Envestida","2","Centre","818460009","Ajuntament de Rubí","Matí (06 a 14)",,,
"488/2016","2016-11-30","2016","11","Dimecres","07:00:00","Encalç","2","El Mercat","818460009","Ajuntament de Rubí","Matí (06 a 14)",,,
"489/2016","2016-11-30","2016","11","Dimecres","08:00:00","Fregament positiu (diferent sentit)","2","Zona Desconeguda","818460009","Ajuntament de Rubí","Matí (06 a 14)",,,
"490/2016","2016-12-01","2016","12","Dijous","12:45:00","Fregament negatiu (mateix sentit)","2","Zona Desconeguda","818460009","Ajuntament de Rubí","Matí (06 a 14)",,,
"491/2016","2016-12-01","2016","12","Dijous","16:00:00","Xoc sense sortida de via","1","Sant Muç","818460009","Ajuntament de Rubí","Tarda (14 a 22)",,,
"492/2016","2016-12-02","2016","12","Divendres","14:00:00","Atropellament","2","El Mercat","818460009","Ajuntament de Rubí","Tarda (14 a 22)","41.4872958942","2.0384568164","MULTILINESTRING ((419730.7725904353 4593299.939875331, 419730.8107539137 4593300.136200441))"
"492/2016","2016-12-02","2016","12","Divendres","14:00:00","Atropellament","2","El Mercat","818460009","Ajuntament de Rubí","Tarda (14 a 22)",,,
"493/2016","2016-12-02","2016","12","Divendres","19:30:00","Col·lisió frontal","2","Can Fatjó","818460009","Ajuntament de Rubí","Tarda (14 a 22)",,,
"494/2016","2016-12-04","2016","12","Diumenge","09:50:00","Envestida","2","Centre","818460009","Ajuntament de Rubí","Matí (06 a 14)",,,
"495/2016","2016-12-04","2016","12","Diumenge","10:07:00","Sortida de via amb caiguda, bolcada, xoc","1","Zona Desconeguda","818460009","Ajuntament de Rubí","Matí (06 a 14)",,,
"496/2016","2016-12-07","2016","12","Dimecres","19:30:00","Atropellament","2","Centre","818460009","Ajuntament de Rubí","Tarda (14 a 22)",,,
"497/2016","2016-12-07","2016","12","Dimecres","21:40:00","Envestida","2","Can Rosés","818460009","Ajuntament de Rubí","Tarda (14 a 22)",,,
"498/2016","2016-12-08","2016","12","Dijous","05:45:00","Xoc sense sortida de via","2","Plana de Can Bertran","818460009","Ajuntament de Rubí","Nit (22 a 06)","41.4917793066","2.0372113688","MULTILINESTRING ((419632.3309119977 4593798.852450946, 419632.3944159971 4593799.042101262))"
"498/2016","2016-12-08","2016","12","Dijous","05:45:00","Xoc sense sortida de via","2","Plana de Can Bertran","818460009","Ajuntament de Rubí","Nit (22 a 06)",,,
"499/2016","2016-12-08","2016","12","Dijous","15:25:00","Xoc sense sortida de via","1","Castellnou - Can Mir","818460009","Ajuntament de Rubí","Tarda (14 a 22)",,,
"500/2016","2016-12-09","2016","12","Divendres","19:00:00","Envestida","2","Plana de Can Bertran","818460009","Ajuntament de Rubí","Tarda (14 a 22)",,,
"501/2016","2016-12-11","2016","12","Diumenge","21:00:00","Fregament positiu (diferent sentit)","1","Can Rosés","818460009","Ajuntament de Rubí","Tarda (14 a 22)","41.5035659483","2.0347303519","MULTILINESTRING ((419439.80708097987 4595109.743000393, 419439.93064130645 4595109.90026719))"
"501/2016","2016-12-11","2016","12","Diumenge","21:00:00","Fregament positiu (diferent sentit)","1","Can Rosés","818460009","Ajuntament de Rubí","Tarda (14 a 22)",,,
"502/2016","2016-12-12","2016","12","Dilluns","06:16:00","Envestida","2","Centre","818460009","Ajuntament de Rubí","Matí (06 a 14)",,,
"503/2016","2016-12-12","2016","12","Dilluns","12:35:00","Atropellament","2","Zona Nord - La Serreta","818460009","Ajuntament de Rubí","Matí (06 a 14)","41.4962874717","2.0319566872","MULTILINESTRING ((419199.2716784723 4594304.424809777, 419199.39300462964 4594304.265813036))"
"503/2016","2016-12-12","2016","12","Dilluns","12:35:00","Atropellament","2","Zona Nord - La Serreta","818460009","Ajuntament de Rubí","Matí (06 a 14)",,,
"504/2016","2016-12-13","2016","12","Dimarts","08:15:00","Col·lisió frontal","3","Centre","818460009","Ajuntament de Rubí","Matí (06 a 14)",,,
"505/2016","2016-12-15","2016","12","Dijous","05:45:00","Atropellament","2","Can Vallhonrat","818460009","Ajuntament de Rubí","Nit (22 a 06)","41.4741815037","2.0309156218","MULTILINESTRING ((419085.0355662543 4591851.091861168, 419084.8356883389 4591851.098848224))"
"505/2016","2016-12-15","2016","12","Dijous","05:45:00","Atropellament","2","Can Vallhonrat","818460009","Ajuntament de Rubí","Nit (22 a 06)",,,
"506/2016","2016-12-16","2016","12","Divendres","02:45:00","Xoc sense sortida de via","1","Can Solà","818460009","Ajuntament de Rubí","Nit (22 a 06)","41.5346349673","2.0035670559","MULTILINESTRING ((416878.8296263532 4598588.59271256, 416878.68486847106 4598588.730716747))"
"506/2016","2016-12-16","2016","12","Divendres","02:45:00","Xoc sense sortida de via","1","Can Solà","818460009","Ajuntament de Rubí","Nit (22 a 06)",,,
"507/2016","2016-12-16","2016","12","Divendres","09:35:00","Xoc sense sortida de via","1","Can Rosés","818460009","Ajuntament de Rubí","Matí (06 a 14)",,,
"509/2016","2016-12-16","2016","12","Divendres","20:30:00","Envestida","2","Zona Nord - La Serreta","818460009","Ajuntament de Rubí","Tarda (14 a 22)",,,
"508/2016","2016-12-16","2016","12","Divendres","21:05:00","Xoc sense sortida de via","1","Sant Muç","818460009","Ajuntament de Rubí","Tarda (14 a 22)",,,
"510/2016","2016-12-17","2016","12","Dissabte","07:00:00","Xoc sense sortida de via","1","Sector Z","818460009","Ajuntament de Rubí","Matí (06 a 14)",,,
"511/2016","2016-12-18","2016","12","Diumenge","20:15:00","Envestida","2","Can Rosés","818460009","Ajuntament de Rubí","Tarda (14 a 22)",,,
"512/2016","2016-12-19","2016","12","Dilluns","18:35:00","Altres (incendi, explosió, esllavissada, etc.)","1","Ca n'Alzamora","818460009","Ajuntament de Rubí","Tarda (14 a 22)","41.4831196826","2.0315903387","MULTILINESTRING ((419152.4327063898 4592842.70091893, 419152.33270851994 4592842.874125242))"
"512/2016","2016-12-19","2016","12","Dilluns","18:35:00","Altres (incendi, explosió, esllavissada, etc.)","1","Ca n'Alzamora","818460009","Ajuntament de Rubí","Tarda (14 a 22)",,,
"513/2016","2016-12-20","2016","12","Dimarts","17:50:00","Encalç","2","Zona Desconeguda","818460009","Ajuntament de Rubí","Tarda (14 a 22)",,,
"514/2016","2016-12-21","2016","12","Dimecres","09:10:00","Col·lisió frontal","2","Centre","818460009","Ajuntament de Rubí","Matí (06 a 14)",,,
"515/2016","2016-12-22","2016","12","Dijous","09:40:00","Fregament negatiu (mateix sentit)","3","Ca n'Alzamora","818460009","Ajuntament de Rubí","Matí (06 a 14)",,,
"516/2016","2016-12-24","2016","12","Dissabte","14:10:00","Envestida","2","Plana de Can Bertran","818460009","Ajuntament de Rubí","Tarda (14 a 22)","41.4929049654","2.0384729936","MULTILINESTRING ((419739.0702220919 4593922.647296394, 419739.06202945585 4593922.847128525))"
"516/2016","2016-12-24","2016","12","Dissabte","14:10:00","Envestida","2","Plana de Can Bertran","818460009","Ajuntament de Rubí","Tarda (14 a 22)",,,
"517/2016","2016-12-27","2016","12","Dimarts","21:30:00","Encalç","2","Zona Desconeguda","818460009","Ajuntament de Rubí","Tarda (14 a 22)",,,
"518/2016","2016-12-28","2016","12","Dimecres","16:20:00","Xoc sense sortida de via","2","El Progrés - Rubí 2000","818460009","Ajuntament de Rubí","Tarda (14 a 22)","41.4862915832","2.0363368187","MULTILINESTRING ((419552.5381333012 4593190.4139137585, 419552.6032444016 4593190.603018344))"
"518/2016","2016-12-28","2016","12","Dimecres","16:20:00","Xoc sense sortida de via","2","El Progrés - Rubí 2000","818460009","Ajuntament de Rubí","Tarda (14 a 22)",,,
"519/2016","2016-12-28","2016","12","Dimecres","17:15:00","Encalç","2","Centre","818460009","Ajuntament de Rubí","Tarda (14 a 22)",,,
"520/2016","2016-12-29","2016","12","Dijous","11:45:00","Xoc sense sortida de via","1","Can Fatjó","818460009","Ajuntament de Rubí","Matí (06 a 14)",,,
"522/2016","2016-12-29","2016","12","Dijous","16:30:00","Envestida","2","El Mercat","818460009","Ajuntament de Rubí","Tarda (14 a 22)",,,
"521/2016","2016-12-29","2016","12","Dijous","19:30:00","Encalç","2","El Pinar","818460009","Ajuntament de Rubí","Tarda (14 a 22)",,,
"523/2016","2016-12-31","2016","12","Dissabte","11:15:00","Col·lisió frontal","2","Centre","818460009","Ajuntament de Rubí","Matí (06 a 14)",,,
